participant,block,technique,target_number,repetition,tct_ms,n_subselections,n_distractors_subselected,n_targets_missed,n_distractors_final,n_grouped_final,hand_movement_m,hand_rotation_deg
0,0,FullDH,2,0,5780.8,2,0,0,1,3,0.3907,133.73
0,0,FullDH,4,0,6613.3,4,0,1,0,3,0.1924,248.48
0,0,FullDH,6,0,9446.1,6,0,0,0,6,0.4622,168.97
0,0,FullDH,2,1,5971.9,2,0,0,0,2,0.4507,170.23
0,0,FullDH,4,1,7665.1,4,0,0,1,5,0.2347,98.05
0,0,FullDH,6,1,8987.9,6,0,0,0,6,0.3507,70.07
0,0,FullDH,2,2,6538.3,2,0,0,0,2,0.4068,160.11
0,0,FullDH,4,2,7466.5,5,1,0,0,4,0.3618,125.47
0,0,FullDH,6,2,8665.6,6,0,0,0,6,0.492,161.66
0,0,FullDH,2,3,5600.4,2,0,0,1,3,0.3516,188.06
0,0,FullDH,4,3,7908.9,4,0,0,0,4,0.5538,123.44
0,0,FullDH,6,3,9167.8,6,0,0,1,7,0.3442,155.25
0,0,FullDH,2,4,6203.5,2,0,0,1,3,0.441,194.47
0,0,FullDH,4,4,7852.8,4,0,0,1,5,0.3998,173.95
0,0,FullDH,6,4,9996.9,6,0,1,1,6,0.3436,141.59
0,0,FullDH,2,5,5805.5,3,1,0,0,2,0.3376,176.04
0,0,FullDH,4,5,7861.5,4,0,0,0,4,0.3362,67.28
0,0,FullDH,6,5,8168.1,6,0,1,0,5,0.4235,181.02
0,0,FullDH,2,6,5276.7,2,0,0,1,3,0.0899,207.65
0,0,FullDH,4,6,7418.2,4,0,0,0,4,0.5207,94.86
0,0,FullDH,6,6,7914.3,7,1,0,0,6,0.4297,227.38
0,0,FullDH,2,7,6071.0,2,0,0,0,2,0.4539,237.26
0,0,FullDH,4,7,7133.4,4,0,0,0,4,0.8299,132.44
0,0,FullDH,6,7,8830.8,7,1,1,0,5,0.3702,203.44
0,0,FullDH,2,8,5099.9,2,0,0,0,2,0.4329,138.6
0,0,FullDH,4,8,6986.8,4,0,0,0,4,0.2567,70.5
0,0,FullDH,6,8,8973.6,6,0,0,0,6,0.639,157.18
0,0,FullDH,2,9,6022.3,2,0,0,0,2,0.1749,240.11
0,0,FullDH,4,9,7883.3,4,0,0,0,4,0.3125,127.21
0,0,FullDH,6,9,8990.3,6,0,0,0,6,0.1495,169.25
0,0,FullDH,2,10,5912.1,3,1,0,0,2,0.4323,119.75
0,0,FullDH,4,10,5403.3,4,0,0,0,4,0.5522,52.7
0,0,FullDH,6,10,8534.4,6,0,2,0,4,0.3573,213.03
0,0,FullDH,2,11,6260.3,2,0,0,1,3,0.2575,108.28
0,0,FullDH,4,11,7477.6,4,0,1,0,3,0.488,176.51
0,0,FullDH,6,11,8027.3,6,0,0,0,6,0.4306,101.84
0,0,FullDH,2,12,5041.6,2,0,0,0,2,0.4351,95.78
0,0,FullDH,4,12,6868.7,4,0,0,0,4,0.476,140.06
0,0,FullDH,6,12,8976.4,6,0,0,0,6,0.3599,129.59
0,0,FullDH,2,13,7020.2,2,0,0,1,3,0.6163,182.6
0,0,FullDH,4,13,7675.4,4,0,0,0,4,0.6706,181.66
0,0,FullDH,6,13,7564.8,8,2,2,0,4,0.395,88.75
0,0,FullDH,2,14,4749.1,2,0,0,0,2,0.2871,260.63
0,0,FullDH,4,14,7667.3,4,0,0,0,4,0.2993,159.31
0,0,FullDH,6,14,7857.6,6,0,0,1,7,0.2089,195.89
0,1,SemiTilt,2,0,7744.6,2,0,0,0,2,0.3759,219.52
0,1,SemiTilt,4,0,8091.2,4,0,0,0,4,0.4974,138.57
0,1,SemiTilt,6,0,9302.7,6,0,0,0,6,0.1971,191.84
0,1,SemiTilt,2,1,6691.5,2,0,1,1,2,0.2284,182.31
0,1,SemiTilt,4,1,7858.4,5,1,0,0,4,0.4146,100.58
0,1,SemiTilt,6,1,9541.9,6,0,0,1,7,0.4921,126.78
0,1,SemiTilt,2,2,6962.4,2,0,0,0,2,0.4725,205.0
0,1,SemiTilt,4,2,7775.5,4,0,0,0,4,0.4048,149.23
0,1,SemiTilt,6,2,9881.1,6,0,0,0,6,0.304,147.6
0,1,SemiTilt,2,3,6895.1,2,0,0,0,2,0.5843,84.23
0,1,SemiTilt,4,3,8603.3,4,0,0,0,4,0.4128,126.65
0,1,SemiTilt,6,3,9694.6,6,0,1,0,5,0.4783,196.26
0,1,SemiTilt,2,4,6377.9,2,0,0,0,2,0.0044,134.55
0,1,SemiTilt,4,4,8342.2,4,0,0,0,4,0.3913,81.45
0,1,SemiTilt,6,4,9399.5,7,1,1,0,5,0.5648,261.21
0,1,SemiTilt,2,5,7659.9,2,0,0,0,2,0.4439,133.11
0,1,SemiTilt,4,5,8307.2,4,0,0,0,4,0.5959,164.91
0,1,SemiTilt,6,5,9584.7,6,0,0,0,6,0.2313,6.22
0,1,SemiTilt,2,6,7591.1,2,0,0,0,2,0.2333,195.19
0,1,SemiTilt,4,6,8244.1,4,0,0,1,5,0.3208,144.16
0,1,SemiTilt,6,6,9932.0,6,0,0,0,6,0.4696,150.4
0,1,SemiTilt,2,7,7497.2,2,0,0,1,3,0.3611,172.3
0,1,SemiTilt,4,7,9083.9,4,0,0,0,4,0.3699,145.41
0,1,SemiTilt,6,7,9903.4,6,0,1,0,5,0.3371,152.81
0,1,SemiTilt,2,8,7475.4,2,0,0,1,3,0.4511,254.02
0,1,SemiTilt,4,8,8219.2,4,0,0,0,4,0.2876,145.64
0,1,SemiTilt,6,8,9122.2,6,0,0,1,7,0.2536,128.68
0,1,SemiTilt,2,9,6881.7,2,0,0,0,2,0.4257,107.94
0,1,SemiTilt,4,9,8005.5,5,1,0,0,4,0.5555,151.39
0,1,SemiTilt,6,9,10272.3,6,0,0,0,6,0.5397,58.99
0,1,SemiTilt,2,10,8638.7,2,0,0,1,3,0.3801,158.14
0,1,SemiTilt,4,10,7995.1,4,0,0,1,5,0.3725,186.85
0,1,SemiTilt,6,10,10024.3,6,0,0,1,7,0.4162,122.36
0,1,SemiTilt,2,11,6986.2,3,1,0,0,2,0.1943,107.27
0,1,SemiTilt,4,11,8810.0,4,0,0,0,4,0.3702,187.38
0,1,SemiTilt,6,11,9394.9,7,1,0,0,6,0.5041,61.37
0,1,SemiTilt,2,12,7002.3,2,0,0,0,2,0.47,191.19
0,1,SemiTilt,4,12,8114.8,5,1,0,0,4,0.656,135.77
0,1,SemiTilt,6,12,8552.4,6,0,1,0,5,0.1615,231.9
0,1,SemiTilt,2,13,6477.1,2,0,1,0,1,0.145,207.47
0,1,SemiTilt,4,13,8333.6,4,0,0,1,5,0.4055,135.3
0,1,SemiTilt,6,13,8477.0,8,2,0,1,7,0.4081,34.58
0,1,SemiTilt,2,14,6449.4,2,0,0,1,3,0.2178,135.35
0,1,SemiTilt,4,14,8951.7,4,0,0,0,4,0.4265,83.12
0,1,SemiTilt,6,14,10122.4,6,0,0,0,6,0.4327,141.91
0,2,SemiNDH,2,0,6994.5,2,0,0,0,2,0.2928,173.41
0,2,SemiNDH,4,0,7668.2,4,0,0,0,4,0.4098,237.61
0,2,SemiNDH,6,0,9827.2,6,0,0,0,6,0.4756,170.33
0,2,SemiNDH,2,1,6840.0,2,0,0,0,2,0.4166,149.34
0,2,SemiNDH,4,1,7464.0,4,0,0,0,4,0.1199,95.02
0,2,SemiNDH,6,1,9022.8,7,1,0,0,6,0.4602,111.02
0,2,SemiNDH,2,2,5102.9,2,0,0,1,3,0.4956,112.29
0,2,SemiNDH,4,2,7673.3,4,0,0,0,4,0.4339,86.14
0,2,SemiNDH,6,2,8533.9,6,0,1,0,5,0.2578,77.23
0,2,SemiNDH,2,3,4726.0,2,0,0,0,2,0.1769,106.48
0,2,SemiNDH,4,3,7365.7,4,0,0,0,4,0.3732,56.46
0,2,SemiNDH,6,3,8471.9,6,0,1,0,5,0.2487,146.03
0,2,SemiNDH,2,4,5149.3,2,0,0,0,2,0.0854,128.29
0,2,SemiNDH,4,4,7550.8,6,2,0,1,5,0.5149,103.12
0,2,SemiNDH,6,4,8515.3,6,0,0,0,6,0.5391,84.82
0,2,SemiNDH,2,5,5847.9,2,0,0,0,2,0.3743,60.55
0,2,SemiNDH,4,5,8484.0,4,0,0,0,4,0.5195,204.97
0,2,SemiNDH,6,5,7381.9,7,1,1,0,5,0.3549,132.18
0,2,SemiNDH,2,6,5771.9,2,0,0,0,2,0.4053,160.23
0,2,SemiNDH,4,6,7560.4,4,0,0,0,4,0.1738,20.54
0,2,SemiNDH,6,6,8777.7,7,1,0,1,7,0.2639,137.3
0,2,SemiNDH,2,7,7775.6,2,0,0,0,2,0.2333,193.83
0,2,SemiNDH,4,7,7310.3,5,1,0,0,4,0.6339,187.95
0,2,SemiNDH,6,7,9254.0,6,0,0,1,7,0.0015,229.75
0,2,SemiNDH,2,8,6783.2,2,0,0,0,2,0.5882,160.09
0,2,SemiNDH,4,8,7580.9,4,0,0,0,4,0.6307,15.71
0,2,SemiNDH,6,8,8716.5,6,0,0,1,7,0.4828,129.02
0,2,SemiNDH,2,9,6106.1,2,0,0,0,2,0.249,135.0
0,2,SemiNDH,4,9,7875.5,4,0,0,0,4,0.23,131.94
0,2,SemiNDH,6,9,9034.1,6,0,0,0,6,0.5122,162.98
0,2,SemiNDH,2,10,5470.9,2,0,0,0,2,0.3906,163.09
0,2,SemiNDH,4,10,7195.5,4,0,0,0,4,0.3724,237.74
0,2,SemiNDH,6,10,8630.4,6,0,0,0,6,0.4204,172.01
0,2,SemiNDH,2,11,5758.4,2,0,0,1,3,0.3342,32.33
0,2,SemiNDH,4,11,7917.3,4,0,0,0,4,0.2507,175.1
0,2,SemiNDH,6,11,8012.4,6,0,0,0,6,0.5995,160.19
0,2,SemiNDH,2,12,6801.6,2,0,0,0,2,0.3218,131.3
0,2,SemiNDH,4,12,8128.7,4,0,0,0,4,0.3951,91.92
0,2,SemiNDH,6,12,9389.3,6,0,0,0,6,0.7352,69.77
0,2,SemiNDH,2,13,6052.9,2,0,0,0,2,0.7441,201.25
0,2,SemiNDH,4,13,6891.6,4,0,0,0,4,0.1902,129.19
0,2,SemiNDH,6,13,8725.2,7,1,0,0,6,0.376,113.15
0,2,SemiNDH,2,14,6441.1,2,0,0,0,2,0.3169,173.46
0,2,SemiNDH,4,14,6865.8,4,0,0,0,4,0.5199,224.13
0,2,SemiNDH,6,14,9232.7,6,0,0,0,6,0.3324,191.02
0,3,SemiSwipe,2,0,6664.0,2,0,0,0,2,0.3284,214.55
0,3,SemiSwipe,4,0,7189.7,4,0,0,0,4,0.4052,249.89
0,3,SemiSwipe,6,0,9121.5,6,0,0,0,6,0.5057,246.12
0,3,SemiSwipe,2,1,6416.1,2,0,0,0,2,0.3652,68.28
0,3,SemiSwipe,4,1,8700.9,5,1,0,1,5,0.3598,198.15
0,3,SemiSwipe,6,1,10016.3,6,0,0,0,6,0.3348,51.64
0,3,SemiSwipe,2,2,6370.1,3,1,0,0,2,0.5514,68.99
0,3,SemiSwipe,4,2,8055.5,4,0,0,1,5,0.4709,221.41
0,3,SemiSwipe,6,2,10323.3,6,0,1,0,5,0.3004,175.31
0,3,SemiSwipe,2,3,6984.6,3,1,0,0,2,0.429,73.71
0,3,SemiSwipe,4,3,7419.7,4,0,0,0,4,0.3981,190.0
0,3,SemiSwipe,6,3,9533.7,6,0,0,1,7,0.5901,160.06
0,3,SemiSwipe,2,4,6147.8,2,0,0,0,2,0.6648,93.06
0,3,SemiSwipe,4,4,7689.7,6,2,0,2,6,0.2365,87.4
0,3,SemiSwipe,6,4,9068.8,6,0,0,1,7,0.3959,135.57
0,3,SemiSwipe,2,5,7306.3,2,0,0,0,2,0.4607,128.83
0,3,SemiSwipe,4,5,7062.3,5,1,0,0,4,0.4477,223.98
0,3,SemiSwipe,6,5,9755.2,6,0,0,0,6,0.5611,139.76
0,3,SemiSwipe,2,6,7368.3,2,0,0,0,2,0.2991,176.63
0,3,SemiSwipe,4,6,7086.0,5,1,0,0,4,0.5954,187.62
0,3,SemiSwipe,6,6,10171.1,6,0,0,0,6,0.6882,186.86
0,3,SemiSwipe,2,7,6989.1,3,1,0,0,2,0.1359,89.61
0,3,SemiSwipe,4,7,7807.0,4,0,0,0,4,0.3443,144.4
0,3,SemiSwipe,6,7,10601.9,6,0,0,1,7,0.524,199.67
0,3,SemiSwipe,2,8,5261.1,2,0,0,0,2,0.4306,127.21
0,3,SemiSwipe,4,8,8080.4,4,0,0,0,4,0.3044,115.6
0,3,SemiSwipe,6,8,10337.5,6,0,0,1,7,0.4254,203.24
0,3,SemiSwipe,2,9,6693.4,2,0,0,1,3,0.4663,77.79
0,3,SemiSwipe,4,9,8353.1,4,0,0,0,4,0.6735,198.54
0,3,SemiSwipe,6,9,9342.6,6,0,0,0,6,0.1143,130.28
0,3,SemiSwipe,2,10,7015.2,2,0,0,1,3,0.4755,137.95
0,3,SemiSwipe,4,10,7812.4,4,0,0,0,4,0.374,150.07
0,3,SemiSwipe,6,10,9199.8,6,0,0,0,6,0.6767,220.02
0,3,SemiSwipe,2,11,6664.9,2,0,0,0,2,0.2551,208.23
0,3,SemiSwipe,4,11,8285.6,4,0,0,0,4,0.3786,111.24
0,3,SemiSwipe,6,11,9485.0,6,0,0,1,7,0.5244,133.03
0,3,SemiSwipe,2,12,6138.8,2,0,0,0,2,0.2703,203.4
0,3,SemiSwipe,4,12,8307.2,4,0,0,0,4,0.34,92.84
0,3,SemiSwipe,6,12,9368.8,7,1,0,0,6,0.3824,97.56
0,3,SemiSwipe,2,13,6322.5,2,0,0,0,2,0.3867,59.17
0,3,SemiSwipe,4,13,7713.6,4,0,0,0,4,0.3133,203.98
0,3,SemiSwipe,6,13,9293.6,7,1,0,1,7,0.51,221.9
0,3,SemiSwipe,2,14,5936.0,2,0,0,1,3,0.7081,175.21
0,3,SemiSwipe,4,14,8636.3,4,0,0,0,4,0.4464,201.02
0,3,SemiSwipe,6,14,9900.3,6,0,0,0,6,0.6741,120.53
0,4,SemiDwell,2,0,6568.9,3,1,0,0,2,0.5086,195.22
0,4,SemiDwell,4,0,7338.4,4,0,0,0,4,0.2908,93.33
0,4,SemiDwell,6,0,9091.8,6,0,0,0,6,0.4616,167.17
0,4,SemiDwell,2,1,6783.2,2,0,0,1,3,0.4962,61.48
0,4,SemiDwell,4,1,7500.7,4,0,0,0,4,0.6273,141.79
0,4,SemiDwell,6,1,9955.9,6,0,0,0,6,0.095,143.32
0,4,SemiDwell,2,2,6147.1,2,0,0,0,2,0.564,105.84
0,4,SemiDwell,4,2,7522.5,4,0,0,0,4,0.4302,140.2
0,4,SemiDwell,6,2,9376.2,7,1,0,0,6,0.4877,152.14
0,4,SemiDwell,2,3,7071.9,2,0,0,0,2,0.3927,242.55
0,4,SemiDwell,4,3,9249.1,4,0,0,0,4,0.5801,149.13
0,4,SemiDwell,6,3,9364.1,7,1,0,1,7,0.4522,105.7
0,4,SemiDwell,2,4,6530.2,2,0,0,1,3,0.1837,119.79
0,4,SemiDwell,4,4,8979.3,5,1,1,0,3,0.1602,223.86
0,4,SemiDwell,6,4,9142.8,7,1,0,1,7,0.3677,108.95
0,4,SemiDwell,2,5,6107.6,2,0,0,0,2,0.6391,230.93
0,4,SemiDwell,4,5,7936.6,4,0,0,0,4,0.4057,238.7
0,4,SemiDwell,6,5,8668.1,7,1,0,0,6,0.5399,164.77
0,4,SemiDwell,2,6,6290.2,2,0,0,0,2,0.2499,186.15
0,4,SemiDwell,4,6,8576.2,5,1,0,0,4,0.5555,161.26
0,4,SemiDwell,6,6,9918.6,7,1,1,0,5,0.4451,204.87
0,4,SemiDwell,2,7,5747.4,2,0,0,0,2,0.1994,148.67
0,4,SemiDwell,4,7,7395.3,4,0,0,0,4,0.3659,120.9
0,4,SemiDwell,6,7,9371.8,6,0,0,0,6,0.4399,117.73
0,4,SemiDwell,2,8,6923.8,3,1,0,1,3,0.1471,112.92
0,4,SemiDwell,4,8,7950.4,4,0,0,0,4,0.3963,228.15
0,4,SemiDwell,6,8,8626.8,7,1,1,1,6,0.3494,184.47
0,4,SemiDwell,2,9,6447.2,2,0,0,0,2,0.5293,176.48
0,4,SemiDwell,4,9,7674.1,4,0,0,0,4,0.4892,234.29
0,4,SemiDwell,6,9,8604.9,6,0,0,1,7,0.4059,51.1
0,4,SemiDwell,2,10,5795.3,2,0,0,1,3,0.5288,168.31
0,4,SemiDwell,4,10,9110.4,4,0,0,0,4,0.5525,143.74
0,4,SemiDwell,6,10,9690.3,6,0,0,0,6,0.3137,87.57
0,4,SemiDwell,2,11,6758.6,2,0,0,1,3,0.3397,268.05
0,4,SemiDwell,4,11,7930.3,4,0,0,0,4,0.1672,20.94
0,4,SemiDwell,6,11,9461.2,6,0,0,0,6,0.2359,264.39
0,4,SemiDwell,2,12,6696.7,2,0,0,1,3,0.4247,38.49
0,4,SemiDwell,4,12,8757.6,4,0,0,1,5,0.4489,140.31
0,4,SemiDwell,6,12,8174.0,6,0,0,0,6,0.6189,270.25
0,4,SemiDwell,2,13,6537.0,2,0,0,0,2,0.4366,107.03
0,4,SemiDwell,4,13,7182.3,4,0,0,0,4,0.6068,138.79
0,4,SemiDwell,6,13,9067.5,6,0,0,0,6,0.2125,95.91
0,4,SemiDwell,2,14,7048.0,2,0,0,0,2,0.3221,95.46
0,4,SemiDwell,4,14,6968.5,4,0,1,0,3,0.4181,174.97
0,4,SemiDwell,6,14,10356.5,6,0,0,0,6,0.3598,252.83
1,0,SemiNDH,2,0,8267.0,2,0,0,0,2,0.3994,158.63
1,0,SemiNDH,4,0,9344.7,4,0,0,0,4,0.3555,59.01
1,0,SemiNDH,6,0,11610.3,7,1,1,1,6,0.1252,122.04
1,0,SemiNDH,2,1,7580.9,2,0,0,0,2,0.5477,228.65
1,0,SemiNDH,4,1,9444.2,4,0,0,0,4,0.339,227.9
1,0,SemiNDH,6,1,9653.3,7,1,0,1,7,0.6007,177.91
1,0,SemiNDH,2,2,8587.4,2,0,0,1,3,0.2476,77.58
1,0,SemiNDH,4,2,9935.9,4,0,0,1,5,0.4417,298.72
1,0,SemiNDH,6,2,11300.6,6,0,0,0,6,0.2034,190.9
1,0,SemiNDH,2,3,7018.3,2,0,0,1,3,0.3255,159.6
1,0,SemiNDH,4,3,9686.1,4,0,0,0,4,0.3352,84.89
1,0,SemiNDH,6,3,11561.2,6,0,0,0,6,0.4121,221.44
1,0,SemiNDH,2,4,8231.1,2,0,0,0,2,0.5435,60.21
1,0,SemiNDH,4,4,8993.0,4,0,0,0,4,0.5138,65.53
1,0,SemiNDH,6,4,11541.5,6,0,1,0,5,0.5042,104.81
1,0,SemiNDH,2,5,7611.2,2,0,0,1,3,0.6445,128.41
1,0,SemiNDH,4,5,10644.6,4,0,0,1,5,0.4776,60.61
1,0,SemiNDH,6,5,11696.4,7,1,0,0,6,0.49,156.01
1,0,SemiNDH,2,6,8975.4,2,0,0,0,2,0.3069,180.28
1,0,SemiNDH,4,6,9823.9,5,1,0,1,5,0.5159,10.55
1,0,SemiNDH,6,6,10047.4,7,1,0,0,6,0.3699,84.13
1,0,SemiNDH,2,7,7971.5,2,0,0,1,3,0.4106,198.49
1,0,SemiNDH,4,7,9273.1,4,0,0,1,5,0.5204,139.43
1,0,SemiNDH,6,7,11981.2,6,0,0,1,7,0.473,127.1
1,0,SemiNDH,2,8,9579.4,2,0,0,0,2,0.4845,180.66
1,0,SemiNDH,4,8,10429.7,4,0,0,0,4,0.3141,218.15
1,0,SemiNDH,6,8,11342.9,6,0,0,0,6,0.303,176.89
1,0,SemiNDH,2,9,6886.3,2,0,0,0,2,0.2705,234.35
1,0,SemiNDH,4,9,10770.5,4,0,0,0,4,0.3769,118.68
1,0,SemiNDH,6,9,11469.5,7,1,0,0,6,0.5585,149.49
1,0,SemiNDH,2,10,8320.2,2,0,1,0,1,0.4842,171.53
1,0,SemiNDH,4,10,9154.8,4,0,0,0,4,0.5545,64.07
1,0,SemiNDH,6,10,11673.9,9,3,0,1,7,0.4492,47.28
1,0,SemiNDH,2,11,8607.4,2,0,0,0,2,0.13,210.93
1,0,SemiNDH,4,11,10072.4,5,1,1,0,3,0.3531,171.8
1,0,SemiNDH,6,11,12051.9,7,1,0,0,6,0.3869,152.98
1,0,SemiNDH,2,12,7938.0,2,0,0,0,2,0.4709,57.55
1,0,SemiNDH,4,12,10016.7,5,1,0,0,4,0.2163,155.94
1,0,SemiNDH,6,12,11726.7,6,0,0,0,6,0.3296,215.92
1,0,SemiNDH,2,13,8925.6,2,0,1,0,1,0.793,133.54
1,0,SemiNDH,4,13,9728.9,4,0,0,0,4,0.345,139.49
1,0,SemiNDH,6,13,11579.9,6,0,0,0,6,0.4974,107.28
1,0,SemiNDH,2,14,8217.4,2,0,0,0,2,0.5849,288.58
1,0,SemiNDH,4,14,9209.0,4,0,0,0,4,0.4439,218.37
1,0,SemiNDH,6,14,10921.4,6,0,0,0,6,0.3488,176.27
1,1,FullDH,2,0,8541.0,2,0,0,0,2,0.4228,210.44
1,1,FullDH,4,0,9054.7,4,0,1,1,4,0.2333,266.38
1,1,FullDH,6,0,9840.7,6,0,0,1,7,0.5593,96.76
1,1,FullDH,2,1,7768.5,2,0,0,0,2,0.6179,156.78
1,1,FullDH,4,1,8168.7,4,0,0,1,5,0.2702,80.93
1,1,FullDH,6,1,10313.9,6,0,0,1,7,0.2654,180.48
1,1,FullDH,2,2,7398.3,2,0,0,0,2,0.692,109.55
1,1,FullDH,4,2,9697.3,4,0,0,0,4,0.4686,168.37
1,1,FullDH,6,2,12318.3,6,0,0,0,6,0.2943,122.78
1,1,FullDH,2,3,8041.5,2,0,1,0,1,0.1545,122.26
1,1,FullDH,4,3,8741.6,4,0,1,0,3,0.5402,79.8
1,1,FullDH,6,3,10210.9,7,1,0,0,6,0.6438,237.58
1,1,FullDH,2,4,6618.4,2,0,0,0,2,0.4841,142.33
1,1,FullDH,4,4,10128.0,5,1,0,0,4,0.3432,146.07
1,1,FullDH,6,4,10901.1,6,0,1,0,5,0.3956,245.46
1,1,FullDH,2,5,7310.8,2,0,0,0,2,0.3197,92.35
1,1,FullDH,4,5,9200.4,4,0,0,0,4,0.3835,165.61
1,1,FullDH,6,5,11215.0,6,0,1,1,6,0.2168,135.14
1,1,FullDH,2,6,7496.8,2,0,0,1,3,0.462,223.04
1,1,FullDH,4,6,8751.0,5,1,0,0,4,0.3724,145.87
1,1,FullDH,6,6,10395.6,6,0,0,0,6,0.2683,60.05
1,1,FullDH,2,7,7296.8,2,0,0,0,2,0.6015,70.05
1,1,FullDH,4,7,8947.7,4,0,0,1,5,0.2569,127.66
1,1,FullDH,6,7,10684.6,6,0,0,0,6,0.522,194.13
1,1,FullDH,2,8,8160.6,2,0,0,1,3,0.2414,184.84
1,1,FullDH,4,8,10577.5,4,0,0,0,4,0.3606,107.84
1,1,FullDH,6,8,12032.0,6,0,0,0,6,0.4294,208.72
1,1,FullDH,2,9,8026.9,2,0,0,0,2,0.4333,191.69
1,1,FullDH,4,9,10095.3,4,0,0,0,4,0.2886,70.74
1,1,FullDH,6,9,10774.3,6,0,0,0,6,0.5292,273.24
1,1,FullDH,2,10,8291.2,2,0,0,1,3,0.5589,114.88
1,1,FullDH,4,10,8502.9,4,0,0,0,4,0.0241,201.63
1,1,FullDH,6,10,10501.6,6,0,0,1,7,0.2613,98.45
1,1,FullDH,2,11,7704.0,2,0,0,1,3,0.6907,169.98
1,1,FullDH,4,11,9505.3,4,0,0,1,5,0.4572,98.01
1,1,FullDH,6,11,9524.9,6,0,0,0,6,0.55,98.97
1,1,FullDH,2,12,7999.5,2,0,0,0,2,0.5024,175.26
1,1,FullDH,4,12,8979.4,5,1,1,0,3,0.2798,186.02
1,1,FullDH,6,12,10535.7,6,0,0,0,6,0.4383,257.41
1,1,FullDH,2,13,8256.8,2,0,0,0,2,0.5737,193.0
1,1,FullDH,4,13,9782.8,4,0,0,0,4,0.3542,208.16
1,1,FullDH,6,13,11002.0,6,0,0,0,6,0.3756,197.88
1,1,FullDH,2,14,7654.0,2,0,0,0,2,0.5355,150.61
1,1,FullDH,4,14,8846.3,5,1,0,0,4,0.5237,200.51
1,1,FullDH,6,14,10706.9,7,1,0,1,7,0.2928,88.42
1,2,SemiDwell,2,0,8372.7,2,0,0,1,3,0.295,120.74
1,2,SemiDwell,4,0,10337.3,4,0,0,0,4,0.4514,142.72
1,2,SemiDwell,6,0,11660.2,6,0,0,0,6,0.2764,127.38
1,2,SemiDwell,2,1,8307.4,2,0,0,0,2,0.23,214.98
1,2,SemiDwell,4,1,10001.8,4,0,0,0,4,0.6094,141.11
1,2,SemiDwell,6,1,11969.1,7,1,0,1,7,0.3684,218.16
1,2,SemiDwell,2,2,7929.5,2,0,0,0,2,0.577,121.42
1,2,SemiDwell,4,2,9558.8,4,0,1,1,4,0.4866,94.55
1,2,SemiDwell,6,2,12718.8,6,0,1,0,5,0.4426,184.25
1,2,SemiDwell,2,3,9213.4,2,0,0,0,2,0.4178,264.54
1,2,SemiDwell,4,3,9550.8,5,1,0,0,4,0.649,131.42
1,2,SemiDwell,6,3,11385.2,7,1,1,1,6,0.18,188.25
1,2,SemiDwell,2,4,8152.2,2,0,0,0,2,0.4851,222.9
1,2,SemiDwell,4,4,9508.4,4,0,0,1,5,0.1981,170.98
1,2,SemiDwell,6,4,11321.8,6,0,1,1,6,0.366,96.89
1,2,SemiDwell,2,5,8673.9,2,0,0,1,3,0.6144,149.54
1,2,SemiDwell,4,5,10315.5,4,0,0,1,5,0.4877,135.83
1,2,SemiDwell,6,5,10700.7,7,1,0,0,6,0.3921,74.75
1,2,SemiDwell,2,6,8672.9,2,0,0,0,2,0.5826,102.92
1,2,SemiDwell,4,6,10523.8,4,0,0,0,4,0.1323,127.64
1,2,SemiDwell,6,6,11076.7,6,0,1,1,6,0.4448,156.6
1,2,SemiDwell,2,7,8042.8,2,0,0,0,2,0.6452,96.38
1,2,SemiDwell,4,7,9760.3,4,0,1,0,3,0.4131,137.72
1,2,SemiDwell,6,7,11279.9,6,0,0,0,6,0.261,98.69
1,2,SemiDwell,2,8,8715.2,2,0,0,1,3,0.5001,162.77
1,2,SemiDwell,4,8,10307.3,4,0,0,0,4,0.4819,183.58
1,2,SemiDwell,6,8,11727.5,6,0,0,1,7,0.2043,163.53
1,2,SemiDwell,2,9,8849.7,2,0,0,1,3,0.2905,119.42
1,2,SemiDwell,4,9,9139.8,4,0,0,0,4,0.5897,188.86
1,2,SemiDwell,6,9,10612.3,6,0,0,1,7,0.3733,206.45
1,2,SemiDwell,2,10,9183.9,2,0,0,0,2,0.5874,270.41
1,2,SemiDwell,4,10,10718.3,4,0,0,0,4,0.5428,147.93
1,2,SemiDwell,6,10,10114.1,7,1,0,0,6,0.5183,125.09
1,2,SemiDwell,2,11,8416.3,3,1,1,1,2,0.3388,252.54
1,2,SemiDwell,4,11,9395.8,5,1,0,0,4,0.4437,41.1
1,2,SemiDwell,6,11,10972.3,6,0,1,0,5,0.2633,79.03
1,2,SemiDwell,2,12,8696.0,2,0,0,0,2,0.5095,151.4
1,2,SemiDwell,4,12,10732.4,5,1,0,0,4,0.2509,93.88
1,2,SemiDwell,6,12,11110.5,7,1,0,0,6,0.1707,253.63
1,2,SemiDwell,2,13,8264.7,2,0,1,0,1,0.555,95.39
1,2,SemiDwell,4,13,10214.1,4,0,0,0,4,0.2033,235.64
1,2,SemiDwell,6,13,10883.9,6,0,0,1,7,0.4838,72.76
1,2,SemiDwell,2,14,7937.8,2,0,0,1,3,0.2625,155.09
1,2,SemiDwell,4,14,10394.3,4,0,1,0,3,0.3017,169.29
1,2,SemiDwell,6,14,12300.9,6,0,0,0,6,0.2302,53.94
1,3,SemiTilt,2,0,9991.5,2,0,0,0,2,0.5997,13.5
1,3,SemiTilt,4,0,8915.5,4,0,0,1,5,0.442,35.41
1,3,SemiTilt,6,0,12418.5,6,0,0,0,6,0.442,172.04
1,3,SemiTilt,2,1,9637.4,2,0,0,0,2,0.4479,90.11
1,3,SemiTilt,4,1,11517.2,4,0,0,0,4,0.355,161.46
1,3,SemiTilt,6,1,11479.4,7,1,0,1,7,0.4841,177.07
1,3,SemiTilt,2,2,9222.1,2,0,0,0,2,0.6048,166.77
1,3,SemiTilt,4,2,9422.3,4,0,0,0,4,0.2024,142.72
1,3,SemiTilt,6,2,11921.2,6,0,0,0,6,0.1527,154.98
1,3,SemiTilt,2,3,9650.8,2,0,0,0,2,0.3717,218.0
1,3,SemiTilt,4,3,10262.9,4,0,0,0,4,0.3582,117.53
1,3,SemiTilt,6,3,11083.6,6,0,0,0,6,0.1276,139.66
1,3,SemiTilt,2,4,9015.0,2,0,0,1,3,0.3346,128.79
1,3,SemiTilt,4,4,10289.3,4,0,0,0,4,0.3918,142.48
1,3,SemiTilt,6,4,12283.2,6,0,0,0,6,0.4735,102.33
1,3,SemiTilt,2,5,9702.2,2,0,0,0,2,0.4232,59.85
1,3,SemiTilt,4,5,10087.3,4,0,0,0,4,0.5604,109.62
1,3,SemiTilt,6,5,10663.8,6,0,0,0,6,0.1997,242.82
1,3,SemiTilt,2,6,8847.6,2,0,0,1,3,0.3776,68.69
1,3,SemiTilt,4,6,9923.7,4,0,0,0,4,0.5497,171.43
1,3,SemiTilt,6,6,11801.2,6,0,0,0,6,0.3569,227.12
1,3,SemiTilt,2,7,9088.4,2,0,0,0,2,0.6194,132.99
1,3,SemiTilt,4,7,8498.8,4,0,0,1,5,0.1973,55.68
1,3,SemiTilt,6,7,11600.9,6,0,0,1,7,0.5219,245.73
1,3,SemiTilt,2,8,9997.9,2,0,0,0,2,0.3009,134.69
1,3,SemiTilt,4,8,11094.9,4,0,0,0,4,0.3051,182.82
1,3,SemiTilt,6,8,11545.2,6,0,0,0,6,0.1918,125.28
1,3,SemiTilt,2,9,8294.5,2,0,0,0,2,0.3898,116.26
1,3,SemiTilt,4,9,10310.2,5,1,0,0,4,0.2971,255.4
1,3,SemiTilt,6,9,12400.8,6,0,0,1,7,0.4638,147.23
1,3,SemiTilt,2,10,8146.8,2,0,0,0,2,0.2913,86.1
1,3,SemiTilt,4,10,10092.7,4,0,0,0,4,0.5733,284.03
1,3,SemiTilt,6,10,11922.9,6,0,0,0,6,0.5637,117.35
1,3,SemiTilt,2,11,7765.2,2,0,0,0,2,0.1082,187.51
1,3,SemiTilt,4,11,10026.3,4,0,0,0,4,0.5594,53.96
1,3,SemiTilt,6,11,12553.9,6,0,0,0,6,0.6974,101.67
1,3,SemiTilt,2,12,9240.4,4,2,0,1,3,0.6532,112.85
1,3,SemiTilt,4,12,10932.9,4,0,0,0,4,0.5664,182.75
1,3,SemiTilt,6,12,10871.2,6,0,0,0,6,0.2937,166.42
1,3,SemiTilt,2,13,8309.1,2,0,0,0,2,0.3377,97.42
1,3,SemiTilt,4,13,10270.0,4,0,1,0,3,0.3144,222.21
1,3,SemiTilt,6,13,10901.8,6,0,1,0,5,0.4327,150.53
1,3,SemiTilt,2,14,7943.9,2,0,0,1,3,0.4846,185.9
1,3,SemiTilt,4,14,11079.8,4,0,0,0,4,0.2794,130.28
1,3,SemiTilt,6,14,12019.6,6,0,0,0,6,0.3656,78.66
1,4,SemiSwipe,2,0,8815.3,3,1,1,0,1,0.1538,130.65
1,4,SemiSwipe,4,0,10265.9,5,1,0,1,5,0.4581,153.7
1,4,SemiSwipe,6,0,11710.5,6,0,0,1,7,0.4133,247.69
1,4,SemiSwipe,2,1,8390.3,2,0,0,0,2,0.5276,72.68
1,4,SemiSwipe,4,1,9732.5,4,0,0,0,4,0.5682,124.45
1,4,SemiSwipe,6,1,11226.3,6,0,0,0,6,0.3797,200.01
1,4,SemiSwipe,2,2,7928.4,2,0,0,1,3,0.2143,156.03
1,4,SemiSwipe,4,2,10459.5,4,0,0,0,4,0.2735,147.55
1,4,SemiSwipe,6,2,11281.2,6,0,0,0,6,0.2043,333.12
1,4,SemiSwipe,2,3,8271.1,2,0,0,0,2,0.4312,187.7
1,4,SemiSwipe,4,3,9621.3,4,0,0,0,4,0.2401,128.96
1,4,SemiSwipe,6,3,11099.4,6,0,1,0,5,0.3094,178.89
1,4,SemiSwipe,2,4,9113.9,2,0,2,0,1,0.5176,181.4
1,4,SemiSwipe,4,4,10356.9,4,0,1,0,3,0.5534,162.37
1,4,SemiSwipe,6,4,11827.1,6,0,0,0,6,0.5331,147.76
1,4,SemiSwipe,2,5,8116.0,2,0,0,0,2,0.4467,91.8
1,4,SemiSwipe,4,5,10242.8,4,0,0,1,5,0.4523,187.45
1,4,SemiSwipe,6,5,11957.1,6,0,0,0,6,0.7057,150.2
1,4,SemiSwipe,2,6,7321.8,2,0,0,0,2,0.3825,179.61
1,4,SemiSwipe,4,6,9012.1,5,1,0,1,5,0.4553,62.13
1,4,SemiSwipe,6,6,11735.1,6,0,0,0,6,0.3311,238.86
1,4,SemiSwipe,2,7,9097.5,2,0,0,0,2,0.522,192.4
1,4,SemiSwipe,4,7,10695.1,4,0,0,1,5,0.3017,234.72
1,4,SemiSwipe,6,7,11952.2,7,1,0,0,6,0.3319,154.6
1,4,SemiSwipe,2,8,8264.7,2,0,0,0,2,0.1952,213.42
1,4,SemiSwipe,4,8,10741.2,4,0,0,0,4,0.1334,160.9
1,4,SemiSwipe,6,8,10590.2,6,0,1,0,5,0.5005,119.66
1,4,SemiSwipe,2,9,9972.4,2,0,0,0,2,0.4507,310.23
1,4,SemiSwipe,4,9,9891.4,4,0,0,0,4,0.5177,216.26
1,4,SemiSwipe,6,9,12082.1,6,0,0,0,6,0.5369,113.15
1,4,SemiSwipe,2,10,7829.9,2,0,0,0,2,0.2749,219.05
1,4,SemiSwipe,4,10,9745.6,4,0,0,0,4,0.2059,2.23
1,4,SemiSwipe,6,10,12298.1,7,1,0,0,6,0.1258,124.6
1,4,SemiSwipe,2,11,8337.8,2,0,0,0,2,0.1827,16.96
1,4,SemiSwipe,4,11,10959.8,4,0,0,0,4,0.0108,119.85
1,4,SemiSwipe,6,11,11473.7,6,0,0,0,6,0.323,168.35
1,4,SemiSwipe,2,12,7708.6,2,0,0,0,2,0.4738,200.45
1,4,SemiSwipe,4,12,9430.5,4,0,0,0,4,0.4129,305.76
1,4,SemiSwipe,6,12,10851.9,6,0,0,0,6,0.4871,172.61
1,4,SemiSwipe,2,13,8176.2,2,0,0,0,2,0.2891,104.49
1,4,SemiSwipe,4,13,9500.7,4,0,0,1,5,0.2891,97.79
1,4,SemiSwipe,6,13,11974.5,6,0,0,0,6,0.4242,141.73
1,4,SemiSwipe,2,14,8334.6,2,0,0,0,2,0.2194,278.44
1,4,SemiSwipe,4,14,9602.1,4,0,0,0,4,0.3963,141.24
1,4,SemiSwipe,6,14,11224.5,7,1,0,0,6,0.6396,186.7
2,0,SemiDwell,2,0,7100.5,2,0,0,1,3,0.3808,164.83
2,0,SemiDwell,4,0,9411.2,4,0,0,1,5,0.3143,132.91
2,0,SemiDwell,6,0,9490.1,6,0,0,0,6,0.2369,193.51
2,0,SemiDwell,2,1,8087.7,2,0,0,0,2,0.3415,206.7
2,0,SemiDwell,4,1,8070.6,4,0,0,0,4,0.5408,215.32
2,0,SemiDwell,6,1,9186.3,6,0,0,0,6,0.0794,117.75
2,0,SemiDwell,2,2,7076.7,2,0,0,0,2,0.5574,67.91
2,0,SemiDwell,4,2,8685.4,4,0,0,0,4,0.4434,124.6
2,0,SemiDwell,6,2,9828.8,7,1,0,1,7,0.2711,110.04
2,0,SemiDwell,2,3,7357.5,3,1,0,1,3,0.3557,97.1
2,0,SemiDwell,4,3,8456.6,4,0,0,0,4,0.4146,238.91
2,0,SemiDwell,6,3,11114.0,6,0,0,0,6,0.3287,184.5
2,0,SemiDwell,2,4,7911.5,2,0,0,0,2,0.6118,141.85
2,0,SemiDwell,4,4,8895.7,4,0,0,1,5,0.3498,93.49
2,0,SemiDwell,6,4,9569.6,6,0,1,0,5,0.6558,187.08
2,0,SemiDwell,2,5,7642.8,2,0,0,0,2,0.4833,151.76
2,0,SemiDwell,4,5,8881.2,5,1,0,0,4,0.4106,97.09
2,0,SemiDwell,6,5,9897.5,7,1,0,0,6,0.3439,98.26
2,0,SemiDwell,2,6,7397.1,2,0,0,0,2,0.4804,160.73
2,0,SemiDwell,4,6,8234.3,5,1,1,0,3,0.5162,103.56
2,0,SemiDwell,6,6,10939.8,7,1,0,0,6,0.4168,128.47
2,0,SemiDwell,2,7,6936.0,2,0,0,1,3,0.5569,192.67
2,0,SemiDwell,4,7,7481.2,4,0,0,1,5,0.3536,115.06
2,0,SemiDwell,6,7,9539.6,6,0,1,1,6,0.2133,86.36
2,0,SemiDwell,2,8,7707.9,2,0,0,0,2,0.5742,154.93
2,0,SemiDwell,4,8,8354.9,4,0,0,0,4,0.5687,75.68
2,0,SemiDwell,6,8,9484.9,6,0,0,0,6,0.406,124.22
2,0,SemiDwell,2,9,6744.8,2,0,0,0,2,0.3207,285.38
2,0,SemiDwell,4,9,8254.4,4,0,0,0,4,0.2896,131.71
2,0,SemiDwell,6,9,10725.4,7,1,0,1,7,0.6625,134.53
2,0,SemiDwell,2,10,7469.6,2,0,0,0,2,0.235,175.82
2,0,SemiDwell,4,10,7893.6,5,1,0,0,4,0.3366,167.15
2,0,SemiDwell,6,10,9385.7,6,0,0,1,7,0.4545,213.05
2,0,SemiDwell,2,11,6110.6,3,1,0,0,2,0.3696,184.47
2,0,SemiDwell,4,11,8893.6,4,0,0,0,4,0.422,138.13
2,0,SemiDwell,6,11,10225.0,6,0,0,0,6,0.5643,197.91
2,0,SemiDwell,2,12,7775.2,2,0,0,0,2,0.7196,145.87
2,0,SemiDwell,4,12,8264.0,4,0,0,1,5,0.1973,201.57
2,0,SemiDwell,6,12,9158.7,7,1,1,1,6,0.387,306.46
2,0,SemiDwell,2,13,7722.0,2,0,0,0,2,0.5003,117.85
2,0,SemiDwell,4,13,8057.4,5,1,0,0,4,0.5929,189.04
2,0,SemiDwell,6,13,10077.0,6,0,1,0,5,0.3055,53.04
2,0,SemiDwell,2,14,6108.5,2,0,0,0,2,0.4883,198.03
2,0,SemiDwell,4,14,8648.1,4,0,0,0,4,0.2703,239.79
2,0,SemiDwell,6,14,10633.8,6,0,0,0,6,0.2859,296.56
2,1,SemiNDH,2,0,7061.9,4,2,0,0,2,0.6303,119.77
2,1,SemiNDH,4,0,7751.1,4,0,0,0,4,0.505,255.3
2,1,SemiNDH,6,0,9826.1,8,2,0,0,6,0.4349,158.14
2,1,SemiNDH,2,1,7903.1,2,0,0,0,2,0.2665,256.22
2,1,SemiNDH,4,1,7462.1,4,0,0,0,4,0.2314,44.73
2,1,SemiNDH,6,1,9771.4,6,0,1,0,5,0.558,141.85
2,1,SemiNDH,2,2,7009.7,2,0,0,1,3,0.3692,94.32
2,1,SemiNDH,4,2,8970.6,4,0,0,0,4,0.3622,105.42
2,1,SemiNDH,6,2,9890.6,6,0,2,0,4,0.2367,148.14
2,1,SemiNDH,2,3,7641.5,2,0,0,0,2,0.5568,123.86
2,1,SemiNDH,4,3,7632.4,5,1,0,0,4,0.5729,168.91
2,1,SemiNDH,6,3,9869.7,6,0,0,1,7,0.3334,77.63
2,1,SemiNDH,2,4,6784.7,2,0,0,1,3,0.4602,210.7
2,1,SemiNDH,4,4,9046.6,5,1,0,0,4,0.3168,149.02
2,1,SemiNDH,6,4,9359.5,8,2,0,0,6,0.4922,195.64
2,1,SemiNDH,2,5,6552.7,2,0,0,0,2,0.3723,100.19
2,1,SemiNDH,4,5,8202.9,4,0,1,0,3,0.2064,135.72
2,1,SemiNDH,6,5,9412.1,6,0,1,0,5,0.6113,172.54
2,1,SemiNDH,2,6,6600.7,2,0,0,0,2,0.5178,113.22
2,1,SemiNDH,4,6,8229.6,4,0,0,0,4,0.3271,33.57
2,1,SemiNDH,6,6,9264.4,6,0,0,1,7,0.1215,205.19
2,1,SemiNDH,2,7,6663.0,2,0,0,0,2,0.4066,56.81
2,1,SemiNDH,4,7,7745.7,4,0,0,0,4,0.7317,74.57
2,1,SemiNDH,6,7,9374.2,6,0,1,0,5,0.7627,97.69
2,1,SemiNDH,2,8,6500.7,2,0,0,0,2,0.3634,137.62
2,1,SemiNDH,4,8,8525.5,4,0,0,0,4,0.3091,137.71
2,1,SemiNDH,6,8,9462.6,6,0,0,0,6,0.3631,185.71
2,1,SemiNDH,2,9,7995.1,2,0,0,1,3,0.5165,131.35
2,1,SemiNDH,4,9,7203.9,4,0,1,1,4,0.2739,146.68
2,1,SemiNDH,6,9,9529.7,6,0,0,1,7,0.6307,157.4
2,1,SemiNDH,2,10,6967.7,2,0,1,0,1,0.202,136.03
2,1,SemiNDH,4,10,8547.0,4,0,0,1,5,0.3745,2.77
2,1,SemiNDH,6,10,9354.7,7,1,0,0,6,0.5969,124.26
2,1,SemiNDH,2,11,6361.8,2,0,0,1,3,0.514,73.71
2,1,SemiNDH,4,11,8136.6,4,0,0,0,4,0.238,277.9
2,1,SemiNDH,6,11,9487.9,6,0,0,1,7,0.8585,204.78
2,1,SemiNDH,2,12,6427.3,2,0,0,0,2,0.2586,304.94
2,1,SemiNDH,4,12,9022.3,6,2,1,1,4,0.3608,128.53
2,1,SemiNDH,6,12,9921.5,7,1,0,0,6,0.2742,180.13
2,1,SemiNDH,2,13,7485.1,2,0,0,1,3,0.6464,159.71
2,1,SemiNDH,4,13,6495.2,4,0,0,1,5,0.2983,58.43
2,1,SemiNDH,6,13,10753.1,7,1,0,0,6,0.3958,166.84
2,1,SemiNDH,2,14,6731.8,2,0,0,0,2,0.5025,155.51
2,1,SemiNDH,4,14,8082.1,4,0,1,0,3,0.332,225.1
2,1,SemiNDH,6,14,10158.2,6,0,0,0,6,0.4331,49.39
2,2,SemiSwipe,2,0,7370.1,2,0,1,1,2,0.1769,145.65
2,2,SemiSwipe,4,0,8522.7,5,1,0,0,4,0.1784,8.98
2,2,SemiSwipe,6,0,10056.5,6,0,0,0,6,0.272,139.1
2,2,SemiSwipe,2,1,6462.8,3,1,0,1,3,0.0358,139.43
2,2,SemiSwipe,4,1,8495.8,4,0,0,1,5,0.2565,201.27
2,2,SemiSwipe,6,1,9904.0,6,0,0,0,6,0.1808,37.58
2,2,SemiSwipe,2,2,7452.2,2,0,0,0,2,0.4055,245.87
2,2,SemiSwipe,4,2,9479.1,4,0,0,0,4,0.1001,66.95
2,2,SemiSwipe,6,2,9931.6,6,0,0,1,7,0.4851,255.18
2,2,SemiSwipe,2,3,8160.7,2,0,0,0,2,0.3192,59.52
2,2,SemiSwipe,4,3,9386.6,4,0,0,0,4,0.345,95.46
2,2,SemiSwipe,6,3,10741.5,6,0,0,0,6,0.4496,113.99
2,2,SemiSwipe,2,4,6922.0,2,0,0,0,2,0.3921,154.32
2,2,SemiSwipe,4,4,8412.4,4,0,0,0,4,0.3142,173.37
2,2,SemiSwipe,6,4,10987.2,6,0,0,0,6,0.4513,137.85
2,2,SemiSwipe,2,5,6927.6,2,0,0,0,2,0.3626,54.26
2,2,SemiSwipe,4,5,9767.5,4,0,0,0,4,0.4197,178.36
2,2,SemiSwipe,6,5,10229.9,7,1,1,0,5,0.3425,217.48
2,2,SemiSwipe,2,6,6526.7,2,0,0,0,2,0.5399,84.73
2,2,SemiSwipe,4,6,9599.9,4,0,0,0,4,0.0074,259.25
2,2,SemiSwipe,6,6,9794.8,7,1,0,0,6,0.2283,206.81
2,2,SemiSwipe,2,7,7363.3,2,0,0,0,2,0.336,135.91
2,2,SemiSwipe,4,7,8453.1,5,1,1,0,3,0.2188,120.67
2,2,SemiSwipe,6,7,11165.2,6,0,0,0,6,0.5529,174.44
2,2,SemiSwipe,2,8,6896.2,2,0,0,0,2,0.2805,116.44
2,2,SemiSwipe,4,8,7991.9,4,0,0,1,5,0.3336,242.79
2,2,SemiSwipe,6,8,10811.4,6,0,1,0,5,0.3401,150.29
2,2,SemiSwipe,2,9,7268.5,2,0,0,1,3,0.1909,175.31
2,2,SemiSwipe,4,9,8084.0,4,0,0,0,4,0.2448,160.31
2,2,SemiSwipe,6,9,8878.2,7,1,0,1,7,0.3255,288.39
2,2,SemiSwipe,2,10,7661.8,2,0,0,0,2,0.3708,224.54
2,2,SemiSwipe,4,10,8132.2,4,0,0,0,4,0.4856,154.62
2,2,SemiSwipe,6,10,10709.5,7,1,0,0,6,0.4685,58.24
2,2,SemiSwipe,2,11,7108.2,2,0,0,1,3,0.1985,166.82
2,2,SemiSwipe,4,11,8376.5,4,0,0,0,4,0.4681,187.56
2,2,SemiSwipe,6,11,10607.1,6,0,0,0,6,0.2068,194.55
2,2,SemiSwipe,2,12,7306.1,2,0,0,1,3,0.3778,9.34
2,2,SemiSwipe,4,12,8758.6,4,0,0,0,4,0.3762,313.9
2,2,SemiSwipe,6,12,10506.8,7,1,0,0,6,0.1204,8.6
2,2,SemiSwipe,2,13,7652.6,2,0,0,0,2,0.159,184.44
2,2,SemiSwipe,4,13,8867.4,4,0,0,0,4,0.3351,30.06
2,2,SemiSwipe,6,13,9333.4,6,0,0,0,6,0.3161,184.61
2,2,SemiSwipe,2,14,7959.9,2,0,0,0,2,0.3469,136.18
2,2,SemiSwipe,4,14,8923.4,4,0,0,0,4,0.2584,183.4
2,2,SemiSwipe,6,14,10244.6,6,0,0,1,7,0.4016,256.39
2,3,FullDH,2,0,5952.7,2,0,0,0,2,0.487,46.5
2,3,FullDH,4,0,7797.9,4,0,0,0,4,0.4679,146.83
2,3,FullDH,6,0,9080.9,6,0,0,0,6,0.43,198.82
2,3,FullDH,2,1,7911.8,2,0,0,0,2,0.0038,135.08
2,3,FullDH,4,1,7993.1,4,0,0,1,5,0.3195,80.52
2,3,FullDH,6,1,8603.9,6,0,0,0,6,0.5251,229.25
2,3,FullDH,2,2,6256.5,2,0,0,0,2,0.3864,223.96
2,3,FullDH,4,2,7320.1,4,0,0,0,4,0.262,104.97
2,3,FullDH,6,2,10382.9,6,0,0,0,6,0.6063,90.61
2,3,FullDH,2,3,6588.1,2,0,0,0,2,0.5668,211.45
2,3,FullDH,4,3,7168.2,6,2,0,0,4,0.3647,172.87
2,3,FullDH,6,3,10743.1,6,0,0,0,6,0.4071,147.65
2,3,FullDH,2,4,7118.4,2,0,0,0,2,0.4484,168.21
2,3,FullDH,4,4,8664.1,4,0,0,0,4,0.4742,115.19
2,3,FullDH,6,4,9537.5,6,0,0,0,6,0.4598,55.5
2,3,FullDH,2,5,5775.6,2,0,0,0,2,0.2448,81.87
2,3,FullDH,4,5,7037.7,5,1,0,0,4,0.4797,25.54
2,3,FullDH,6,5,9622.2,6,0,0,1,7,0.4133,230.67
2,3,FullDH,2,6,7320.0,2,0,1,1,2,0.3572,130.86
2,3,FullDH,4,6,7746.5,4,0,0,0,4,0.4835,190.51
2,3,FullDH,6,6,9657.4,6,0,0,0,6,0.2751,105.79
2,3,FullDH,2,7,5805.6,2,0,0,0,2,0.5065,237.93
2,3,FullDH,4,7,8272.4,4,0,0,0,4,0.3272,212.15
2,3,FullDH,6,7,9704.4,6,0,0,0,6,0.1315,116.0
2,3,FullDH,2,8,6633.2,2,0,0,0,2,0.7538,269.32
2,3,FullDH,4,8,7699.2,5,1,0,0,4,0.4239,127.82
2,3,FullDH,6,8,8755.4,6,0,0,1,7,0.5545,257.19
2,3,FullDH,2,9,5980.8,2,0,0,0,2,0.553,187.6
2,3,FullDH,4,9,8115.2,4,0,0,0,4,0.519,196.52
2,3,FullDH,6,9,9413.2,6,0,0,0,6,0.5107,190.19
2,3,FullDH,2,10,7002.1,2,0,0,0,2,0.3274,128.26
2,3,FullDH,4,10,8604.9,5,1,0,0,4,0.2927,78.15
2,3,FullDH,6,10,9573.7,6,0,0,0,6,0.3439,9.17
2,3,FullDH,2,11,7465.3,2,0,1,0,1,0.448,42.8
2,3,FullDH,4,11,7815.7,4,0,0,0,4,0.3666,68.11
2,3,FullDH,6,11,9236.7,6,0,0,0,6,0.0085,137.6
2,3,FullDH,2,12,5739.2,2,0,0,0,2,0.4516,114.03
2,3,FullDH,4,12,7965.9,4,0,0,1,5,0.4195,165.58
2,3,FullDH,6,12,9054.5,6,0,0,1,7,0.3202,205.42
2,3,FullDH,2,13,6043.0,2,0,0,1,3,0.6035,122.64
2,3,FullDH,4,13,9025.0,4,0,0,1,5,0.5664,184.94
2,3,FullDH,6,13,8979.6,7,1,0,1,7,0.2262,108.98
2,3,FullDH,2,14,6036.0,2,0,0,1,3,0.2805,131.56
2,3,FullDH,4,14,8045.3,4,0,0,0,4,0.5946,242.36
2,3,FullDH,6,14,10105.6,7,1,0,0,6,0.2993,228.51
2,4,SemiTilt,2,0,7318.6,2,0,0,0,2,0.4074,296.15
2,4,SemiTilt,4,0,8734.5,4,0,0,0,4,0.15,220.64
2,4,SemiTilt,6,0,10429.2,7,1,0,0,6,0.2682,87.98
2,4,SemiTilt,2,1,8260.2,2,0,0,1,3,0.3318,222.93
2,4,SemiTilt,4,1,8152.5,4,0,0,0,4,0.2628,173.36
2,4,SemiTilt,6,1,11327.2,6,0,0,0,6,0.4809,167.68
2,4,SemiTilt,2,2,8762.0,2,0,0,0,2,0.5041,138.53
2,4,SemiTilt,4,2,8985.5,4,0,1,0,3,0.4585,138.21
2,4,SemiTilt,6,2,10646.0,6,0,0,0,6,0.3422,88.93
2,4,SemiTilt,2,3,6953.9,2,0,0,0,2,0.4428,61.71
2,4,SemiTilt,4,3,9918.3,4,0,0,0,4,0.4954,132.22
2,4,SemiTilt,6,3,10860.6,6,0,0,0,6,0.4297,243.73
2,4,SemiTilt,2,4,7451.2,2,0,0,0,2,0.5279,185.07
2,4,SemiTilt,4,4,8878.1,4,0,0,0,4,0.3425,238.37
2,4,SemiTilt,6,4,9560.7,7,1,0,1,7,0.2726,315.2
2,4,SemiTilt,2,5,7891.2,2,0,0,0,2,0.4793,130.99
2,4,SemiTilt,4,5,8115.3,5,1,0,0,4,0.6507,169.98
2,4,SemiTilt,6,5,11375.1,6,0,0,1,7,0.3839,172.55
2,4,SemiTilt,2,6,7650.1,2,0,0,0,2,0.4288,125.32
2,4,SemiTilt,4,6,9637.9,4,0,0,0,4,0.4559,170.41
2,4,SemiTilt,6,6,10018.5,6,0,0,1,7,0.3488,145.73
2,4,SemiTilt,2,7,7640.4,3,1,0,1,3,0.3204,151.74
2,4,SemiTilt,4,7,9694.9,4,0,0,1,5,0.2603,145.29
2,4,SemiTilt,6,7,9855.7,6,0,0,0,6,0.5129,51.21
2,4,SemiTilt,2,8,8730.6,2,0,0,0,2,0.3642,139.99
2,4,SemiTilt,4,8,8540.8,4,0,0,0,4,0.4897,238.76
2,4,SemiTilt,6,8,10065.5,6,0,1,0,5,0.5482,183.29
2,4,SemiTilt,2,9,7758.6,2,0,0,0,2,0.4635,280.2
2,4,SemiTilt,4,9,8213.7,4,0,0,0,4,0.5789,132.15
2,4,SemiTilt,6,9,10320.1,6,0,0,0,6,0.7785,157.14
2,4,SemiTilt,2,10,7681.4,2,0,0,0,2,0.4846,44.82
2,4,SemiTilt,4,10,7374.0,4,0,0,0,4,0.5542,258.77
2,4,SemiTilt,6,10,9716.4,8,2,0,1,7,0.412,150.02
2,4,SemiTilt,2,11,7339.9,2,0,0,0,2,0.5604,104.05
2,4,SemiTilt,4,11,8360.1,4,0,0,0,4,0.4314,241.22
2,4,SemiTilt,6,11,10560.7,6,0,0,0,6,0.4267,109.88
2,4,SemiTilt,2,12,7070.6,2,0,0,0,2,0.3953,140.02
2,4,SemiTilt,4,12,9484.5,4,0,0,1,5,0.5019,30.41
2,4,SemiTilt,6,12,9157.5,7,1,1,1,6,0.3685,100.08
2,4,SemiTilt,2,13,6948.5,2,0,0,0,2,0.4334,41.16
2,4,SemiTilt,4,13,9001.4,4,0,0,0,4,0.3934,212.06
2,4,SemiTilt,6,13,10559.9,6,0,0,0,6,0.2451,156.35
2,4,SemiTilt,2,14,7869.2,2,0,0,1,3,0.2141,110.73
2,4,SemiTilt,4,14,8630.0,4,0,0,0,4,0.2072,90.01
2,4,SemiTilt,6,14,10776.5,6,0,0,1,7,0.4724,164.83
3,0,SemiSwipe,2,0,6331.4,2,0,0,0,2,0.5314,124.68
3,0,SemiSwipe,4,0,7464.8,4,0,0,0,4,0.4041,231.65
3,0,SemiSwipe,6,0,8846.4,6,0,0,0,6,0.5734,62.68
3,0,SemiSwipe,2,1,7276.9,2,0,0,0,2,0.547,199.37
3,0,SemiSwipe,4,1,7940.2,5,1,0,0,4,0.63,175.98
3,0,SemiSwipe,6,1,10298.8,8,2,0,0,6,0.292,166.62
3,0,SemiSwipe,2,2,7194.9,2,0,0,0,2,0.5424,161.27
3,0,SemiSwipe,4,2,8683.7,4,0,0,0,4,0.2147,92.24
3,0,SemiSwipe,6,2,8763.5,6,0,0,0,6,0.4374,77.64
3,0,SemiSwipe,2,3,6208.1,2,0,1,1,2,0.5123,145.14
3,0,SemiSwipe,4,3,6917.7,5,1,0,0,4,0.2662,186.36
3,0,SemiSwipe,6,3,8956.1,6,0,1,0,5,0.1864,104.43
3,0,SemiSwipe,2,4,5617.5,2,0,0,0,2,0.3408,150.89
3,0,SemiSwipe,4,4,7141.8,4,0,1,0,3,0.4549,277.99
3,0,SemiSwipe,6,4,9177.0,8,2,0,0,6,0.4057,207.89
3,0,SemiSwipe,2,5,6956.8,2,0,0,0,2,0.4907,121.12
3,0,SemiSwipe,4,5,8832.1,5,1,0,0,4,0.2092,40.98
3,0,SemiSwipe,6,5,9458.4,6,0,1,0,5,0.6307,193.41
3,0,SemiSwipe,2,6,6761.1,3,1,0,0,2,0.0175,235.76
3,0,SemiSwipe,4,6,8170.7,4,0,0,1,5,0.5012,174.35
3,0,SemiSwipe,6,6,8744.2,6,0,2,0,4,0.4015,148.23
3,0,SemiSwipe,2,7,7272.1,2,0,0,0,2,0.4215,187.64
3,0,SemiSwipe,4,7,7368.2,4,0,0,1,5,0.1498,87.62
3,0,SemiSwipe,6,7,9836.2,6,0,0,0,6,0.2797,181.36
3,0,SemiSwipe,2,8,5934.2,2,0,0,0,2,0.3375,232.79
3,0,SemiSwipe,4,8,7178.3,4,0,0,1,5,0.4401,169.04
3,0,SemiSwipe,6,8,9333.4,6,0,0,0,6,0.6877,161.37
3,0,SemiSwipe,2,9,5444.3,2,0,1,0,1,0.7523,229.33
3,0,SemiSwipe,4,9,7939.8,4,0,1,0,3,0.363,62.96
3,0,SemiSwipe,6,9,8715.3,8,2,0,0,6,0.3449,106.92
3,0,SemiSwipe,2,10,7841.6,2,0,0,1,3,0.2743,138.74
3,0,SemiSwipe,4,10,7633.8,5,1,0,0,4,0.4795,185.41
3,0,SemiSwipe,6,10,9368.0,6,0,0,0,6,0.4099,192.35
3,0,SemiSwipe,2,11,5708.0,2,0,0,0,2,0.6029,133.29
3,0,SemiSwipe,4,11,7522.8,4,0,0,0,4,0.1412,96.86
3,0,SemiSwipe,6,11,9385.3,6,0,0,0,6,0.2619,136.34
3,0,SemiSwipe,2,12,7204.0,2,0,0,1,3,0.2573,156.2
3,0,SemiSwipe,4,12,9236.8,4,0,0,0,4,0.6529,150.71
3,0,SemiSwipe,6,12,10386.7,6,0,1,1,6,0.4348,128.04
3,0,SemiSwipe,2,13,6908.8,2,0,0,0,2,0.3333,80.15
3,0,SemiSwipe,4,13,8468.7,4,0,0,1,5,0.4674,144.89
3,0,SemiSwipe,6,13,9326.8,6,0,0,0,6,0.2288,152.08
3,0,SemiSwipe,2,14,6635.4,2,0,0,0,2,0.4553,165.18
3,0,SemiSwipe,4,14,8783.7,4,0,0,1,5,0.3573,205.36
3,0,SemiSwipe,6,14,9538.0,8,2,0,0,6,0.4593,219.16
3,1,SemiDwell,2,0,5647.8,3,1,0,0,2,0.6355,181.81
3,1,SemiDwell,4,0,8443.8,4,0,0,1,5,0.4934,164.4
3,1,SemiDwell,6,0,9049.2,7,1,0,1,7,0.4276,206.87
3,1,SemiDwell,2,1,6168.4,2,0,0,1,3,0.4509,211.22
3,1,SemiDwell,4,1,7575.5,5,1,1,1,4,0.2504,90.48
3,1,SemiDwell,6,1,8720.5,7,1,0,0,6,0.4415,84.22
3,1,SemiDwell,2,2,6863.5,2,0,1,0,1,0.4551,148.56
3,1,SemiDwell,4,2,7361.1,4,0,0,0,4,0.2648,192.51
3,1,SemiDwell,6,2,9267.0,7,1,0,0,6,0.5906,62.75
3,1,SemiDwell,2,3,7121.6,2,0,0,0,2,0.1433,166.75
3,1,SemiDwell,4,3,8542.9,5,1,0,0,4,0.4957,221.87
3,1,SemiDwell,6,3,8926.9,7,1,0,0,6,0.3675,136.73
3,1,SemiDwell,2,4,5837.2,2,0,0,0,2,0.5691,2.17
3,1,SemiDwell,4,4,7283.1,4,0,0,0,4,0.6858,127.97
3,1,SemiDwell,6,4,9198.6,6,0,0,0,6,0.055,77.19
3,1,SemiDwell,2,5,6530.1,2,0,0,0,2,0.4835,139.28
3,1,SemiDwell,4,5,7445.2,4,0,0,0,4,0.3871,145.19
3,1,SemiDwell,6,5,10348.0,7,1,1,0,5,0.5413,240.8
3,1,SemiDwell,2,6,7073.5,2,0,0,1,3,0.5136,130.43
3,1,SemiDwell,4,6,7325.9,4,0,0,0,4,0.3759,127.76
3,1,SemiDwell,6,6,10341.1,7,1,0,0,6,0.4922,106.32
3,1,SemiDwell,2,7,6637.3,3,1,0,0,2,0.2861,174.21
3,1,SemiDwell,4,7,7117.7,4,0,0,1,5,0.415,127.64
3,1,SemiDwell,6,7,8102.8,6,0,0,1,7,0.2645,107.52
3,1,SemiDwell,2,8,6378.8,2,0,0,0,2,0.4598,174.27
3,1,SemiDwell,4,8,7068.3,5,1,0,1,5,0.5422,103.79
3,1,SemiDwell,6,8,8177.8,6,0,1,0,5,0.408,209.46
3,1,SemiDwell,2,9,5750.0,2,0,0,1,3,0.5927,177.09
3,1,SemiDwell,4,9,9168.8,4,0,1,0,3,0.2061,144.56
3,1,SemiDwell,6,9,9004.0,6,0,1,1,6,0.412,153.58
3,1,SemiDwell,2,10,6936.4,2,0,0,0,2,0.6743,162.39
3,1,SemiDwell,4,10,7039.6,5,1,0,0,4,0.371,209.72
3,1,SemiDwell,6,10,8874.5,6,0,0,1,7,0.2491,31.02
3,1,SemiDwell,2,11,6443.3,2,0,0,0,2,0.5881,156.04
3,1,SemiDwell,4,11,7793.2,4,0,0,0,4,0.1456,223.0
3,1,SemiDwell,6,11,8890.3,7,1,0,1,7,0.3856,206.1
3,1,SemiDwell,2,12,5857.1,2,0,0,0,2,0.3538,90.16
3,1,SemiDwell,4,12,7966.5,4,0,0,1,5,0.4341,69.35
3,1,SemiDwell,6,12,9889.2,6,0,0,0,6,0.3699,180.97
3,1,SemiDwell,2,13,6217.2,2,0,0,1,3,0.3412,44.79
3,1,SemiDwell,4,13,7874.3,4,0,0,0,4,0.7129,156.16
3,1,SemiDwell,6,13,9704.9,6,0,2,0,4,0.454,200.75
3,1,SemiDwell,2,14,5646.7,2,0,1,0,1,0.6407,113.5
3,1,SemiDwell,4,14,7668.1,5,1,0,0,4,0.6549,199.83
3,1,SemiDwell,6,14,9277.2,6,0,0,0,6,0.2779,167.27
3,2,SemiTilt,2,0,6493.0,2,0,0,0,2,0.5789,26.5
3,2,SemiTilt,4,0,8487.1,5,1,0,0,4,0.5795,139.19
3,2,SemiTilt,6,0,9497.9,7,1,0,0,6,0.1835,205.87
3,2,SemiTilt,2,1,6247.6,3,1,0,0,2,0.3238,127.28
3,2,SemiTilt,4,1,8832.6,5,1,0,0,4,0.1809,158.62
3,2,SemiTilt,6,1,10517.5,6,0,0,0,6,0.2746,91.25
3,2,SemiTilt,2,2,7085.4,2,0,0,0,2,0.517,215.16
3,2,SemiTilt,4,2,8221.1,4,0,0,0,4,0.3654,167.52
3,2,SemiTilt,6,2,10095.1,7,1,0,1,7,0.2499,57.87
3,2,SemiTilt,2,3,5585.8,2,0,0,0,2,0.7337,89.38
3,2,SemiTilt,4,3,7630.4,5,1,0,0,4,0.3676,84.09
3,2,SemiTilt,6,3,9154.8,7,1,2,0,4,0.3513,184.61
3,2,SemiTilt,2,4,7106.7,2,0,0,0,2,0.1919,151.76
3,2,SemiTilt,4,4,8306.1,4,0,0,0,4,0.4537,159.36
3,2,SemiTilt,6,4,9698.1,6,0,0,0,6,0.4177,151.67
3,2,SemiTilt,2,5,6553.8,2,0,0,0,2,0.0309,85.69
3,2,SemiTilt,4,5,8021.7,4,0,0,1,5,0.5703,142.67
3,2,SemiTilt,6,5,10434.3,6,0,0,1,7,0.6761,219.09
3,2,SemiTilt,2,6,7056.5,2,0,0,1,3,0.8507,157.85
3,2,SemiTilt,4,6,8188.3,6,2,0,0,4,0.4008,215.89
3,2,SemiTilt,6,6,10081.1,6,0,0,0,6,0.4694,108.26
3,2,SemiTilt,2,7,7774.4,2,0,0,0,2,0.3931,159.01
3,2,SemiTilt,4,7,8915.7,4,0,1,0,3,0.4583,251.03
3,2,SemiTilt,6,7,8571.1,7,1,0,0,6,0.3836,56.83
3,2,SemiTilt,2,8,6059.6,2,0,0,0,2,0.3679,210.6
3,2,SemiTilt,4,8,8485.5,4,0,0,0,4,0.4848,208.9
3,2,SemiTilt,6,8,9702.2,6,0,0,0,6,0.4532,157.22
3,2,SemiTilt,2,9,6391.6,3,1,0,0,2,0.4733,197.34
3,2,SemiTilt,4,9,8234.9,5,1,0,1,5,0.3681,139.36
3,2,SemiTilt,6,9,9206.2,6,0,0,0,6,0.1035,120.95
3,2,SemiTilt,2,10,7258.4,2,0,0,0,2,0.5738,216.2
3,2,SemiTilt,4,10,8765.6,4,0,0,1,5,0.3729,110.74
3,2,SemiTilt,6,10,9197.0,6,0,0,0,6,0.5379,68.28
3,2,SemiTilt,2,11,6885.2,3,1,0,0,2,0.3936,75.36
3,2,SemiTilt,4,11,8477.6,5,1,0,0,4,0.3674,64.01
3,2,SemiTilt,6,11,10546.6,6,0,0,0,6,0.3842,99.88
3,2,SemiTilt,2,12,6210.8,2,0,0,1,3,0.5079,125.65
3,2,SemiTilt,4,12,8309.2,4,0,0,1,5,0.4518,134.84
3,2,SemiTilt,6,12,10089.6,7,1,0,0,6,0.5502,92.49
3,2,SemiTilt,2,13,6394.5,2,0,0,0,2,0.3548,229.6
3,2,SemiTilt,4,13,8116.6,4,0,1,0,3,0.4515,201.83
3,2,SemiTilt,6,13,9200.2,6,0,1,0,5,0.3041,254.07
3,2,SemiTilt,2,14,7145.1,2,0,0,0,2,0.3595,38.49
3,2,SemiTilt,4,14,8195.4,4,0,1,0,3,0.5772,82.35
3,2,SemiTilt,6,14,9847.1,6,0,1,0,5,0.2783,140.69
3,3,SemiNDH,2,0,6224.2,2,0,0,0,2,0.2226,190.23
3,3,SemiNDH,4,0,8207.1,4,0,1,0,3,0.4715,138.27
3,3,SemiNDH,6,0,9778.5,6,0,1,0,5,0.5374,244.49
3,3,SemiNDH,2,1,5573.2,2,0,0,0,2,0.6111,152.24
3,3,SemiNDH,4,1,7681.3,5,1,0,0,4,0.2584,150.05
3,3,SemiNDH,6,1,8168.9,6,0,0,0,6,0.426,89.9
3,3,SemiNDH,2,2,6465.6,2,0,0,0,2,0.3117,163.62
3,3,SemiNDH,4,2,8156.0,4,0,0,0,4,0.6326,85.84
3,3,SemiNDH,6,2,9169.3,6,0,0,0,6,0.514,168.13
3,3,SemiNDH,2,3,5641.7,2,0,0,0,2,0.414,99.17
3,3,SemiNDH,4,3,8153.7,4,0,1,0,3,0.5104,236.25
3,3,SemiNDH,6,3,9566.6,6,0,0,0,6,0.6562,120.49
3,3,SemiNDH,2,4,6234.2,2,0,0,0,2,0.3336,130.68
3,3,SemiNDH,4,4,8162.7,4,0,0,0,4,0.2147,226.92
3,3,SemiNDH,6,4,8452.6,6,0,0,1,7,0.4495,94.52
3,3,SemiNDH,2,5,5855.0,2,0,0,0,2,0.657,218.89
3,3,SemiNDH,4,5,6877.4,4,0,0,0,4,0.4521,80.48
3,3,SemiNDH,6,5,9920.8,7,1,0,0,6,0.4454,36.76
3,3,SemiNDH,2,6,7265.1,2,0,0,0,2,0.1927,140.82
3,3,SemiNDH,4,6,6960.9,4,0,0,0,4,0.0198,88.79
3,3,SemiNDH,6,6,8938.1,7,1,1,1,6,0.3633,201.67
3,3,SemiNDH,2,7,4920.3,3,1,0,0,2,0.546,223.62
3,3,SemiNDH,4,7,7290.2,4,0,0,0,4,0.3214,202.48
3,3,SemiNDH,6,7,8846.6,6,0,0,0,6,0.525,123.78
3,3,SemiNDH,2,8,6038.3,2,0,0,0,2,0.5119,132.49
3,3,SemiNDH,4,8,8095.4,4,0,0,0,4,0.4004,275.52
3,3,SemiNDH,6,8,9347.8,6,0,0,0,6,0.5008,188.72
3,3,SemiNDH,2,9,5939.5,2,0,1,0,1,0.6046,116.43
3,3,SemiNDH,4,9,8327.0,4,0,0,0,4,0.5403,139.83
3,3,SemiNDH,6,9,9324.0,6,0,0,1,7,0.209,155.46
3,3,SemiNDH,2,10,5558.7,2,0,0,0,2,0.3485,151.32
3,3,SemiNDH,4,10,8121.2,4,0,1,0,3,0.3085,65.86
3,3,SemiNDH,6,10,8715.1,7,1,0,1,7,0.4014,120.18
3,3,SemiNDH,2,11,6841.5,2,0,0,1,3,0.5418,176.01
3,3,SemiNDH,4,11,8014.0,4,0,0,0,4,0.4211,153.16
3,3,SemiNDH,6,11,8900.2,6,0,0,0,6,0.2501,200.02
3,3,SemiNDH,2,12,7171.2,2,0,0,0,2,0.3257,48.94
3,3,SemiNDH,4,12,7845.4,4,0,0,0,4,0.3648,58.26
3,3,SemiNDH,6,12,9087.2,7,1,0,0,6,0.345,79.87
3,3,SemiNDH,2,13,7000.0,2,0,0,0,2,0.4094,95.83
3,3,SemiNDH,4,13,7791.6,4,0,0,0,4,0.5383,159.82
3,3,SemiNDH,6,13,9219.6,7,1,1,0,5,0.1766,59.28
3,3,SemiNDH,2,14,6306.6,2,0,0,0,2,0.3392,221.85
3,3,SemiNDH,4,14,8503.4,4,0,0,0,4,0.5589,182.37
3,3,SemiNDH,6,14,7638.5,7,1,0,0,6,0.1635,190.03
3,4,FullDH,2,0,6141.9,2,0,0,1,3,0.3276,156.21
3,4,FullDH,4,0,7417.2,4,0,0,1,5,0.4421,192.31
3,4,FullDH,6,0,8455.7,6,0,1,0,5,0.3628,246.15
3,4,FullDH,2,1,5264.3,2,0,0,0,2,0.4636,177.67
3,4,FullDH,4,1,7489.4,4,0,0,0,4,0.2854,259.82
3,4,FullDH,6,1,8592.8,7,1,0,0,6,0.4986,182.53
3,4,FullDH,2,2,5618.3,2,0,0,0,2,0.3485,92.31
3,4,FullDH,4,2,6756.9,4,0,1,1,4,0.4447,151.77
3,4,FullDH,6,2,8492.4,6,0,0,0,6,0.3807,168.69
3,4,FullDH,2,3,5166.4,2,0,0,1,3,0.3573,153.52
3,4,FullDH,4,3,8628.4,4,0,0,0,4,0.6292,145.18
3,4,FullDH,6,3,8017.4,6,0,1,0,5,0.5295,124.23
3,4,FullDH,2,4,6020.4,2,0,0,0,2,0.2306,213.17
3,4,FullDH,4,4,8398.8,6,2,0,0,4,0.4948,125.46
3,4,FullDH,6,4,9662.9,6,0,0,0,6,0.3988,258.57
3,4,FullDH,2,5,6329.8,2,0,0,1,3,0.3893,145.08
3,4,FullDH,4,5,6952.0,4,0,0,0,4,0.4513,235.09
3,4,FullDH,6,5,10349.9,6,0,0,1,7,0.3416,178.44
3,4,FullDH,2,6,5477.9,2,0,0,0,2,0.2987,118.71
3,4,FullDH,4,6,7632.8,4,0,0,0,4,0.6143,109.03
3,4,FullDH,6,6,8299.3,7,1,0,0,6,0.4538,176.66
3,4,FullDH,2,7,6892.4,2,0,0,0,2,0.4249,46.69
3,4,FullDH,4,7,7440.2,4,0,0,0,4,0.1426,157.53
3,4,FullDH,6,7,8487.6,6,0,0,0,6,0.532,282.51
3,4,FullDH,2,8,6957.5,2,0,0,0,2,0.3363,168.4
3,4,FullDH,4,8,7406.1,4,0,0,0,4,0.6006,144.52
3,4,FullDH,6,8,9361.0,6,0,0,0,6,0.6141,108.94
3,4,FullDH,2,9,6431.8,3,1,0,0,2,0.4504,175.11
3,4,FullDH,4,9,8263.9,4,0,0,0,4,0.4039,186.85
3,4,FullDH,6,9,9338.3,6,0,0,1,7,0.225,205.44
3,4,FullDH,2,10,6204.2,2,0,0,0,2,0.2092,165.26
3,4,FullDH,4,10,7658.2,5,1,0,0,4,0.4136,165.67
3,4,FullDH,6,10,8084.2,6,0,0,0,6,0.4424,144.88
3,4,FullDH,2,11,6300.8,2,0,0,0,2,0.2407,114.73
3,4,FullDH,4,11,7413.8,4,0,0,1,5,0.2969,174.25
3,4,FullDH,6,11,7934.0,6,0,1,0,5,0.6348,116.31
3,4,FullDH,2,12,5177.0,2,0,0,1,3,0.5599,99.19
3,4,FullDH,4,12,7161.9,4,0,0,0,4,0.2371,210.57
3,4,FullDH,6,12,8273.4,6,0,0,0,6,0.1798,147.65
3,4,FullDH,2,13,6180.4,2,0,0,1,3,0.3954,148.35
3,4,FullDH,4,13,6691.6,4,0,1,0,3,0.6217,204.04
3,4,FullDH,6,13,8315.1,6,0,0,0,6,0.3504,187.95
3,4,FullDH,2,14,5911.6,2,0,0,1,3,0.1836,190.22
3,4,FullDH,4,14,7279.4,4,0,0,1,5,0.3566,154.69
3,4,FullDH,6,14,8192.3,6,0,0,0,6,0.3972,210.25
4,0,SemiTilt,2,0,6149.0,2,0,0,0,2,0.4962,102.83
4,0,SemiTilt,4,0,9870.3,4,0,0,0,4,0.4394,78.44
4,0,SemiTilt,6,0,9000.6,6,0,0,0,6,0.5241,164.96
4,0,SemiTilt,2,1,7232.6,2,0,0,0,2,0.4337,206.53
4,0,SemiTilt,4,1,8505.9,4,0,0,0,4,0.4327,127.21
4,0,SemiTilt,6,1,10308.7,7,1,0,1,7,0.1955,80.14
4,0,SemiTilt,2,2,6788.2,2,0,0,0,2,0.2743,36.76
4,0,SemiTilt,4,2,9058.4,4,0,0,0,4,0.4047,148.79
4,0,SemiTilt,6,2,10148.3,6,0,0,1,7,0.7295,181.18
4,0,SemiTilt,2,3,7468.1,2,0,0,0,2,0.2619,167.27
4,0,SemiTilt,4,3,7915.4,4,0,0,0,4,0.6243,70.07
4,0,SemiTilt,6,3,9567.3,6,0,0,0,6,0.4417,156.15
4,0,SemiTilt,2,4,6726.3,2,0,0,1,3,0.3947,280.53
4,0,SemiTilt,4,4,8639.4,4,0,0,0,4,0.3224,213.79
4,0,SemiTilt,6,4,9754.7,6,0,0,0,6,0.3636,177.33
4,0,SemiTilt,2,5,7430.0,3,1,0,0,2,0.2875,273.21
4,0,SemiTilt,4,5,9494.2,4,0,0,1,5,0.4352,53.12
4,0,SemiTilt,6,5,10567.7,6,0,1,0,5,0.5645,82.72
4,0,SemiTilt,2,6,7472.8,2,0,0,1,3,0.3569,170.74
4,0,SemiTilt,4,6,8129.6,4,0,0,0,4,0.4422,188.77
4,0,SemiTilt,6,6,9429.3,7,1,0,0,6,0.3488,142.93
4,0,SemiTilt,2,7,7037.8,3,1,0,0,2,0.3917,155.51
4,0,SemiTilt,4,7,7631.9,4,0,1,0,3,0.4154,253.33
4,0,SemiTilt,6,7,9569.6,6,0,1,0,5,0.8941,117.74
4,0,SemiTilt,2,8,7084.0,2,0,0,1,3,0.399,174.8
4,0,SemiTilt,4,8,9004.2,4,0,0,0,4,0.558,143.63
4,0,SemiTilt,6,8,10009.3,6,0,0,0,6,0.4659,193.34
4,0,SemiTilt,2,9,6194.5,2,0,0,0,2,0.099,214.42
4,0,SemiTilt,4,9,8788.6,4,0,0,0,4,0.2465,136.05
4,0,SemiTilt,6,9,10188.1,6,0,0,0,6,0.242,90.93
4,0,SemiTilt,2,10,7504.9,2,0,0,0,2,0.367,182.38
4,0,SemiTilt,4,10,8894.2,4,0,0,0,4,0.3163,222.24
4,0,SemiTilt,6,10,9249.8,6,0,0,0,6,0.4647,99.37
4,0,SemiTilt,2,11,6711.7,2,0,0,1,3,0.4735,212.59
4,0,SemiTilt,4,11,8433.3,4,0,0,0,4,0.4055,112.77
4,0,SemiTilt,6,11,9834.7,6,0,2,1,5,0.3185,91.53
4,0,SemiTilt,2,12,8378.7,2,0,0,0,2,0.5406,177.32
4,0,SemiTilt,4,12,8341.2,5,1,0,1,5,0.3556,186.51
4,0,SemiTilt,6,12,9316.9,6,0,0,0,6,0.4302,176.36
4,0,SemiTilt,2,13,7288.0,2,0,0,0,2,0.4622,147.88
4,0,SemiTilt,4,13,9333.2,4,0,0,0,4,0.6064,91.85
4,0,SemiTilt,6,13,9822.5,6,0,0,0,6,0.6681,174.52
4,0,SemiTilt,2,14,6768.1,2,0,0,0,2,0.3866,244.8
4,0,SemiTilt,4,14,9099.4,5,1,1,1,4,0.3049,64.53
4,0,SemiTilt,6,14,9460.7,7,1,0,0,6,0.4783,155.6
4,1,SemiSwipe,2,0,7791.3,2,0,0,1,3,0.3057,235.65
4,1,SemiSwipe,4,0,9127.2,4,0,0,0,4,0.3942,112.56
4,1,SemiSwipe,6,0,9805.0,6,0,0,1,7,0.3003,198.43
4,1,SemiSwipe,2,1,6467.6,2,0,0,1,3,0.5387,145.11
4,1,SemiSwipe,4,1,9054.4,4,0,0,0,4,0.6962,174.29
4,1,SemiSwipe,6,1,9166.9,6,0,0,0,6,0.3671,162.23
4,1,SemiSwipe,2,2,6343.6,2,0,0,0,2,0.3758,75.98
4,1,SemiSwipe,4,2,8068.8,4,0,0,1,5,0.2507,122.28
4,1,SemiSwipe,6,2,10165.9,6,0,0,0,6,0.5876,175.82
4,1,SemiSwipe,2,3,6909.3,2,0,0,0,2,0.4108,257.61
4,1,SemiSwipe,4,3,8597.1,4,0,0,0,4,0.3452,296.65
4,1,SemiSwipe,6,3,9495.7,6,0,0,0,6,0.28,123.17
4,1,SemiSwipe,2,4,7709.7,3,1,0,1,3,0.2065,275.19
4,1,SemiSwipe,4,4,7781.9,5,1,0,0,4,0.2297,146.4
4,1,SemiSwipe,6,4,9407.7,6,0,0,1,7,0.3849,196.96
4,1,SemiSwipe,2,5,6236.3,2,0,0,1,3,0.1562,266.99
4,1,SemiSwipe,4,5,7401.7,4,0,0,0,4,0.4696,172.82
4,1,SemiSwipe,6,5,9038.0,6,0,0,0,6,0.3405,247.05
4,1,SemiSwipe,2,6,7294.8,2,0,0,0,2,0.7168,205.79
4,1,SemiSwipe,4,6,8728.3,4,0,1,0,3,0.5887,106.04
4,1,SemiSwipe,6,6,9856.7,7,1,0,0,6,0.3122,11.7
4,1,SemiSwipe,2,7,8686.7,2,0,0,0,2,0.2881,139.82
4,1,SemiSwipe,4,7,7760.6,4,0,0,0,4,0.2377,68.87
4,1,SemiSwipe,6,7,9321.1,6,0,0,0,6,0.3955,223.18
4,1,SemiSwipe,2,8,7681.1,2,0,0,1,3,0.2681,168.45
4,1,SemiSwipe,4,8,7747.9,4,0,0,1,5,0.2499,130.06
4,1,SemiSwipe,6,8,8895.3,7,1,0,0,6,0.3662,146.98
4,1,SemiSwipe,2,9,6544.1,2,0,0,1,3,0.4785,244.1
4,1,SemiSwipe,4,9,8011.6,4,0,0,1,5,0.4898,185.82
4,1,SemiSwipe,6,9,10529.2,6,0,0,1,7,0.2816,241.98
4,1,SemiSwipe,2,10,6636.8,3,1,0,1,3,0.2706,227.31
4,1,SemiSwipe,4,10,8447.6,4,0,0,1,5,0.2496,94.01
4,1,SemiSwipe,6,10,9093.2,7,1,0,1,7,0.0568,153.84
4,1,SemiSwipe,2,11,7286.1,2,0,0,0,2,0.5693,167.23
4,1,SemiSwipe,4,11,8123.2,4,0,1,0,3,0.3243,192.9
4,1,SemiSwipe,6,11,10178.8,6,0,0,1,7,0.4918,206.6
4,1,SemiSwipe,2,12,7196.0,2,0,0,0,2,0.4891,145.64
4,1,SemiSwipe,4,12,9506.7,5,1,0,0,4,0.2267,168.58
4,1,SemiSwipe,6,12,8595.3,6,0,0,0,6,0.2214,124.52
4,1,SemiSwipe,2,13,8508.0,2,0,0,1,3,0.6116,116.97
4,1,SemiSwipe,4,13,8876.1,4,0,1,0,3,0.3387,247.47
4,1,SemiSwipe,6,13,9889.0,6,0,1,0,5,0.4778,125.64
4,1,SemiSwipe,2,14,7275.2,2,0,0,0,2,0.3755,201.59
4,1,SemiSwipe,4,14,8120.5,4,0,0,1,5,0.316,184.53
4,1,SemiSwipe,6,14,9811.5,6,0,0,0,6,0.4928,202.3
4,2,FullDH,2,0,7138.9,2,0,0,1,3,0.2711,140.23
4,2,FullDH,4,0,7603.1,4,0,0,0,4,0.2615,109.39
4,2,FullDH,6,0,8025.3,6,0,0,0,6,0.6976,187.81
4,2,FullDH,2,1,6021.6,2,0,0,0,2,0.2087,177.32
4,2,FullDH,4,1,7949.5,4,0,1,1,4,0.3548,221.95
4,2,FullDH,6,1,8622.2,7,1,1,0,5,0.5334,141.47
4,2,FullDH,2,2,5696.8,2,0,0,0,2,0.2348,86.72
4,2,FullDH,4,2,7887.9,4,0,0,0,4,0.1828,132.68
4,2,FullDH,6,2,8682.0,6,0,0,0,6,0.4172,148.75
4,2,FullDH,2,3,5943.3,2,0,0,1,3,0.3371,159.43
4,2,FullDH,4,3,7604.9,4,0,0,0,4,0.213,132.18
4,2,FullDH,6,3,9159.3,6,0,0,1,7,0.5862,193.01
4,2,FullDH,2,4,6825.0,3,1,0,0,2,0.3962,70.94
4,2,FullDH,4,4,7459.9,4,0,0,0,4,0.2582,139.54
4,2,FullDH,6,4,8628.2,7,1,0,1,7,0.4438,197.5
4,2,FullDH,2,5,5561.4,2,0,0,1,3,0.009,202.12
4,2,FullDH,4,5,7166.1,4,0,0,0,4,0.2207,176.65
4,2,FullDH,6,5,9059.1,7,1,0,0,6,0.4163,174.86
4,2,FullDH,2,6,5698.3,2,0,0,0,2,0.3758,252.15
4,2,FullDH,4,6,8783.8,4,0,0,0,4,0.4413,193.36
4,2,FullDH,6,6,9045.1,6,0,0,0,6,0.5491,52.19
4,2,FullDH,2,7,6834.7,2,0,0,0,2,0.4898,176.6
4,2,FullDH,4,7,7772.5,4,0,0,0,4,0.3422,38.48
4,2,FullDH,6,7,9164.0,6,0,0,0,6,0.5,130.36
4,2,FullDH,2,8,6288.2,2,0,0,1,3,0.4594,148.51
4,2,FullDH,4,8,8171.0,4,0,0,0,4,0.5628,118.82
4,2,FullDH,6,8,9065.3,8,2,0,0,6,0.2568,209.14
4,2,FullDH,2,9,6113.0,2,0,0,0,2,0.3254,183.41
4,2,FullDH,4,9,7540.4,5,1,0,1,5,0.4755,119.15
4,2,FullDH,6,9,8663.7,6,0,0,1,7,0.147,203.17
4,2,FullDH,2,10,6547.3,2,0,0,0,2,0.4686,98.85
4,2,FullDH,4,10,7218.4,4,0,0,0,4,0.4938,171.78
4,2,FullDH,6,10,9542.4,6,0,0,1,7,0.5646,75.86
4,2,FullDH,2,11,5241.2,2,0,0,0,2,0.2093,183.18
4,2,FullDH,4,11,6939.4,5,1,0,0,4,0.5855,95.14
4,2,FullDH,6,11,9030.6,6,0,1,0,5,0.4818,124.73
4,2,FullDH,2,12,6146.5,2,0,0,0,2,0.3822,299.88
4,2,FullDH,4,12,6487.1,4,0,0,0,4,0.6205,206.19
4,2,FullDH,6,12,8373.9,6,0,0,0,6,0.4019,98.93
4,2,FullDH,2,13,5269.9,2,0,0,0,2,0.5452,158.24
4,2,FullDH,4,13,8004.1,4,0,0,0,4,0.237,152.21
4,2,FullDH,6,13,9525.6,6,0,1,0,5,0.4121,161.79
4,2,FullDH,2,14,4904.8,4,2,0,1,3,0.4173,147.0
4,2,FullDH,4,14,6972.6,4,0,0,0,4,0.6878,145.9
4,2,FullDH,6,14,9989.6,8,2,1,1,6,0.6168,245.89
4,3,SemiDwell,2,0,7095.0,2,0,0,1,3,0.3095,202.54
4,3,SemiDwell,4,0,8326.6,4,0,1,0,3,0.3917,174.19
4,3,SemiDwell,6,0,9006.8,7,1,0,1,7,0.2512,43.0
4,3,SemiDwell,2,1,6454.0,2,0,0,0,2,0.7141,197.92
4,3,SemiDwell,4,1,7467.6,5,1,0,1,5,0.5615,225.92
4,3,SemiDwell,6,1,9699.2,6,0,0,0,6,0.3604,90.97
4,3,SemiDwell,2,2,6644.2,2,0,0,0,2,0.5229,135.35
4,3,SemiDwell,4,2,8622.9,4,0,1,0,3,0.0341,105.92
4,3,SemiDwell,6,2,9234.6,6,0,0,0,6,0.6496,200.63
4,3,SemiDwell,2,3,7229.2,2,0,0,1,3,0.2875,168.95
4,3,SemiDwell,4,3,7805.2,4,0,0,0,4,0.7139,141.91
4,3,SemiDwell,6,3,9448.3,7,1,0,0,6,0.2989,231.77
4,3,SemiDwell,2,4,7069.3,3,1,0,0,2,0.4504,212.96
4,3,SemiDwell,4,4,7123.8,4,0,0,0,4,0.2699,115.03
4,3,SemiDwell,6,4,8101.5,6,0,1,0,5,0.3863,131.18
4,3,SemiDwell,2,5,6229.8,2,0,1,0,1,0.3136,253.91
4,3,SemiDwell,4,5,7015.1,4,0,0,0,4,0.3157,79.69
4,3,SemiDwell,6,5,9624.1,6,0,0,0,6,0.4871,126.52
4,3,SemiDwell,2,6,6966.1,2,0,0,0,2,0.7983,230.35
4,3,SemiDwell,4,6,7681.3,4,0,0,0,4,0.333,248.94
4,3,SemiDwell,6,6,9462.1,6,0,0,1,7,0.3942,81.68
4,3,SemiDwell,2,7,5430.1,2,0,0,0,2,0.2526,162.87
4,3,SemiDwell,4,7,7543.4,4,0,0,0,4,0.3159,171.82
4,3,SemiDwell,6,7,8766.6,6,0,0,1,7,0.5389,229.95
4,3,SemiDwell,2,8,6809.5,2,0,0,0,2,0.7022,98.56
4,3,SemiDwell,4,8,7340.5,4,0,0,0,4,0.3968,146.84
4,3,SemiDwell,6,8,9475.6,6,0,0,0,6,0.4581,118.26
4,3,SemiDwell,2,9,6533.6,2,0,0,0,2,0.4219,63.86
4,3,SemiDwell,4,9,7668.2,4,0,0,0,4,0.4186,13.81
4,3,SemiDwell,6,9,10058.3,6,0,0,0,6,0.5156,126.4
4,3,SemiDwell,2,10,6349.9,3,1,0,1,3,0.5074,156.68
4,3,SemiDwell,4,10,7841.1,4,0,0,1,5,0.4096,191.36
4,3,SemiDwell,6,10,8924.8,6,0,0,0,6,0.3584,213.33
4,3,SemiDwell,2,11,5838.6,3,1,0,0,2,0.3064,214.44
4,3,SemiDwell,4,11,7878.0,4,0,0,0,4,0.6095,149.69
4,3,SemiDwell,6,11,9443.3,6,0,0,0,6,0.5399,187.7
4,3,SemiDwell,2,12,5969.1,2,0,0,0,2,0.2979,86.39
4,3,SemiDwell,4,12,8630.9,4,0,0,1,5,0.4805,153.48
4,3,SemiDwell,6,12,8468.7,6,0,0,0,6,0.438,145.99
4,3,SemiDwell,2,13,5796.7,2,0,0,0,2,0.4835,163.02
4,3,SemiDwell,4,13,8922.0,4,0,0,0,4,0.5231,230.54
4,3,SemiDwell,6,13,9084.7,8,2,0,1,7,0.4214,181.26
4,3,SemiDwell,2,14,5240.7,2,0,0,0,2,0.5552,5.54
4,3,SemiDwell,4,14,8692.4,5,1,0,0,4,0.4396,202.31
4,3,SemiDwell,6,14,8368.7,6,0,0,1,7,0.6594,185.83
4,4,SemiNDH,2,0,7288.2,2,0,0,0,2,0.309,193.58
4,4,SemiNDH,4,0,7329.0,4,0,0,0,4,0.5756,59.52
4,4,SemiNDH,6,0,8539.9,6,0,0,0,6,0.3634,235.56
4,4,SemiNDH,2,1,6186.8,2,0,0,0,2,0.3461,173.08
4,4,SemiNDH,4,1,8433.7,4,0,0,0,4,0.6302,199.64
4,4,SemiNDH,6,1,8549.2,6,0,1,1,6,0.3673,186.02
4,4,SemiNDH,2,2,5096.8,3,1,0,0,2,0.2243,5.09
4,4,SemiNDH,4,2,8823.5,4,0,0,0,4,0.4451,231.27
4,4,SemiNDH,6,2,9493.5,7,1,0,0,6,0.4262,116.89
4,4,SemiNDH,2,3,6605.2,2,0,0,0,2,0.4489,100.14
4,4,SemiNDH,4,3,7841.9,4,0,0,0,4,0.0446,198.28
4,4,SemiNDH,6,3,8580.8,6,0,0,1,7,0.5517,76.64
4,4,SemiNDH,2,4,5795.4,2,0,1,0,1,0.3452,117.25
4,4,SemiNDH,4,4,7333.6,4,0,0,0,4,0.4848,93.43
4,4,SemiNDH,6,4,9522.2,8,2,0,0,6,0.4292,127.67
4,4,SemiNDH,2,5,6231.5,2,0,0,0,2,0.4394,178.63
4,4,SemiNDH,4,5,7305.9,4,0,0,0,4,0.39,136.37
4,4,SemiNDH,6,5,8011.9,6,0,0,0,6,0.5036,246.66
4,4,SemiNDH,2,6,5998.5,3,1,0,0,2,0.34,195.85
4,4,SemiNDH,4,6,8371.2,4,0,1,0,3,0.3143,83.83
4,4,SemiNDH,6,6,9738.7,6,0,0,1,7,0.4833,131.21
4,4,SemiNDH,2,7,6128.6,2,0,0,0,2,0.5406,197.7
4,4,SemiNDH,4,7,6794.6,4,0,0,0,4,0.4688,96.38
4,4,SemiNDH,6,7,8938.3,6,0,0,0,6,0.4832,108.77
4,4,SemiNDH,2,8,5565.6,2,0,0,1,3,0.6852,101.95
4,4,SemiNDH,4,8,6434.7,4,0,0,0,4,0.1072,123.02
4,4,SemiNDH,6,8,9268.8,6,0,0,0,6,0.4924,141.42
4,4,SemiNDH,2,9,6065.2,3,1,0,0,2,0.4049,189.8
4,4,SemiNDH,4,9,8631.3,4,0,0,0,4,0.5212,98.51
4,4,SemiNDH,6,9,9456.7,6,0,0,0,6,0.403,139.67
4,4,SemiNDH,2,10,6206.7,2,0,0,0,2,0.5816,138.27
4,4,SemiNDH,4,10,7301.8,4,0,0,0,4,0.4517,92.76
4,4,SemiNDH,6,10,8711.8,6,0,1,0,5,0.4415,28.01
4,4,SemiNDH,2,11,5479.3,2,0,0,0,2,0.4306,177.45
4,4,SemiNDH,4,11,7828.2,4,0,0,0,4,0.7315,112.91
4,4,SemiNDH,6,11,7524.4,6,0,1,1,6,0.3885,186.94
4,4,SemiNDH,2,12,6203.6,2,0,0,0,2,0.4503,110.68
4,4,SemiNDH,4,12,7913.4,4,0,0,0,4,0.2978,120.44
4,4,SemiNDH,6,12,10322.2,6,0,0,0,6,0.2995,168.65
4,4,SemiNDH,2,13,7256.8,2,0,0,0,2,0.5154,86.18
4,4,SemiNDH,4,13,7780.5,4,0,1,0,3,0.2117,138.83
4,4,SemiNDH,6,13,9038.3,7,1,0,0,6,0.3383,116.03
4,4,SemiNDH,2,14,5753.1,2,0,0,0,2,0.1779,35.17
4,4,SemiNDH,4,14,8291.0,4,0,0,1,5,0.3924,80.88
4,4,SemiNDH,6,14,8692.8,7,1,0,1,7,0.1273,178.97
5,0,SemiDwell,2,0,7071.2,2,0,0,0,2,0.282,185.38
5,0,SemiDwell,4,0,7829.2,5,1,1,0,3,0.5744,153.36
5,0,SemiDwell,6,0,9598.5,6,0,0,0,6,0.1867,153.04
5,0,SemiDwell,2,1,6823.4,2,0,0,0,2,0.2856,84.82
5,0,SemiDwell,4,1,8303.1,5,1,0,0,4,0.3972,142.98
5,0,SemiDwell,6,1,8907.5,6,0,0,0,6,0.0336,212.77
5,0,SemiDwell,2,2,6231.6,2,0,0,0,2,0.3861,103.68
5,0,SemiDwell,4,2,7696.1,4,0,1,0,3,0.4981,111.44
5,0,SemiDwell,6,2,9488.5,7,1,1,1,6,0.4704,205.63
5,0,SemiDwell,2,3,6601.6,2,0,0,0,2,0.4976,185.84
5,0,SemiDwell,4,3,8602.3,4,0,0,0,4,0.5789,215.6
5,0,SemiDwell,6,3,9296.7,6,0,0,0,6,0.2638,133.58
5,0,SemiDwell,2,4,6688.6,2,0,0,0,2,0.3756,42.13
5,0,SemiDwell,4,4,7836.0,5,1,0,0,4,0.4002,149.12
5,0,SemiDwell,6,4,9565.0,7,1,1,0,5,0.2807,61.27
5,0,SemiDwell,2,5,6458.3,2,0,0,1,3,0.2528,181.87
5,0,SemiDwell,4,5,8178.6,4,0,0,0,4,0.5265,256.65
5,0,SemiDwell,6,5,9583.1,6,0,0,0,6,0.6477,162.69
5,0,SemiDwell,2,6,6991.7,3,1,0,0,2,0.2105,152.05
5,0,SemiDwell,4,6,7605.5,4,0,0,1,5,0.5096,119.8
5,0,SemiDwell,6,6,9093.5,6,0,1,0,5,0.5388,145.28
5,0,SemiDwell,2,7,6149.4,2,0,0,0,2,0.4027,205.9
5,0,SemiDwell,4,7,8772.0,4,0,0,0,4,0.239,109.9
5,0,SemiDwell,6,7,10513.4,6,0,0,0,6,0.7197,74.42
5,0,SemiDwell,2,8,6241.3,2,0,0,0,2,0.4607,81.96
5,0,SemiDwell,4,8,9336.6,4,0,0,1,5,0.4883,200.04
5,0,SemiDwell,6,8,9737.2,6,0,0,0,6,0.3481,229.05
5,0,SemiDwell,2,9,7132.8,2,0,0,0,2,0.3403,40.67
5,0,SemiDwell,4,9,8676.4,6,2,0,1,5,0.2091,103.6
5,0,SemiDwell,6,9,9246.1,6,0,0,0,6,0.4402,127.49
5,0,SemiDwell,2,10,7082.8,2,0,0,0,2,0.0788,46.51
5,0,SemiDwell,4,10,7799.9,4,0,0,0,4,0.2296,190.47
5,0,SemiDwell,6,10,9363.3,7,1,1,0,5,0.4755,104.76
5,0,SemiDwell,2,11,5767.6,2,0,0,0,2,0.1852,138.96
5,0,SemiDwell,4,11,8565.4,4,0,0,0,4,0.5324,183.87
5,0,SemiDwell,6,11,9884.9,7,1,0,0,6,0.1939,44.89
5,0,SemiDwell,2,12,6186.5,2,0,0,0,2,0.1351,150.35
5,0,SemiDwell,4,12,9902.6,4,0,0,1,5,0.3962,117.88
5,0,SemiDwell,6,12,9926.3,6,0,1,0,5,0.4897,204.24
5,0,SemiDwell,2,13,7203.6,2,0,0,0,2,0.3514,74.43
5,0,SemiDwell,4,13,8241.4,4,0,0,0,4,0.5227,132.13
5,0,SemiDwell,6,13,10441.2,6,0,0,0,6,0.4952,163.07
5,0,SemiDwell,2,14,6095.1,2,0,0,0,2,0.2476,244.49
5,0,SemiDwell,4,14,7995.3,4,0,0,0,4,0.1288,162.16
5,0,SemiDwell,6,14,9500.2,7,1,0,0,6,0.3327,122.59
5,1,SemiSwipe,2,0,7456.9,2,0,0,0,2,0.2713,232.9
5,1,SemiSwipe,4,0,7898.4,4,0,0,0,4,0.1577,112.89
5,1,SemiSwipe,6,0,10676.6,6,0,0,1,7,0.2938,149.66
5,1,SemiSwipe,2,1,6456.9,2,0,0,0,2,0.4358,147.72
5,1,SemiSwipe,4,1,8296.0,4,0,0,0,4,0.4286,243.58
5,1,SemiSwipe,6,1,10716.7,6,0,0,1,7,0.0519,229.56
5,1,SemiSwipe,2,2,7099.4,2,0,1,1,2,0.4961,180.91
5,1,SemiSwipe,4,2,9040.9,4,0,0,0,4,0.5729,194.11
5,1,SemiSwipe,6,2,9545.7,7,1,1,0,5,0.3903,138.99
5,1,SemiSwipe,2,3,6730.2,3,1,0,0,2,0.4413,139.56
5,1,SemiSwipe,4,3,7720.7,4,0,0,0,4,0.6759,148.12
5,1,SemiSwipe,6,3,10129.5,6,0,1,0,5,0.5673,228.75
5,1,SemiSwipe,2,4,8954.3,2,0,1,0,1,0.2957,221.13
5,1,SemiSwipe,4,4,8448.1,5,1,0,0,4,0.544,196.98
5,1,SemiSwipe,6,4,9046.2,7,1,0,1,7,0.5089,196.46
5,1,SemiSwipe,2,5,7611.2,2,0,0,0,2,0.2688,178.77
5,1,SemiSwipe,4,5,9693.3,5,1,0,0,4,0.6645,141.81
5,1,SemiSwipe,6,5,9645.5,6,0,1,1,6,0.1909,114.83
5,1,SemiSwipe,2,6,6827.4,2,0,0,0,2,0.2173,104.4
5,1,SemiSwipe,4,6,7878.0,4,0,0,0,4,0.5483,223.37
5,1,SemiSwipe,6,6,11273.7,7,1,0,1,7,0.4737,294.78
5,1,SemiSwipe,2,7,7151.3,2,0,0,1,3,0.1639,88.95
5,1,SemiSwipe,4,7,7622.8,4,0,0,0,4,0.4222,131.33
5,1,SemiSwipe,6,7,9186.0,7,1,0,0,6,0.5225,89.15
5,1,SemiSwipe,2,8,5288.8,2,0,0,0,2,0.5553,164.68
5,1,SemiSwipe,4,8,8176.8,4,0,0,0,4,0.6783,163.08
5,1,SemiSwipe,6,8,9727.8,7,1,0,0,6,0.4518,138.07
5,1,SemiSwipe,2,9,7040.6,2,0,0,0,2,0.4389,212.19
5,1,SemiSwipe,4,9,8605.7,4,0,0,0,4,0.3589,134.77
5,1,SemiSwipe,6,9,9886.8,7,1,0,0,6,0.4428,1.42
5,1,SemiSwipe,2,10,7017.7,2,0,0,0,2,0.3606,162.29
5,1,SemiSwipe,4,10,8681.3,4,0,0,0,4,0.6154,187.05
5,1,SemiSwipe,6,10,9511.8,6,0,2,0,4,0.5406,220.34
5,1,SemiSwipe,2,11,7847.6,3,1,1,0,1,0.3801,154.13
5,1,SemiSwipe,4,11,7600.4,5,1,0,1,5,0.2964,243.8
5,1,SemiSwipe,6,11,9393.2,6,0,0,1,7,0.4288,139.03
5,1,SemiSwipe,2,12,6282.8,2,0,0,0,2,0.4659,105.91
5,1,SemiSwipe,4,12,7918.9,4,0,0,1,5,0.3744,87.24
5,1,SemiSwipe,6,12,9860.2,6,0,0,1,7,0.5163,59.96
5,1,SemiSwipe,2,13,6544.4,2,0,0,0,2,0.1898,194.91
5,1,SemiSwipe,4,13,8089.4,4,0,0,0,4,0.2576,141.01
5,1,SemiSwipe,6,13,10066.3,6,0,0,0,6,0.4954,61.27
5,1,SemiSwipe,2,14,7188.1,2,0,0,1,3,0.2894,180.26
5,1,SemiSwipe,4,14,9163.3,4,0,0,0,4,0.323,254.61
5,1,SemiSwipe,6,14,10568.7,6,0,0,0,6,0.2137,171.1
5,2,SemiNDH,2,0,6066.7,3,1,0,1,3,0.2131,203.63
5,2,SemiNDH,4,0,7481.0,4,0,0,1,5,0.6929,127.74
5,2,SemiNDH,6,0,9078.9,6,0,1,0,5,0.4358,137.32
5,2,SemiNDH,2,1,5832.2,2,0,0,1,3,0.3417,275.07
5,2,SemiNDH,4,1,8016.6,4,0,0,0,4,0.5802,195.47
5,2,SemiNDH,6,1,9057.7,7,1,0,1,7,0.4428,118.98
5,2,SemiNDH,2,2,5939.3,2,0,0,0,2,0.3608,164.48
5,2,SemiNDH,4,2,6969.3,4,0,0,0,4,0.2446,189.31
5,2,SemiNDH,6,2,8145.0,7,1,0,1,7,0.5267,184.78
5,2,SemiNDH,2,3,6032.4,3,1,1,0,1,0.2989,207.9
5,2,SemiNDH,4,3,7923.9,4,0,0,0,4,0.5576,155.49
5,2,SemiNDH,6,3,9259.4,8,2,0,0,6,0.5912,165.14
5,2,SemiNDH,2,4,6234.4,2,0,0,0,2,0.8805,279.14
5,2,SemiNDH,4,4,9213.0,4,0,0,1,5,0.3151,147.77
5,2,SemiNDH,6,4,9276.6,6,0,1,0,5,0.3264,211.54
5,2,SemiNDH,2,5,6277.2,2,0,0,0,2,0.358,122.66
5,2,SemiNDH,4,5,8576.1,4,0,0,0,4,0.3728,152.3
5,2,SemiNDH,6,5,9490.0,6,0,0,0,6,0.3756,90.73
5,2,SemiNDH,2,6,6216.7,2,0,0,0,2,0.2793,206.59
5,2,SemiNDH,4,6,8512.2,5,1,0,1,5,0.0779,204.64
5,2,SemiNDH,6,6,9792.2,6,0,1,0,5,0.4715,216.55
5,2,SemiNDH,2,7,5755.0,2,0,0,0,2,0.4834,103.44
5,2,SemiNDH,4,7,8058.9,4,0,0,0,4,0.2098,31.04
5,2,SemiNDH,6,7,9434.4,6,0,0,0,6,0.4053,119.22
5,2,SemiNDH,2,8,5569.5,2,0,0,0,2,0.3698,129.22
5,2,SemiNDH,4,8,8259.3,4,0,0,0,4,0.6093,120.49
5,2,SemiNDH,6,8,10357.2,6,0,0,0,6,0.111,120.16
5,2,SemiNDH,2,9,5680.4,2,0,0,0,2,0.785,47.21
5,2,SemiNDH,4,9,7997.1,4,0,0,0,4,0.3348,183.97
5,2,SemiNDH,6,9,10554.6,6,0,0,0,6,0.0898,172.58
5,2,SemiNDH,2,10,7268.6,2,0,0,0,2,0.324,238.24
5,2,SemiNDH,4,10,7399.8,4,0,0,0,4,0.4993,164.84
5,2,SemiNDH,6,10,8279.9,6,0,0,0,6,0.342,53.89
5,2,SemiNDH,2,11,6847.7,3,1,0,1,3,0.1357,74.99
5,2,SemiNDH,4,11,7894.7,4,0,0,1,5,0.544,238.61
5,2,SemiNDH,6,11,8669.9,6,0,0,0,6,0.5573,52.33
5,2,SemiNDH,2,12,5923.7,2,0,0,0,2,0.386,80.91
5,2,SemiNDH,4,12,7499.7,4,0,0,0,4,0.4595,56.95
5,2,SemiNDH,6,12,9656.4,6,0,0,0,6,0.2946,100.24
5,2,SemiNDH,2,13,5492.2,2,0,0,0,2,0.7436,56.59
5,2,SemiNDH,4,13,7692.0,4,0,0,0,4,0.5985,95.48
5,2,SemiNDH,6,13,8880.8,6,0,0,0,6,0.4104,156.92
5,2,SemiNDH,2,14,7277.4,2,0,0,0,2,0.7242,94.25
5,2,SemiNDH,4,14,7918.8,4,0,0,0,4,0.5849,212.37
5,2,SemiNDH,6,14,8885.2,6,0,1,0,5,0.4467,255.38
5,3,SemiTilt,2,0,6648.5,3,1,0,0,2,0.4647,204.18
5,3,SemiTilt,4,0,8412.1,4,0,0,0,4,0.2562,187.43
5,3,SemiTilt,6,0,9815.1,6,0,0,0,6,0.215,174.83
5,3,SemiTilt,2,1,6184.8,2,0,0,0,2,0.6556,163.98
5,3,SemiTilt,4,1,8470.4,4,0,0,0,4,0.4402,221.73
5,3,SemiTilt,6,1,10423.5,6,0,0,0,6,0.2644,213.73
5,3,SemiTilt,2,2,7832.1,2,0,0,0,2,0.4107,53.62
5,3,SemiTilt,4,2,8627.2,4,0,0,0,4,0.4971,73.44
5,3,SemiTilt,6,2,9070.1,6,0,0,0,6,0.2787,76.73
5,3,SemiTilt,2,3,7715.4,2,0,0,0,2,0.4601,237.52
5,3,SemiTilt,4,3,8697.1,4,0,1,0,3,0.5553,163.84
5,3,SemiTilt,6,3,10803.6,6,0,0,0,6,0.3168,106.9
5,3,SemiTilt,2,4,7262.4,2,0,0,0,2,0.4654,95.2
5,3,SemiTilt,4,4,8211.4,5,1,0,0,4,0.4178,97.38
5,3,SemiTilt,6,4,9452.1,6,0,1,1,6,0.0079,76.34
5,3,SemiTilt,2,5,7527.5,2,0,0,0,2,0.1865,130.06
5,3,SemiTilt,4,5,9315.8,4,0,0,0,4,0.2693,254.99
5,3,SemiTilt,6,5,11080.9,6,0,0,0,6,0.0403,144.73
5,3,SemiTilt,2,6,7896.3,2,0,1,1,2,0.5158,63.73
5,3,SemiTilt,4,6,9555.6,4,0,1,0,3,0.5062,242.01
5,3,SemiTilt,6,6,9774.1,6,0,0,0,6,0.6103,18.23
5,3,SemiTilt,2,7,6712.0,2,0,1,0,1,0.4668,31.66
5,3,SemiTilt,4,7,8024.9,4,0,0,0,4,0.3999,202.74
5,3,SemiTilt,6,7,11172.8,6,0,0,0,6,0.5451,82.69
5,3,SemiTilt,2,8,6704.8,2,0,0,1,3,0.4371,275.58
5,3,SemiTilt,4,8,8634.5,4,0,0,0,4,0.2588,80.88
5,3,SemiTilt,6,8,10600.5,6,0,0,0,6,0.4661,217.44
5,3,SemiTilt,2,9,6989.9,2,0,0,0,2,0.634,61.16
5,3,SemiTilt,4,9,8419.2,4,0,0,0,4,0.2998,187.17
5,3,SemiTilt,6,9,9813.5,7,1,0,1,7,0.5127,187.02
5,3,SemiTilt,2,10,6690.7,2,0,0,0,2,0.2913,192.05
5,3,SemiTilt,4,10,8145.7,4,0,0,0,4,0.525,186.88
5,3,SemiTilt,6,10,10785.6,6,0,0,0,6,0.4573,120.42
5,3,SemiTilt,2,11,8384.8,3,1,0,1,3,0.0532,132.69
5,3,SemiTilt,4,11,8840.4,4,0,0,0,4,0.34,141.47
5,3,SemiTilt,6,11,9905.0,6,0,0,0,6,0.6006,108.97
5,3,SemiTilt,2,12,7278.0,2,0,0,0,2,0.2723,80.17
5,3,SemiTilt,4,12,9358.2,4,0,0,0,4,0.5005,146.51
5,3,SemiTilt,6,12,9772.1,6,0,0,0,6,0.4671,104.35
5,3,SemiTilt,2,13,7644.6,2,0,0,1,3,0.4862,79.46
5,3,SemiTilt,4,13,8906.8,4,0,1,1,4,0.6043,220.61
5,3,SemiTilt,6,13,9465.1,6,0,0,0,6,0.5592,235.14
5,3,SemiTilt,2,14,7393.1,2,0,0,0,2,0.3606,175.78
5,3,SemiTilt,4,14,8197.7,4,0,0,0,4,0.4173,192.44
5,3,SemiTilt,6,14,9682.8,6,0,0,1,7,0.4465,69.3
5,4,FullDH,2,0,5599.6,2,0,0,0,2,0.2519,226.73
5,4,FullDH,4,0,8014.8,4,0,0,0,4,0.0087,82.46
5,4,FullDH,6,0,9406.3,8,2,1,0,5,0.4444,126.3
5,4,FullDH,2,1,6428.8,3,1,0,0,2,0.648,200.66
5,4,FullDH,4,1,7214.9,4,0,0,0,4,0.5017,145.19
5,4,FullDH,6,1,8792.2,6,0,1,1,6,0.4231,153.76
5,4,FullDH,2,2,6866.9,2,0,0,1,3,0.309,146.2
5,4,FullDH,4,2,7959.0,4,0,0,0,4,0.1463,177.3
5,4,FullDH,6,2,8460.2,6,0,1,0,5,0.5002,15.46
5,4,FullDH,2,3,6472.0,2,0,0,0,2,0.4545,134.82
5,4,FullDH,4,3,8272.6,4,0,0,0,4,0.1284,192.14
5,4,FullDH,6,3,9591.5,6,0,0,0,6,0.3624,20.06
5,4,FullDH,2,4,6787.0,2,0,1,0,1,0.4712,114.77
5,4,FullDH,4,4,6561.5,4,0,0,0,4,0.2387,108.13
5,4,FullDH,6,4,9133.5,7,1,0,0,6,0.2863,101.7
5,4,FullDH,2,5,6807.0,2,0,0,0,2,0.2642,41.58
5,4,FullDH,4,5,7414.7,4,0,0,0,4,0.7452,268.37
5,4,FullDH,6,5,9055.3,6,0,0,1,7,0.5881,112.69
5,4,FullDH,2,6,6781.0,2,0,0,0,2,0.383,83.0
5,4,FullDH,4,6,7705.1,4,0,0,0,4,0.4773,181.05
5,4,FullDH,6,6,7490.6,6,0,0,1,7,0.1817,204.79
5,4,FullDH,2,7,5529.1,3,1,1,0,1,0.2841,201.74
5,4,FullDH,4,7,7651.7,4,0,0,1,5,0.2357,118.43
5,4,FullDH,6,7,8344.1,7,1,0,0,6,0.4028,109.85
5,4,FullDH,2,8,5827.3,2,0,0,0,2,0.4115,156.08
5,4,FullDH,4,8,8001.5,6,2,0,0,4,0.3441,136.12
5,4,FullDH,6,8,9333.1,7,1,1,1,6,0.3575,71.65
5,4,FullDH,2,9,6455.3,2,0,0,0,2,0.7107,192.92
5,4,FullDH,4,9,7503.5,4,0,0,0,4,0.1318,143.35
5,4,FullDH,6,9,9148.0,6,0,0,0,6,0.1685,122.64
5,4,FullDH,2,10,5645.4,2,0,0,0,2,0.5765,142.28
5,4,FullDH,4,10,6237.9,4,0,0,0,4,0.256,157.14
5,4,FullDH,6,10,9697.6,6,0,0,0,6,0.4072,219.04
5,4,FullDH,2,11,4842.0,3,1,0,0,2,0.501,78.98
5,4,FullDH,4,11,9156.8,4,0,0,0,4,0.3671,242.77
5,4,FullDH,6,11,8884.4,7,1,0,0,6,0.3262,186.14
5,4,FullDH,2,12,6590.0,2,0,0,0,2,0.5025,275.06
5,4,FullDH,4,12,5984.1,4,0,0,1,5,0.6516,198.09
5,4,FullDH,6,12,9422.1,7,1,0,0,6,0.532,104.68
5,4,FullDH,2,13,6815.3,2,0,0,0,2,0.4352,125.36
5,4,FullDH,4,13,7150.1,4,0,1,1,4,0.4478,169.52
5,4,FullDH,6,13,9201.9,7,1,0,0,6,0.1538,121.8
5,4,FullDH,2,14,7143.3,2,0,0,1,3,0.6077,145.08
5,4,FullDH,4,14,8172.4,5,1,0,0,4,0.3215,109.82
5,4,FullDH,6,14,9112.3,6,0,0,0,6,0.3992,181.52
6,0,SemiSwipe,2,0,7152.1,2,0,0,0,2,0.2456,97.58
6,0,SemiSwipe,4,0,8313.6,5,1,0,0,4,0.3926,197.68
6,0,SemiSwipe,6,0,9551.7,7,1,0,0,6,0.2065,154.51
6,0,SemiSwipe,2,1,6372.6,2,0,0,0,2,0.0667,90.31
6,0,SemiSwipe,4,1,8247.6,4,0,0,0,4,0.2846,157.09
6,0,SemiSwipe,6,1,9307.0,7,1,0,1,7,0.3916,233.42
6,0,SemiSwipe,2,2,6369.1,2,0,0,0,2,0.514,127.07
6,0,SemiSwipe,4,2,9233.5,4,0,0,1,5,0.1864,108.14
6,0,SemiSwipe,6,2,9530.9,6,0,0,0,6,0.4361,271.21
6,0,SemiSwipe,2,3,7125.9,2,0,0,0,2,0.4325,140.54
6,0,SemiSwipe,4,3,8595.1,4,0,0,0,4,0.5637,124.45
6,0,SemiSwipe,6,3,9847.6,6,0,0,0,6,0.5944,150.33
6,0,SemiSwipe,2,4,6047.0,2,0,0,0,2,0.3124,98.7
6,0,SemiSwipe,4,4,8132.4,4,0,0,0,4,0.5708,168.87
6,0,SemiSwipe,6,4,10882.0,6,0,1,0,5,0.5331,104.64
6,0,SemiSwipe,2,5,6824.1,2,0,0,0,2,0.2401,142.8
6,0,SemiSwipe,4,5,9303.0,4,0,0,0,4,0.5035,181.79
6,0,SemiSwipe,6,5,10576.5,6,0,0,0,6,0.5759,171.81
6,0,SemiSwipe,2,6,5920.3,2,0,0,0,2,0.5874,13.38
6,0,SemiSwipe,4,6,7659.9,4,0,0,1,5,0.3218,95.89
6,0,SemiSwipe,6,6,9699.2,6,0,0,0,6,0.5713,172.61
6,0,SemiSwipe,2,7,6835.4,2,0,0,0,2,0.3686,140.05
6,0,SemiSwipe,4,7,7826.5,4,0,0,1,5,0.6336,207.43
6,0,SemiSwipe,6,7,9759.1,7,1,0,1,7,0.1851,24.79
6,0,SemiSwipe,2,8,5887.3,2,0,0,1,3,0.2651,165.28
6,0,SemiSwipe,4,8,8513.8,4,0,1,0,3,0.3706,92.16
6,0,SemiSwipe,6,8,10512.3,6,0,0,0,6,0.5933,200.69
6,0,SemiSwipe,2,9,7439.0,2,0,0,0,2,0.3087,172.9
6,0,SemiSwipe,4,9,8436.0,4,0,0,0,4,0.1144,142.86
6,0,SemiSwipe,6,9,8874.5,6,0,0,0,6,0.2907,158.99
6,0,SemiSwipe,2,10,6390.8,2,0,0,0,2,0.1615,154.62
6,0,SemiSwipe,4,10,8245.4,4,0,0,0,4,0.4605,98.86
6,0,SemiSwipe,6,10,9460.7,6,0,1,0,5,0.4743,278.14
6,0,SemiSwipe,2,11,7638.9,2,0,0,0,2,0.3523,204.53
6,0,SemiSwipe,4,11,9271.6,4,0,0,0,4,0.344,117.07
6,0,SemiSwipe,6,11,9756.9,8,2,0,0,6,0.3704,213.3
6,0,SemiSwipe,2,12,6418.6,2,0,0,0,2,0.334,154.78
6,0,SemiSwipe,4,12,8419.6,4,0,0,0,4,0.3233,301.83
6,0,SemiSwipe,6,12,8390.6,7,1,0,1,7,0.5348,82.34
6,0,SemiSwipe,2,13,6104.6,2,0,0,0,2,0.1621,115.19
6,0,SemiSwipe,4,13,8682.6,4,0,0,0,4,0.4422,122.46
6,0,SemiSwipe,6,13,10223.0,6,0,1,0,5,0.2867,78.45
6,0,SemiSwipe,2,14,7501.5,2,0,0,1,3,0.1542,222.71
6,0,SemiSwipe,4,14,9632.8,4,0,1,0,3,0.504,192.9
6,0,SemiSwipe,6,14,9910.1,6,0,0,1,7,0.4277,112.34
6,1,SemiTilt,2,0,7805.4,2,0,0,0,2,0.4236,115.51
6,1,SemiTilt,4,0,7958.5,4,0,0,0,4,0.2169,23.92
6,1,SemiTilt,6,0,10336.6,6,0,1,0,5,0.1067,187.95
6,1,SemiTilt,2,1,6061.1,2,0,1,0,1,0.1875,126.5
6,1,SemiTilt,4,1,7792.1,4,0,1,0,3,0.6315,159.84
6,1,SemiTilt,6,1,9900.3,6,0,0,0,6,0.3361,57.4
6,1,SemiTilt,2,2,7638.0,2,0,0,0,2,0.7004,86.67
6,1,SemiTilt,4,2,7801.2,5,1,0,0,4,0.2925,263.84
6,1,SemiTilt,6,2,10667.3,6,0,0,1,7,0.3852,182.87
6,1,SemiTilt,2,3,8974.2,2,0,0,0,2,0.3463,171.45
6,1,SemiTilt,4,3,8837.3,4,0,0,0,4,0.4157,184.24
6,1,SemiTilt,6,3,10811.1,7,1,1,1,6,0.3553,203.69
6,1,SemiTilt,2,4,7427.9,2,0,0,1,3,0.4246,123.59
6,1,SemiTilt,4,4,8881.4,5,1,0,0,4,0.3905,159.15
6,1,SemiTilt,6,4,8637.3,7,1,1,0,5,0.6443,63.34
6,1,SemiTilt,2,5,7254.4,2,0,0,1,3,0.2783,150.22
6,1,SemiTilt,4,5,8618.6,4,0,0,1,5,0.5695,133.15
6,1,SemiTilt,6,5,10662.1,6,0,1,0,5,0.1871,104.56
6,1,SemiTilt,2,6,7836.1,2,0,0,0,2,0.5234,121.74
6,1,SemiTilt,4,6,8408.3,4,0,1,0,3,0.3775,150.99
6,1,SemiTilt,6,6,10318.4,7,1,0,0,6,0.5671,164.28
6,1,SemiTilt,2,7,6884.2,2,0,0,1,3,0.2792,82.96
6,1,SemiTilt,4,7,9043.3,5,1,0,0,4,0.4768,146.23
6,1,SemiTilt,6,7,9802.2,6,0,0,0,6,0.5912,137.88
6,1,SemiTilt,2,8,6051.4,2,0,0,0,2,0.2387,146.17
6,1,SemiTilt,4,8,8399.7,4,0,0,0,4,0.4137,212.64
6,1,SemiTilt,6,8,9378.6,6,0,0,0,6,0.3505,38.51
6,1,SemiTilt,2,9,6905.7,2,0,0,0,2,0.4949,225.89
6,1,SemiTilt,4,9,8612.4,4,0,0,0,4,0.4381,95.77
6,1,SemiTilt,6,9,10016.9,6,0,1,0,5,0.2169,138.65
6,1,SemiTilt,2,10,8099.3,2,0,0,0,2,0.2832,107.91
6,1,SemiTilt,4,10,7788.8,4,0,0,0,4,0.4262,229.72
6,1,SemiTilt,6,10,10076.9,7,1,0,0,6,0.4677,127.09
6,1,SemiTilt,2,11,7250.4,2,0,0,0,2,0.437,158.71
6,1,SemiTilt,4,11,7875.1,4,0,0,1,5,0.3592,62.93
6,1,SemiTilt,6,11,10830.9,6,0,0,0,6,0.3671,90.8
6,1,SemiTilt,2,12,7653.7,2,0,0,0,2,0.3256,122.35
6,1,SemiTilt,4,12,8086.8,4,0,0,0,4,0.4183,111.41
6,1,SemiTilt,6,12,10062.1,6,0,1,0,5,0.0091,186.78
6,1,SemiTilt,2,13,7617.8,2,0,0,1,3,0.4367,188.44
6,1,SemiTilt,4,13,9952.9,4,0,1,0,3,0.5243,110.31
6,1,SemiTilt,6,13,10962.8,6,0,0,0,6,0.4892,259.97
6,1,SemiTilt,2,14,5507.9,2,0,1,0,1,0.4742,151.01
6,1,SemiTilt,4,14,8172.0,4,0,0,0,4,0.4218,157.88
6,1,SemiTilt,6,14,10183.4,6,0,1,1,6,0.5157,129.35
6,2,SemiDwell,2,0,6699.4,2,0,0,0,2,0.4118,55.0
6,2,SemiDwell,4,0,7712.6,4,0,0,0,4,0.485,157.4
6,2,SemiDwell,6,0,9425.4,6,0,0,1,7,0.3103,150.02
6,2,SemiDwell,2,1,5883.7,2,0,0,1,3,0.22,222.94
6,2,SemiDwell,4,1,8145.5,4,0,0,0,4,0.5135,108.04
6,2,SemiDwell,6,1,9868.4,8,2,0,0,6,0.4673,63.63
6,2,SemiDwell,2,2,6801.7,2,0,0,1,3,0.252,101.23
6,2,SemiDwell,4,2,7225.8,4,0,0,1,5,0.4451,170.91
6,2,SemiDwell,6,2,9039.7,6,0,0,0,6,0.1773,230.47
6,2,SemiDwell,2,3,6254.3,2,0,0,0,2,0.378,237.75
6,2,SemiDwell,4,3,7211.8,4,0,0,1,5,0.411,68.79
6,2,SemiDwell,6,3,9582.2,6,0,0,0,6,0.3973,91.94
6,2,SemiDwell,2,4,7657.5,2,0,0,1,3,0.2747,208.46
6,2,SemiDwell,4,4,6969.8,5,1,0,0,4,0.5907,167.67
6,2,SemiDwell,6,4,9422.5,7,1,0,0,6,0.3703,129.94
6,2,SemiDwell,2,5,6118.0,2,0,0,1,3,0.494,233.78
6,2,SemiDwell,4,5,7841.9,4,0,1,0,3,0.4039,149.59
6,2,SemiDwell,6,5,9215.5,6,0,0,0,6,0.3949,127.05
6,2,SemiDwell,2,6,7241.0,2,0,0,1,3,0.3863,125.22
6,2,SemiDwell,4,6,8231.3,5,1,0,1,5,0.4619,165.13
6,2,SemiDwell,6,6,8799.3,6,0,0,0,6,0.4207,151.75
6,2,SemiDwell,2,7,6704.4,3,1,0,0,2,0.2089,170.25
6,2,SemiDwell,4,7,8256.1,5,1,0,0,4,0.3721,138.19
6,2,SemiDwell,6,7,8547.1,7,1,1,0,5,0.4484,169.35
6,2,SemiDwell,2,8,7123.3,3,1,0,0,2,0.3551,159.95
6,2,SemiDwell,4,8,6488.7,4,0,0,0,4,0.5037,75.22
6,2,SemiDwell,6,8,9603.0,6,0,0,0,6,0.3376,160.79
6,2,SemiDwell,2,9,6402.7,2,0,0,0,2,0.3936,115.39
6,2,SemiDwell,4,9,8713.7,4,0,0,0,4,0.0007,136.53
6,2,SemiDwell,6,9,8606.1,6,0,0,0,6,0.2186,271.85
6,2,SemiDwell,2,10,7552.3,2,0,0,0,2,0.2856,84.67
6,2,SemiDwell,4,10,7796.2,4,0,0,1,5,0.4612,69.88
6,2,SemiDwell,6,10,9549.2,6,0,0,1,7,0.6077,109.22
6,2,SemiDwell,2,11,7811.0,2,0,0,1,3,0.3304,140.4
6,2,SemiDwell,4,11,8578.5,4,0,0,0,4,0.407,264.97
6,2,SemiDwell,6,11,9542.9,6,0,0,0,6,0.4873,230.81
6,2,SemiDwell,2,12,6600.3,3,1,0,1,3,0.4251,190.46
6,2,SemiDwell,4,12,8260.5,5,1,0,0,4,0.5043,150.06
6,2,SemiDwell,6,12,8810.7,6,0,0,0,6,0.7076,211.61
6,2,SemiDwell,2,13,6169.3,2,0,0,0,2,0.3538,147.3
6,2,SemiDwell,4,13,9089.4,4,0,0,0,4,0.2861,156.54
6,2,SemiDwell,6,13,9871.5,6,0,0,0,6,0.3563,168.0
6,2,SemiDwell,2,14,6906.7,2,0,0,0,2,0.1604,201.74
6,2,SemiDwell,4,14,8846.4,4,0,0,0,4,0.4097,221.27
6,2,SemiDwell,6,14,8670.3,6,0,0,0,6,0.2132,102.65
6,3,FullDH,2,0,5987.0,2,0,0,1,3,0.3095,126.63
6,3,FullDH,4,0,6842.7,4,0,0,0,4,0.5396,65.47
6,3,FullDH,6,0,9241.3,7,1,0,1,7,0.5072,112.28
6,3,FullDH,2,1,5782.6,3,1,0,1,3,0.5462,260.61
6,3,FullDH,4,1,8205.1,4,0,0,0,4,0.5502,221.6
6,3,FullDH,6,1,9791.5,7,1,0,0,6,0.5343,123.37
6,3,FullDH,2,2,5314.6,2,0,0,0,2,0.3808,201.82
6,3,FullDH,4,2,7436.0,4,0,0,0,4,0.3404,203.53
6,3,FullDH,6,2,9401.0,6,0,0,0,6,0.3259,220.6
6,3,FullDH,2,3,5591.7,2,0,0,1,3,0.2826,174.12
6,3,FullDH,4,3,7132.8,4,0,0,0,4,0.3718,182.48
6,3,FullDH,6,3,8842.7,6,0,0,1,7,0.562,190.4
6,3,FullDH,2,4,5358.8,3,1,0,0,2,0.0787,133.57
6,3,FullDH,4,4,7214.3,4,0,1,0,3,0.3469,95.8
6,3,FullDH,6,4,10617.8,6,0,0,0,6,0.3891,183.77
6,3,FullDH,2,5,5534.0,2,0,0,0,2,0.2601,119.63
6,3,FullDH,4,5,7527.4,6,2,0,1,5,0.6028,170.53
6,3,FullDH,6,5,9197.0,6,0,0,1,7,0.5444,95.21
6,3,FullDH,2,6,5673.3,2,0,0,0,2,0.4767,66.05
6,3,FullDH,4,6,7800.4,4,0,0,0,4,0.498,266.07
6,3,FullDH,6,6,8945.7,6,0,0,0,6,0.4845,212.41
6,3,FullDH,2,7,6363.3,3,1,0,0,2,0.428,73.58
6,3,FullDH,4,7,7987.1,4,0,0,1,5,0.2483,125.08
6,3,FullDH,6,7,8899.8,6,0,0,0,6,0.4804,115.06
6,3,FullDH,2,8,6773.5,2,0,0,1,3,0.5722,206.62
6,3,FullDH,4,8,7670.8,4,0,0,0,4,0.4536,141.21
6,3,FullDH,6,8,9644.7,7,1,0,0,6,0.2739,134.97
6,3,FullDH,2,9,6596.1,2,0,0,0,2,0.5746,37.89
6,3,FullDH,4,9,6607.8,4,0,0,0,4,0.5659,33.02
6,3,FullDH,6,9,9047.3,6,0,1,0,5,0.5358,160.86
6,3,FullDH,2,10,5048.2,2,0,0,0,2,0.2607,242.69
6,3,FullDH,4,10,8644.1,4,0,0,0,4,0.3847,175.21
6,3,FullDH,6,10,8636.6,6,0,1,0,5,0.8904,268.01
6,3,FullDH,2,11,6733.3,2,0,0,0,2,0.52,212.99
6,3,FullDH,4,11,7673.3,4,0,0,1,5,0.3393,208.57
6,3,FullDH,6,11,10408.0,6,0,0,0,6,0.5026,134.1
6,3,FullDH,2,12,6100.6,2,0,0,1,3,0.1812,206.48
6,3,FullDH,4,12,8531.2,4,0,0,0,4,0.5303,59.64
6,3,FullDH,6,12,10250.5,6,0,0,0,6,0.1751,103.56
6,3,FullDH,2,13,6376.2,2,0,0,0,2,0.3393,157.17
6,3,FullDH,4,13,6983.9,4,0,0,0,4,0.3882,128.66
6,3,FullDH,6,13,9315.5,6,0,1,0,5,0.4492,212.47
6,3,FullDH,2,14,6408.2,3,1,0,0,2,0.4905,90.36
6,3,FullDH,4,14,8473.2,5,1,0,0,4,0.4782,165.31
6,3,FullDH,6,14,8815.8,6,0,1,0,5,0.5184,48.6
6,4,SemiNDH,2,0,6594.0,3,1,0,0,2,0.272,36.32
6,4,SemiNDH,4,0,8092.3,5,1,1,0,3,0.4301,190.85
6,4,SemiNDH,6,0,9052.9,7,1,0,0,6,0.7218,161.37
6,4,SemiNDH,2,1,5728.3,3,1,0,0,2,0.468,150.74
6,4,SemiNDH,4,1,7918.0,4,0,0,0,4,0.6467,91.28
6,4,SemiNDH,6,1,9004.2,6,0,1,0,5,0.6655,168.49
6,4,SemiNDH,2,2,6526.3,2,0,0,0,2,0.3095,118.49
6,4,SemiNDH,4,2,7721.7,4,0,0,0,4,0.2913,175.61
6,4,SemiNDH,6,2,8649.1,6,0,0,0,6,0.3419,86.98
6,4,SemiNDH,2,3,7054.7,2,0,0,1,3,0.5347,252.82
6,4,SemiNDH,4,3,7581.1,5,1,0,0,4,0.3666,218.07
6,4,SemiNDH,6,3,8715.8,6,0,0,0,6,0.0557,176.22
6,4,SemiNDH,2,4,6339.9,2,0,0,0,2,0.3485,175.22
6,4,SemiNDH,4,4,7836.9,4,0,0,1,5,0.5186,134.31
6,4,SemiNDH,6,4,9775.0,6,0,0,0,6,0.2678,144.69
6,4,SemiNDH,2,5,7317.3,2,0,0,1,3,0.4661,249.6
6,4,SemiNDH,4,5,6865.5,4,0,0,0,4,0.3105,106.79
6,4,SemiNDH,6,5,10656.5,6,0,0,1,7,0.4982,122.13
6,4,SemiNDH,2,6,5288.5,2,0,0,0,2,0.4577,243.04
6,4,SemiNDH,4,6,9193.1,4,0,0,0,4,0.2745,220.93
6,4,SemiNDH,6,6,10398.7,6,0,1,0,5,0.3967,160.62
6,4,SemiNDH,2,7,6043.4,2,0,0,0,2,0.3137,66.23
6,4,SemiNDH,4,7,8159.4,4,0,0,1,5,0.4099,93.11
6,4,SemiNDH,6,7,8979.6,8,2,0,1,7,0.3009,144.58
6,4,SemiNDH,2,8,6578.6,2,0,0,0,2,0.2589,134.49
6,4,SemiNDH,4,8,7396.6,4,0,0,0,4,0.1918,192.99
6,4,SemiNDH,6,8,10484.4,6,0,0,0,6,0.3484,118.71
6,4,SemiNDH,2,9,6653.9,2,0,0,0,2,0.5158,184.94
6,4,SemiNDH,4,9,7368.9,4,0,0,0,4,0.2703,308.53
6,4,SemiNDH,6,9,9123.0,6,0,0,0,6,0.4496,96.56
6,4,SemiNDH,2,10,6170.9,2,0,0,1,3,0.4257,308.84
6,4,SemiNDH,4,10,8565.4,4,0,0,0,4,0.3452,21.98
6,4,SemiNDH,6,10,9943.2,6,0,0,0,6,0.5589,104.78
6,4,SemiNDH,2,11,7316.3,2,0,0,0,2,0.2968,100.81
6,4,SemiNDH,4,11,7487.5,4,0,0,0,4,0.5846,98.38
6,4,SemiNDH,6,11,8725.2,6,0,1,1,6,0.2082,221.1
6,4,SemiNDH,2,12,5565.7,2,0,0,0,2,0.3196,229.22
6,4,SemiNDH,4,12,7900.9,4,0,0,0,4,0.4096,111.28
6,4,SemiNDH,6,12,9193.4,7,1,1,0,5,0.6032,190.36
6,4,SemiNDH,2,13,6942.1,2,0,0,0,2,0.3837,209.89
6,4,SemiNDH,4,13,7497.3,5,1,0,0,4,0.3953,121.61
6,4,SemiNDH,6,13,9845.1,7,1,0,0,6,0.4159,203.55
6,4,SemiNDH,2,14,6745.5,2,0,0,0,2,0.1976,172.22
6,4,SemiNDH,4,14,7507.7,4,0,1,1,4,0.3901,92.59
6,4,SemiNDH,6,14,9057.4,6,0,1,0,5,0.4649,107.67
7,0,SemiTilt,2,0,7841.4,2,0,1,0,1,0.3251,235.55
7,0,SemiTilt,4,0,8639.5,4,0,0,0,4,0.1947,144.03
7,0,SemiTilt,6,0,10950.4,7,1,0,1,7,0.3509,198.37
7,0,SemiTilt,2,1,7894.1,2,0,0,0,2,0.0826,7.61
7,0,SemiTilt,4,1,10194.9,4,0,1,0,3,0.4512,255.0
7,0,SemiTilt,6,1,11005.6,6,0,0,0,6,0.4001,132.66
7,0,SemiTilt,2,2,7884.2,2,0,1,0,1,0.1871,83.42
7,0,SemiTilt,4,2,8729.7,4,0,0,1,5,0.4209,273.03
7,0,SemiTilt,6,2,10864.0,6,0,0,1,7,0.3166,259.62
7,0,SemiTilt,2,3,8916.6,2,0,0,0,2,0.5445,199.2
7,0,SemiTilt,4,3,9818.3,4,0,0,0,4,0.4412,182.37
7,0,SemiTilt,6,3,10936.9,6,0,0,0,6,0.466,115.69
7,0,SemiTilt,2,4,7969.5,2,0,0,1,3,0.434,152.15
7,0,SemiTilt,4,4,9193.9,5,1,0,0,4,0.6776,196.48
7,0,SemiTilt,6,4,10153.6,7,1,0,1,7,0.614,168.79
7,0,SemiTilt,2,5,7456.8,2,0,0,0,2,0.6198,59.41
7,0,SemiTilt,4,5,8061.4,4,0,0,1,5,0.779,146.25
7,0,SemiTilt,6,5,9977.0,6,0,0,0,6,0.4217,188.81
7,0,SemiTilt,2,6,7805.8,2,0,0,0,2,0.1917,189.27
7,0,SemiTilt,4,6,8584.8,4,0,0,1,5,0.4804,200.89
7,0,SemiTilt,6,6,9777.4,6,0,0,1,7,0.4711,176.91
7,0,SemiTilt,2,7,8363.5,2,0,0,0,2,0.2937,109.66
7,0,SemiTilt,4,7,9433.1,4,0,0,0,4,0.3435,143.79
7,0,SemiTilt,6,7,11270.5,7,1,1,0,5,0.4956,182.99
7,0,SemiTilt,2,8,7617.7,2,0,0,0,2,0.4768,296.01
7,0,SemiTilt,4,8,8879.5,4,0,1,0,3,0.3345,134.79
7,0,SemiTilt,6,8,11142.4,6,0,0,0,6,0.1423,224.99
7,0,SemiTilt,2,9,8495.8,2,0,0,0,2,0.3338,64.97
7,0,SemiTilt,4,9,8803.9,4,0,0,0,4,0.4787,108.6
7,0,SemiTilt,6,9,10849.1,6,0,0,1,7,0.4073,48.06
7,0,SemiTilt,2,10,8193.4,2,0,0,1,3,0.4877,225.66
7,0,SemiTilt,4,10,9936.2,4,0,0,0,4,0.2278,175.63
7,0,SemiTilt,6,10,10532.0,7,1,0,0,6,0.6666,152.36
7,0,SemiTilt,2,11,8252.0,2,0,0,0,2,0.3912,90.08
7,0,SemiTilt,4,11,10208.5,4,0,1,1,4,0.6105,184.23
7,0,SemiTilt,6,11,10896.3,8,2,0,0,6,0.527,173.91
7,0,SemiTilt,2,12,7999.7,2,0,0,0,2,0.6005,177.92
7,0,SemiTilt,4,12,10111.1,4,0,0,0,4,0.3118,161.86
7,0,SemiTilt,6,12,9935.9,7,1,0,0,6,0.3473,183.33
7,0,SemiTilt,2,13,7581.0,2,0,0,0,2,0.5277,230.65
7,0,SemiTilt,4,13,8199.3,4,0,0,0,4,0.6677,157.44
7,0,SemiTilt,6,13,11520.6,6,0,0,0,6,0.169,237.91
7,0,SemiTilt,2,14,8355.8,3,1,0,0,2,0.3744,154.08
7,0,SemiTilt,4,14,9996.3,4,0,0,1,5,0.4471,162.63
7,0,SemiTilt,6,14,9947.6,6,0,0,0,6,0.4406,108.19
7,1,FullDH,2,0,6185.6,2,0,0,0,2,0.5224,211.99
7,1,FullDH,4,0,8029.8,4,0,0,0,4,0.5521,171.35
7,1,FullDH,6,0,9837.0,7,1,0,0,6,0.5096,137.93
7,1,FullDH,2,1,7236.3,2,0,0,1,3,0.2759,67.26
7,1,FullDH,4,1,7307.7,4,0,0,0,4,0.7481,46.86
7,1,FullDH,6,1,10051.2,6,0,0,0,6,0.2907,71.31
7,1,FullDH,2,2,5720.7,2,0,0,0,2,0.5544,101.41
7,1,FullDH,4,2,8286.0,4,0,0,1,5,0.4885,196.57
7,1,FullDH,6,2,9176.7,6,0,0,0,6,0.2801,185.66
7,1,FullDH,2,3,7402.1,2,0,1,0,1,0.249,222.49
7,1,FullDH,4,3,7943.3,4,0,0,0,4,0.5279,72.96
7,1,FullDH,6,3,8474.9,6,0,0,0,6,0.6058,167.86
7,1,FullDH,2,4,7512.3,2,0,0,0,2,0.4983,194.29
7,1,FullDH,4,4,7455.4,5,1,0,0,4,0.4048,143.68
7,1,FullDH,6,4,10344.5,6,0,1,1,6,0.6057,152.44
7,1,FullDH,2,5,6833.2,2,0,1,0,1,0.1596,257.85
7,1,FullDH,4,5,7979.2,4,0,0,1,5,0.4351,88.25
7,1,FullDH,6,5,8104.3,6,0,0,0,6,0.4559,153.74
7,1,FullDH,2,6,6265.5,2,0,0,0,2,0.4027,96.82
7,1,FullDH,4,6,7200.2,4,0,0,0,4,0.2805,129.3
7,1,FullDH,6,6,9764.7,6,0,0,0,6,0.1647,136.19
7,1,FullDH,2,7,6854.5,4,2,0,1,3,0.5218,41.42
7,1,FullDH,4,7,8537.5,4,0,0,0,4,0.165,83.66
7,1,FullDH,6,7,8807.5,7,1,0,0,6,0.3303,164.65
7,1,FullDH,2,8,7758.9,2,0,0,0,2,0.6218,143.74
7,1,FullDH,4,8,7442.8,4,0,0,0,4,0.5662,185.22
7,1,FullDH,6,8,8308.2,6,0,0,0,6,0.3198,243.7
7,1,FullDH,2,9,6730.6,2,0,0,0,2,0.3446,201.08
7,1,FullDH,4,9,8437.8,5,1,0,0,4,0.6798,143.64
7,1,FullDH,6,9,9952.3,6,0,0,0,6,0.6113,186.35
7,1,FullDH,2,10,6441.0,2,0,0,0,2,0.5011,131.64
7,1,FullDH,4,10,7600.1,4,0,1,0,3,0.341,272.7
7,1,FullDH,6,10,9429.4,6,0,0,0,6,0.2586,141.3
7,1,FullDH,2,11,6745.5,2,0,0,1,3,0.3418,60.61
7,1,FullDH,4,11,7993.3,5,1,0,0,4,0.18,177.27
7,1,FullDH,6,11,8648.3,6,0,0,0,6,0.2915,256.45
7,1,FullDH,2,12,6282.2,2,0,0,0,2,0.5343,149.58
7,1,FullDH,4,12,6903.6,4,0,0,0,4,0.4499,197.31
7,1,FullDH,6,12,9441.6,7,1,0,0,6,0.5139,187.46
7,1,FullDH,2,13,6413.3,2,0,0,1,3,0.518,107.78
7,1,FullDH,4,13,8597.3,4,0,0,0,4,0.4904,320.56
7,1,FullDH,6,13,9817.3,8,2,0,0,6,0.2891,74.41
7,1,FullDH,2,14,6179.1,2,0,0,0,2,0.3437,251.19
7,1,FullDH,4,14,8494.4,4,0,0,0,4,0.4618,79.31
7,1,FullDH,6,14,10295.5,7,1,0,1,7,0.1702,140.46
7,2,SemiSwipe,2,0,7768.7,2,0,0,1,3,0.2721,67.83
7,2,SemiSwipe,4,0,8187.8,4,0,0,0,4,0.5878,62.26
7,2,SemiSwipe,6,0,10768.5,6,0,0,0,6,0.3329,164.69
7,2,SemiSwipe,2,1,8183.8,3,1,1,1,2,0.3326,181.37
7,2,SemiSwipe,4,1,8441.9,4,0,1,1,4,0.4714,178.91
7,2,SemiSwipe,6,1,11180.1,8,2,0,0,6,0.3499,138.9
7,2,SemiSwipe,2,2,6661.3,2,0,1,0,1,0.4483,149.88
7,2,SemiSwipe,4,2,10659.9,4,0,0,0,4,0.2559,75.49
7,2,SemiSwipe,6,2,10423.8,6,0,0,0,6,0.4186,55.81
7,2,SemiSwipe,2,3,7724.1,2,0,0,0,2,0.2028,86.48
7,2,SemiSwipe,4,3,9665.7,4,0,0,1,5,0.3982,141.42
7,2,SemiSwipe,6,3,9631.5,7,1,0,1,7,0.4273,183.82
7,2,SemiSwipe,2,4,7645.8,2,0,0,0,2,0.4018,231.3
7,2,SemiSwipe,4,4,8392.8,4,0,0,0,4,0.5304,13.58
7,2,SemiSwipe,6,4,9596.6,6,0,0,0,6,0.3542,162.02
7,2,SemiSwipe,2,5,7680.1,2,0,0,0,2,0.525,145.04
7,2,SemiSwipe,4,5,7898.7,4,0,0,0,4,0.1748,91.09
7,2,SemiSwipe,6,5,11252.6,7,1,0,0,6,0.2999,230.76
7,2,SemiSwipe,2,6,7711.4,2,0,0,0,2,0.3506,215.27
7,2,SemiSwipe,4,6,7847.4,5,1,0,0,4,0.2606,281.41
7,2,SemiSwipe,6,6,10657.6,6,0,0,0,6,0.6556,191.74
7,2,SemiSwipe,2,7,7241.2,2,0,0,0,2,0.6432,107.33
7,2,SemiSwipe,4,7,9519.2,4,0,1,0,3,0.5124,34.34
7,2,SemiSwipe,6,7,10728.8,6,0,0,1,7,0.5197,107.37
7,2,SemiSwipe,2,8,7235.1,2,0,0,0,2,0.1691,111.22
7,2,SemiSwipe,4,8,7652.1,4,0,0,0,4,0.348,72.32
7,2,SemiSwipe,6,8,10369.5,6,0,0,0,6,0.6427,142.42
7,2,SemiSwipe,2,9,6885.7,2,0,0,0,2,0.5217,115.37
7,2,SemiSwipe,4,9,8562.8,4,0,0,1,5,0.3181,177.66
7,2,SemiSwipe,6,9,10021.5,7,1,0,1,7,0.3138,164.73
7,2,SemiSwipe,2,10,8187.3,2,0,0,1,3,0.4678,117.46
7,2,SemiSwipe,4,10,9935.3,4,0,0,0,4,0.4708,239.45
7,2,SemiSwipe,6,10,10844.3,6,0,0,0,6,0.2717,188.65
7,2,SemiSwipe,2,11,7981.2,2,0,0,1,3,0.3659,231.38
7,2,SemiSwipe,4,11,8305.6,4,0,0,1,5,0.6565,227.92
7,2,SemiSwipe,6,11,11215.8,6,0,0,0,6,0.1985,181.13
7,2,SemiSwipe,2,12,7483.9,2,0,0,0,2,0.4152,196.35
7,2,SemiSwipe,4,12,7555.9,4,0,0,0,4,0.464,134.19
7,2,SemiSwipe,6,12,9946.8,7,1,0,0,6,0.1977,204.98
7,2,SemiSwipe,2,13,7549.1,2,0,0,0,2,0.5644,204.73
7,2,SemiSwipe,4,13,8766.6,4,0,0,0,4,0.3515,199.36
7,2,SemiSwipe,6,13,11263.2,6,0,0,0,6,0.4293,308.28
7,2,SemiSwipe,2,14,7672.7,2,0,0,0,2,0.4942,186.73
7,2,SemiSwipe,4,14,9217.4,4,0,0,1,5,0.5406,116.66
7,2,SemiSwipe,6,14,10601.4,6,0,1,0,5,0.4365,238.66
7,3,SemiNDH,2,0,7056.6,2,0,0,0,2,0.2501,102.85
7,3,SemiNDH,4,0,7110.3,4,0,0,0,4,0.1649,172.23
7,3,SemiNDH,6,0,8937.2,6,0,1,0,5,0.1913,109.07
7,3,SemiNDH,2,1,7008.7,2,0,0,0,2,0.1981,149.03
7,3,SemiNDH,4,1,8540.4,5,1,0,0,4,0.4696,64.33
7,3,SemiNDH,6,1,9979.4,7,1,0,0,6,0.6833,196.09
7,3,SemiNDH,2,2,7491.8,2,0,0,0,2,0.46,202.33
7,3,SemiNDH,4,2,9394.2,4,0,0,0,4,0.2957,189.36
7,3,SemiNDH,6,2,9051.7,6,0,0,0,6,0.5313,179.88
7,3,SemiNDH,2,3,7907.4,2,0,0,0,2,0.6237,73.05
7,3,SemiNDH,4,3,8995.4,4,0,0,0,4,0.2242,185.28
7,3,SemiNDH,6,3,10012.0,6,0,0,0,6,0.2494,60.29
7,3,SemiNDH,2,4,6629.9,2,0,0,1,3,0.5964,223.7
7,3,SemiNDH,4,4,8107.2,4,0,0,0,4,0.2973,65.24
7,3,SemiNDH,6,4,8601.3,6,0,0,0,6,0.2991,40.26
7,3,SemiNDH,2,5,7066.5,3,1,0,0,2,0.1724,43.3
7,3,SemiNDH,4,5,9451.5,4,0,0,0,4,0.2967,184.72
7,3,SemiNDH,6,5,10375.9,6,0,0,0,6,0.5359,201.01
7,3,SemiNDH,2,6,5738.3,2,0,0,0,2,0.2706,60.25
7,3,SemiNDH,4,6,7914.8,4,0,0,1,5,0.361,169.27
7,3,SemiNDH,6,6,11013.4,6,0,0,0,6,0.4385,220.84
7,3,SemiNDH,2,7,6487.9,2,0,0,1,3,0.3835,131.57
7,3,SemiNDH,4,7,7240.7,4,0,0,0,4,0.4753,135.06
7,3,SemiNDH,6,7,10334.5,6,0,0,0,6,0.5105,102.66
7,3,SemiNDH,2,8,7638.2,2,0,0,0,2,0.3931,126.3
7,3,SemiNDH,4,8,7305.5,4,0,0,0,4,0.1662,189.33
7,3,SemiNDH,6,8,10883.3,7,1,0,0,6,0.2233,174.2
7,3,SemiNDH,2,9,8359.2,2,0,0,0,2,0.5154,248.23
7,3,SemiNDH,4,9,9055.4,4,0,1,1,4,0.181,105.99
7,3,SemiNDH,6,9,10658.6,6,0,0,1,7,0.2927,218.04
7,3,SemiNDH,2,10,6780.7,2,0,0,0,2,0.5158,102.58
7,3,SemiNDH,4,10,8691.1,4,0,0,1,5,0.5476,91.84
7,3,SemiNDH,6,10,10177.7,6,0,0,0,6,0.5564,233.9
7,3,SemiNDH,2,11,7585.3,2,0,0,1,3,0.443,6.8
7,3,SemiNDH,4,11,8208.8,4,0,0,0,4,0.2167,61.16
7,3,SemiNDH,6,11,8900.6,6,0,1,1,6,0.4263,114.66
7,3,SemiNDH,2,12,7754.0,2,0,0,1,3,0.1494,233.08
7,3,SemiNDH,4,12,9177.2,4,0,1,0,3,0.4969,130.86
7,3,SemiNDH,6,12,10107.2,7,1,1,0,5,0.4733,150.39
7,3,SemiNDH,2,13,7158.4,2,0,0,0,2,0.3428,124.71
7,3,SemiNDH,4,13,8981.5,4,0,1,0,3,0.1179,127.02
7,3,SemiNDH,6,13,10297.0,6,0,0,0,6,0.0989,213.03
7,3,SemiNDH,2,14,6836.0,2,0,0,0,2,0.3081,34.79
7,3,SemiNDH,4,14,7498.2,4,0,0,1,5,0.6306,229.02
7,3,SemiNDH,6,14,9548.4,6,0,0,0,6,0.4666,154.78
7,4,SemiDwell,2,0,7571.3,2,0,0,0,2,0.2362,119.12
7,4,SemiDwell,4,0,7712.0,4,0,0,1,5,0.3886,148.75
7,4,SemiDwell,6,0,10749.8,6,0,0,0,6,0.3398,14.19
7,4,SemiDwell,2,1,6878.9,2,0,0,0,2,0.5926,213.8
7,4,SemiDwell,4,1,8856.2,5,1,0,0,4,0.3062,183.35
7,4,SemiDwell,6,1,9616.4,7,1,0,0,6,0.364,34.71
7,4,SemiDwell,2,2,6006.2,2,0,0,0,2,0.4679,41.11
7,4,SemiDwell,4,2,8336.4,4,0,0,0,4,0.6253,184.34
7,4,SemiDwell,6,2,9929.0,6,0,0,0,6,0.2715,96.48
7,4,SemiDwell,2,3,7480.2,2,0,1,1,2,0.3487,166.68
7,4,SemiDwell,4,3,8068.6,4,0,1,0,3,0.6502,155.23
7,4,SemiDwell,6,3,10228.3,6,0,0,0,6,0.3203,170.21
7,4,SemiDwell,2,4,7376.4,2,0,0,1,3,0.4494,154.93
7,4,SemiDwell,4,4,7577.6,4,0,0,1,5,0.3543,223.45
7,4,SemiDwell,6,4,9243.9,6,0,0,0,6,0.4038,135.8
7,4,SemiDwell,2,5,6465.0,2,0,0,0,2,0.5563,153.41
7,4,SemiDwell,4,5,8231.4,5,1,0,0,4,0.4137,258.38
7,4,SemiDwell,6,5,9870.7,6,0,0,0,6,0.3359,164.52
7,4,SemiDwell,2,6,6962.2,2,0,0,1,3,0.5159,179.78
7,4,SemiDwell,4,6,10018.9,4,0,0,0,4,0.3326,175.01
7,4,SemiDwell,6,6,9349.7,7,1,0,1,7,0.2826,227.68
7,4,SemiDwell,2,7,7378.2,2,0,0,0,2,0.3697,140.51
7,4,SemiDwell,4,7,8121.8,4,0,0,0,4,0.524,36.65
7,4,SemiDwell,6,7,10003.4,7,1,0,0,6,0.6374,182.82
7,4,SemiDwell,2,8,7333.4,2,0,0,0,2,0.1303,50.6
7,4,SemiDwell,4,8,8079.4,4,0,0,0,4,0.5234,277.59
7,4,SemiDwell,6,8,10301.2,8,2,0,0,6,0.5006,142.01
7,4,SemiDwell,2,9,7472.7,3,1,0,1,3,0.6191,145.38
7,4,SemiDwell,4,9,8708.1,4,0,0,0,4,0.2612,163.39
7,4,SemiDwell,6,9,10143.0,7,1,0,0,6,0.3091,78.63
7,4,SemiDwell,2,10,7367.4,2,0,0,0,2,0.5327,300.15
7,4,SemiDwell,4,10,9517.1,4,0,0,0,4,0.445,196.03
7,4,SemiDwell,6,10,10226.7,7,1,0,0,6,0.4715,191.97
7,4,SemiDwell,2,11,7839.5,2,0,0,0,2,0.53,99.62
7,4,SemiDwell,4,11,9018.6,4,0,0,1,5,0.5507,201.85
7,4,SemiDwell,6,11,10527.2,6,0,0,0,6,0.222,127.32
7,4,SemiDwell,2,12,7494.8,2,0,1,0,1,0.3496,156.61
7,4,SemiDwell,4,12,9158.1,4,0,0,0,4,0.2313,162.94
7,4,SemiDwell,6,12,10407.6,7,1,0,0,6,0.11,160.54
7,4,SemiDwell,2,13,7624.1,2,0,0,0,2,0.4135,115.97
7,4,SemiDwell,4,13,8884.1,4,0,0,0,4,0.4814,168.31
7,4,SemiDwell,6,13,10056.3,6,0,0,1,7,0.6894,242.57
7,4,SemiDwell,2,14,6902.1,2,0,0,0,2,0.3883,133.84
7,4,SemiDwell,4,14,9077.3,5,1,0,0,4,0.3679,134.06
7,4,SemiDwell,6,14,9083.8,6,0,1,0,5,0.3759,139.77
8,0,FullDH,2,0,7144.6,2,0,0,1,3,0.5012,108.33
8,0,FullDH,4,0,8182.2,4,0,0,0,4,0.729,189.91
8,0,FullDH,6,0,10174.8,6,0,0,0,6,0.4647,144.53
8,0,FullDH,2,1,7098.1,2,0,0,0,2,0.0355,64.05
8,0,FullDH,4,1,8411.1,4,0,1,0,3,0.4005,140.4
8,0,FullDH,6,1,9609.2,6,0,0,0,6,0.5547,190.95
8,0,FullDH,2,2,6285.6,2,0,0,0,2,0.5163,128.22
8,0,FullDH,4,2,8864.3,4,0,0,0,4,0.4937,52.49
8,0,FullDH,6,2,10332.6,6,0,0,0,6,0.1335,142.4
8,0,FullDH,2,3,7097.8,3,1,0,0,2,0.3453,219.34
8,0,FullDH,4,3,8850.2,4,0,0,0,4,0.457,95.44
8,0,FullDH,6,3,10571.5,6,0,0,1,7,0.2168,195.18
8,0,FullDH,2,4,7920.4,2,0,0,1,3,0.5361,67.49
8,0,FullDH,4,4,8196.6,4,0,0,0,4,0.3553,21.5
8,0,FullDH,6,4,10333.3,6,0,0,0,6,0.4317,84.43
8,0,FullDH,2,5,5845.4,2,0,1,0,1,0.0862,146.33
8,0,FullDH,4,5,8885.9,5,1,0,0,4,0.2371,69.42
8,0,FullDH,6,5,10804.7,6,0,0,0,6,0.5872,180.29
8,0,FullDH,2,6,6801.9,2,0,0,0,2,0.2757,5.55
8,0,FullDH,4,6,8964.6,4,0,0,0,4,0.4275,133.49
8,0,FullDH,6,6,10233.0,6,0,0,1,7,0.2213,110.13
8,0,FullDH,2,7,6359.1,2,0,0,0,2,0.5155,190.28
8,0,FullDH,4,7,7367.1,4,0,0,1,5,0.2965,217.12
8,0,FullDH,6,7,9900.6,7,1,0,0,6,0.4342,150.36
8,0,FullDH,2,8,7305.2,2,0,0,1,3,0.3849,75.15
8,0,FullDH,4,8,8793.9,4,0,0,1,5,0.387,119.22
8,0,FullDH,6,8,10149.7,7,1,1,1,6,0.115,149.27
8,0,FullDH,2,9,6767.7,2,0,0,0,2,0.5755,216.44
8,0,FullDH,4,9,8413.2,4,0,0,0,4,0.4614,85.54
8,0,FullDH,6,9,10704.8,6,0,0,0,6,0.2605,202.48
8,0,FullDH,2,10,7322.0,2,0,0,0,2,0.7365,187.38
8,0,FullDH,4,10,7587.1,5,1,0,1,5,0.5748,102.17
8,0,FullDH,6,10,8736.6,6,0,0,0,6,0.3423,210.72
8,0,FullDH,2,11,7345.8,2,0,0,0,2,0.508,87.84
8,0,FullDH,4,11,7339.0,5,1,1,0,3,0.5295,178.62
8,0,FullDH,6,11,10212.7,6,0,1,1,6,0.3793,208.28
8,0,FullDH,2,12,6756.0,2,0,0,0,2,0.1928,139.78
8,0,FullDH,4,12,8318.2,4,0,0,0,4,0.5548,109.86
8,0,FullDH,6,12,9167.0,7,1,0,0,6,0.3325,205.41
8,0,FullDH,2,13,7749.5,2,0,0,1,3,0.1911,118.59
8,0,FullDH,4,13,9547.8,4,0,0,0,4,0.5363,158.92
8,0,FullDH,6,13,9124.7,6,0,0,0,6,0.4476,94.0
8,0,FullDH,2,14,7441.0,2,0,0,0,2,0.4558,208.87
8,0,FullDH,4,14,9019.7,4,0,0,0,4,0.4834,104.2
8,0,FullDH,6,14,10205.6,6,0,0,0,6,0.4342,163.96
8,1,SemiNDH,2,0,8240.6,2,0,0,0,2,0.3351,256.91
8,1,SemiNDH,4,0,8098.6,4,0,0,0,4,0.5079,135.72
8,1,SemiNDH,6,0,10254.0,6,0,0,1,7,0.5143,164.08
8,1,SemiNDH,2,1,6702.5,2,0,0,0,2,0.2467,168.08
8,1,SemiNDH,4,1,8916.1,4,0,0,0,4,0.4681,104.85
8,1,SemiNDH,6,1,10951.8,7,1,0,0,6,0.4144,256.51
8,1,SemiNDH,2,2,7218.6,2,0,0,1,3,0.3868,212.94
8,1,SemiNDH,4,2,9674.0,4,0,1,0,3,0.3831,165.3
8,1,SemiNDH,6,2,9965.5,6,0,1,0,5,0.2781,222.41
8,1,SemiNDH,2,3,8570.5,2,0,0,0,2,0.336,77.18
8,1,SemiNDH,4,3,8177.5,4,0,0,0,4,0.311,264.53
8,1,SemiNDH,6,3,10753.1,6,0,0,0,6,0.2059,210.29
8,1,SemiNDH,2,4,7822.7,3,1,0,1,3,0.5467,174.36
8,1,SemiNDH,4,4,9993.4,4,0,0,0,4,0.655,147.3
8,1,SemiNDH,6,4,10954.1,6,0,1,0,5,0.6799,56.6
8,1,SemiNDH,2,5,7671.9,2,0,0,0,2,0.2605,114.39
8,1,SemiNDH,4,5,7332.4,6,2,0,1,5,0.3655,85.51
8,1,SemiNDH,6,5,9239.4,6,0,0,0,6,0.4666,163.59
8,1,SemiNDH,2,6,6613.1,2,0,0,0,2,0.5058,162.34
8,1,SemiNDH,4,6,8713.5,4,0,0,0,4,0.3762,112.3
8,1,SemiNDH,6,6,9556.3,6,0,1,0,5,0.1607,204.36
8,1,SemiNDH,2,7,6519.8,2,0,0,0,2,0.7162,205.56
8,1,SemiNDH,4,7,7179.5,4,0,0,0,4,0.2213,82.42
8,1,SemiNDH,6,7,10644.7,6,0,0,0,6,0.3361,128.28
8,1,SemiNDH,2,8,7491.0,2,0,0,0,2,0.1645,149.95
8,1,SemiNDH,4,8,7206.1,5,1,0,0,4,0.2219,132.44
8,1,SemiNDH,6,8,9461.6,6,0,0,0,6,0.4361,77.76
8,1,SemiNDH,2,9,6944.4,2,0,0,0,2,0.3372,67.28
8,1,SemiNDH,4,9,8227.1,4,0,0,1,5,0.4846,104.73
8,1,SemiNDH,6,9,11136.4,6,0,0,0,6,0.4695,150.48
8,1,SemiNDH,2,10,7183.1,2,0,0,0,2,0.092,145.53
8,1,SemiNDH,4,10,8525.5,4,0,0,0,4,0.496,203.11
8,1,SemiNDH,6,10,9351.5,6,0,0,0,6,0.2728,146.24
8,1,SemiNDH,2,11,6517.9,2,0,0,0,2,0.3449,120.02
8,1,SemiNDH,4,11,8918.4,4,0,0,0,4,0.3812,172.38
8,1,SemiNDH,6,11,10075.0,6,0,0,0,6,0.5051,96.91
8,1,SemiNDH,2,12,6743.1,2,0,1,0,1,0.6996,96.14
8,1,SemiNDH,4,12,9563.3,4,0,0,1,5,0.6033,121.67
8,1,SemiNDH,6,12,9785.7,6,0,0,1,7,0.2134,136.38
8,1,SemiNDH,2,13,6507.7,2,0,0,0,2,0.4527,176.81
8,1,SemiNDH,4,13,9356.1,4,0,0,0,4,0.3098,87.85
8,1,SemiNDH,6,13,11543.9,6,0,0,0,6,0.6329,151.33
8,1,SemiNDH,2,14,6805.1,2,0,0,0,2,0.4992,252.68
8,1,SemiNDH,4,14,8383.4,4,0,0,1,5,0.4003,183.47
8,1,SemiNDH,6,14,9647.5,7,1,1,0,5,0.1866,109.51
8,2,SemiTilt,2,0,7269.8,2,0,0,0,2,0.3943,185.29
8,2,SemiTilt,4,0,9233.6,4,0,0,0,4,0.332,160.05
8,2,SemiTilt,6,0,12094.8,6,0,1,0,5,0.5252,183.95
8,2,SemiTilt,2,1,7566.4,2,0,0,0,2,0.4324,99.55
8,2,SemiTilt,4,1,9105.4,4,0,0,1,5,0.415,108.77
8,2,SemiTilt,6,1,10904.2,6,0,0,0,6,0.4805,198.7
8,2,SemiTilt,2,2,8178.6,2,0,0,1,3,0.6197,52.45
8,2,SemiTilt,4,2,9335.0,4,0,0,0,4,0.459,180.15
8,2,SemiTilt,6,2,10245.0,6,0,0,0,6,0.2506,68.82
8,2,SemiTilt,2,3,6993.6,2,0,0,0,2,0.3691,157.28
8,2,SemiTilt,4,3,7987.8,4,0,0,0,4,0.0908,54.9
8,2,SemiTilt,6,3,10516.5,7,1,0,0,6,0.4661,289.98
8,2,SemiTilt,2,4,8504.5,2,0,0,0,2,0.3692,149.21
8,2,SemiTilt,4,4,9192.4,5,1,0,0,4,0.6771,276.49
8,2,SemiTilt,6,4,11313.7,7,1,1,0,5,0.3471,140.58
8,2,SemiTilt,2,5,8085.2,2,0,0,0,2,0.6071,158.65
8,2,SemiTilt,4,5,9973.8,4,0,0,0,4,0.3127,213.4
8,2,SemiTilt,6,5,11649.7,7,1,0,0,6,0.3564,218.73
8,2,SemiTilt,2,6,8505.9,2,0,0,1,3,0.1795,213.9
8,2,SemiTilt,4,6,8087.1,4,0,0,0,4,0.3786,173.51
8,2,SemiTilt,6,6,11754.9,6,0,1,0,5,0.2926,7.89
8,2,SemiTilt,2,7,8273.1,2,0,0,0,2,0.4231,162.14
8,2,SemiTilt,4,7,9252.0,4,0,0,1,5,0.5815,151.78
8,2,SemiTilt,6,7,11366.7,6,0,0,0,6,0.337,200.93
8,2,SemiTilt,2,8,7740.5,2,0,0,1,3,0.4101,151.35
8,2,SemiTilt,4,8,10516.4,4,0,0,1,5,0.2218,117.91
8,2,SemiTilt,6,8,11095.5,6,0,2,0,4,0.0833,206.95
8,2,SemiTilt,2,9,7850.3,2,0,0,0,2,0.727,136.44
8,2,SemiTilt,4,9,8759.6,4,0,0,0,4,0.5971,114.98
8,2,SemiTilt,6,9,9733.9,7,1,0,0,6,0.5255,135.78
8,2,SemiTilt,2,10,7482.2,2,0,1,0,1,0.6153,204.66
8,2,SemiTilt,4,10,9918.3,4,0,0,0,4,0.2599,148.7
8,2,SemiTilt,6,10,10834.7,6,0,0,0,6,0.4057,163.58
8,2,SemiTilt,2,11,7160.3,2,0,0,0,2,0.3062,78.08
8,2,SemiTilt,4,11,10052.4,4,0,0,0,4,0.3745,103.26
8,2,SemiTilt,6,11,10077.0,6,0,0,0,6,0.496,102.52
8,2,SemiTilt,2,12,8579.3,2,0,0,0,2,0.3532,203.29
8,2,SemiTilt,4,12,9256.0,4,0,1,0,3,0.4248,199.9
8,2,SemiTilt,6,12,11110.5,6,0,0,0,6,0.4407,129.2
8,2,SemiTilt,2,13,7341.9,2,0,0,0,2,0.4405,131.56
8,2,SemiTilt,4,13,9208.4,4,0,0,0,4,0.3644,116.59
8,2,SemiTilt,6,13,11339.2,6,0,0,0,6,0.3626,92.54
8,2,SemiTilt,2,14,7064.7,2,0,0,1,3,0.3201,126.82
8,2,SemiTilt,4,14,10013.5,4,0,0,0,4,0.5057,114.89
8,2,SemiTilt,6,14,10802.9,6,0,0,0,6,0.8896,175.8
8,3,SemiDwell,2,0,7059.8,2,0,0,0,2,0.4996,209.46
8,3,SemiDwell,4,0,8763.9,4,0,0,0,4,0.4428,174.4
8,3,SemiDwell,6,0,10698.8,6,0,1,0,5,0.5313,118.63
8,3,SemiDwell,2,1,7267.7,3,1,1,0,1,0.1155,158.22
8,3,SemiDwell,4,1,8653.9,4,0,0,0,4,0.379,186.74
8,3,SemiDwell,6,1,10985.9,6,0,0,0,6,0.5382,180.49
8,3,SemiDwell,2,2,7044.2,2,0,0,0,2,0.5604,128.78
8,3,SemiDwell,4,2,8319.0,4,0,0,0,4,0.6322,155.31
8,3,SemiDwell,6,2,10462.7,6,0,0,0,6,0.2884,35.87
8,3,SemiDwell,2,3,6658.2,2,0,0,0,2,0.34,95.5
8,3,SemiDwell,4,3,8614.8,5,1,0,0,4,0.0908,99.16
8,3,SemiDwell,6,3,10355.0,6,0,0,0,6,0.5635,180.12
8,3,SemiDwell,2,4,8286.5,2,0,0,0,2,0.4571,136.59
8,3,SemiDwell,4,4,10082.4,4,0,0,0,4,0.2531,182.64
8,3,SemiDwell,6,4,9764.0,6,0,0,0,6,0.4271,222.26
8,3,SemiDwell,2,5,7433.6,3,1,0,0,2,0.3287,104.29
8,3,SemiDwell,4,5,9916.2,4,0,0,0,4,0.2936,86.21
8,3,SemiDwell,6,5,10815.5,6,0,0,0,6,0.5032,24.95
8,3,SemiDwell,2,6,8656.4,2,0,0,0,2,0.3279,227.79
8,3,SemiDwell,4,6,8645.2,5,1,0,1,5,0.6728,96.24
8,3,SemiDwell,6,6,10703.5,6,0,0,0,6,0.2944,133.48
8,3,SemiDwell,2,7,7774.8,2,0,0,0,2,0.5664,123.86
8,3,SemiDwell,4,7,7820.8,4,0,0,0,4,0.3842,94.22
8,3,SemiDwell,6,7,10252.6,6,0,0,0,6,0.442,171.36
8,3,SemiDwell,2,8,7126.6,2,0,0,1,3,0.2469,141.08
8,3,SemiDwell,4,8,7912.1,4,0,0,0,4,0.3547,192.58
8,3,SemiDwell,6,8,10566.5,6,0,0,0,6,0.3103,67.74
8,3,SemiDwell,2,9,7509.6,2,0,0,1,3,0.7008,167.89
8,3,SemiDwell,4,9,9075.8,4,0,0,0,4,0.2857,150.2
8,3,SemiDwell,6,9,10204.0,6,0,0,1,7,0.6759,52.46
8,3,SemiDwell,2,10,8104.2,2,0,0,1,3,0.5184,85.54
8,3,SemiDwell,4,10,10205.7,4,0,0,0,4,0.1072,88.49
8,3,SemiDwell,6,10,10095.0,7,1,0,0,6,0.5482,139.98
8,3,SemiDwell,2,11,7346.8,2,0,0,0,2,0.3347,240.67
8,3,SemiDwell,4,11,8250.5,4,0,0,0,4,0.5346,89.14
8,3,SemiDwell,6,11,10628.6,7,1,0,1,7,0.3335,88.26
8,3,SemiDwell,2,12,7399.9,2,0,0,0,2,0.4523,111.85
8,3,SemiDwell,4,12,8927.4,5,1,0,0,4,0.3164,155.31
8,3,SemiDwell,6,12,9846.2,6,0,1,0,5,0.318,65.25
8,3,SemiDwell,2,13,7408.5,2,0,0,1,3,0.2722,157.54
8,3,SemiDwell,4,13,10049.8,4,0,0,0,4,0.3551,136.42
8,3,SemiDwell,6,13,10522.0,6,0,0,0,6,0.4472,226.41
8,3,SemiDwell,2,14,7601.9,2,0,0,1,3,0.6474,155.23
8,3,SemiDwell,4,14,9645.3,4,0,0,0,4,0.3734,122.75
8,3,SemiDwell,6,14,10416.4,6,0,0,0,6,0.3304,76.14
8,4,SemiSwipe,2,0,7166.0,2,0,0,1,3,0.1423,116.13
8,4,SemiSwipe,4,0,7992.5,5,1,0,0,4,0.4897,195.64
8,4,SemiSwipe,6,0,10407.6,6,0,1,0,5,0.1704,30.37
8,4,SemiSwipe,2,1,7460.9,2,0,0,0,2,0.4734,36.34
8,4,SemiSwipe,4,1,8583.5,4,0,0,0,4,0.1177,211.39
8,4,SemiSwipe,6,1,10519.7,6,0,1,0,5,0.3341,175.38
8,4,SemiSwipe,2,2,7917.8,2,0,0,1,3,0.5746,28.77
8,4,SemiSwipe,4,2,8596.1,4,0,0,1,5,0.2765,276.46
8,4,SemiSwipe,6,2,10400.9,6,0,0,1,7,0.3616,147.47
8,4,SemiSwipe,2,3,6501.4,2,0,0,1,3,0.324,208.13
8,4,SemiSwipe,4,3,10000.6,4,0,0,0,4,0.3778,189.53
8,4,SemiSwipe,6,3,9664.0,6,0,0,0,6,0.4812,159.94
8,4,SemiSwipe,2,4,7937.0,2,0,0,0,2,0.2176,343.06
8,4,SemiSwipe,4,4,7800.5,4,0,0,0,4,0.2139,184.28
8,4,SemiSwipe,6,4,10938.7,7,1,0,0,6,0.4243,257.44
8,4,SemiSwipe,2,5,7758.2,2,0,0,0,2,0.3777,135.53
8,4,SemiSwipe,4,5,8395.1,4,0,0,0,4,0.5695,228.62
8,4,SemiSwipe,6,5,10626.5,6,0,0,0,6,0.4992,103.71
8,4,SemiSwipe,2,6,7802.7,2,0,0,0,2,0.3341,201.11
8,4,SemiSwipe,4,6,10070.5,4,0,0,1,5,0.5774,162.57
8,4,SemiSwipe,6,6,10462.5,6,0,0,1,7,0.3455,113.43
8,4,SemiSwipe,2,7,7661.5,2,0,0,0,2,0.4477,94.34
8,4,SemiSwipe,4,7,8933.7,5,1,0,1,5,0.5176,136.41
8,4,SemiSwipe,6,7,10979.3,7,1,0,0,6,0.2351,194.39
8,4,SemiSwipe,2,8,7602.0,2,0,0,0,2,0.5959,131.31
8,4,SemiSwipe,4,8,8786.4,4,0,0,0,4,0.6181,263.37
8,4,SemiSwipe,6,8,11360.9,6,0,0,0,6,0.3256,117.36
8,4,SemiSwipe,2,9,7227.0,2,0,0,1,3,0.3101,135.37
8,4,SemiSwipe,4,9,10284.4,4,0,0,1,5,0.362,242.72
8,4,SemiSwipe,6,9,10521.9,6,0,0,0,6,0.2405,165.42
8,4,SemiSwipe,2,10,7762.4,2,0,0,1,3,0.1508,125.5
8,4,SemiSwipe,4,10,8925.1,5,1,0,0,4,0.3231,260.14
8,4,SemiSwipe,6,10,10778.1,6,0,0,0,6,0.3702,234.72
8,4,SemiSwipe,2,11,7437.5,2,0,0,0,2,0.2725,156.57
8,4,SemiSwipe,4,11,8806.9,4,0,0,1,5,0.489,220.77
8,4,SemiSwipe,6,11,11182.6,6,0,0,0,6,0.2368,170.54
8,4,SemiSwipe,2,12,8234.7,2,0,0,0,2,0.4096,112.56
8,4,SemiSwipe,4,12,9664.3,4,0,0,0,4,0.5914,168.02
8,4,SemiSwipe,6,12,10849.5,6,0,0,0,6,0.335,185.04
8,4,SemiSwipe,2,13,7014.9,2,0,0,0,2,0.2706,77.98
8,4,SemiSwipe,4,13,9709.9,5,1,0,1,5,0.477,152.88
8,4,SemiSwipe,6,13,11215.4,6,0,0,0,6,0.2739,231.1
8,4,SemiSwipe,2,14,7943.6,2,0,0,0,2,0.2111,106.95
8,4,SemiSwipe,4,14,9002.8,4,0,0,1,5,0.5517,110.84
8,4,SemiSwipe,6,14,9561.4,6,0,0,0,6,0.1372,198.11
9,0,SemiNDH,2,0,5898.9,2,0,0,0,2,0.4866,180.37
9,0,SemiNDH,4,0,8160.6,4,0,0,0,4,0.4476,62.95
9,0,SemiNDH,6,0,9883.4,6,0,1,0,5,0.3681,223.85
9,0,SemiNDH,2,1,6903.6,3,1,0,0,2,0.5112,204.76
9,0,SemiNDH,4,1,8095.7,4,0,0,1,5,0.4287,133.51
9,0,SemiNDH,6,1,9901.5,6,0,0,0,6,0.5751,67.54
9,0,SemiNDH,2,2,6941.4,2,0,0,0,2,0.4496,67.37
9,0,SemiNDH,4,2,8253.8,4,0,0,0,4,0.4724,107.81
9,0,SemiNDH,6,2,8038.2,6,0,0,1,7,0.0839,192.37
9,0,SemiNDH,2,3,6517.7,2,0,0,0,2,0.5854,109.2
9,0,SemiNDH,4,3,8065.5,4,0,0,0,4,0.662,130.93
9,0,SemiNDH,6,3,9245.9,6,0,0,0,6,0.3171,233.85
9,0,SemiNDH,2,4,6872.9,3,1,0,0,2,0.4644,117.36
9,0,SemiNDH,4,4,7399.5,4,0,0,0,4,0.4895,225.74
9,0,SemiNDH,6,4,9201.8,6,0,0,0,6,0.4481,147.58
9,0,SemiNDH,2,5,6019.8,2,0,0,0,2,0.4774,202.81
9,0,SemiNDH,4,5,6078.2,4,0,0,0,4,0.6124,83.74
9,0,SemiNDH,6,5,9405.5,6,0,0,0,6,0.1619,174.17
9,0,SemiNDH,2,6,5965.8,2,0,0,0,2,0.4771,217.12
9,0,SemiNDH,4,6,7604.8,4,0,0,0,4,0.5568,161.13
9,0,SemiNDH,6,6,9487.7,7,1,0,0,6,0.563,74.24
9,0,SemiNDH,2,7,5485.5,2,0,0,0,2,0.2898,109.93
9,0,SemiNDH,4,7,8186.1,4,0,0,0,4,0.0826,63.89
9,0,SemiNDH,6,7,8780.4,7,1,0,1,7,0.4709,205.75
9,0,SemiNDH,2,8,5927.1,2,0,0,0,2,0.3376,259.07
9,0,SemiNDH,4,8,7526.5,5,1,0,0,4,0.5553,157.05
9,0,SemiNDH,6,8,8266.1,6,0,0,0,6,0.6622,142.52
9,0,SemiNDH,2,9,6681.2,2,0,0,0,2,0.4182,83.27
9,0,SemiNDH,4,9,7687.0,4,0,0,0,4,0.3152,165.1
9,0,SemiNDH,6,9,10412.0,6,0,0,0,6,0.264,67.52
9,0,SemiNDH,2,10,6307.3,2,0,1,0,1,0.4669,175.4
9,0,SemiNDH,4,10,7804.4,5,1,0,1,5,0.1889,42.37
9,0,SemiNDH,6,10,9608.0,6,0,0,1,7,0.4909,126.71
9,0,SemiNDH,2,11,6013.7,2,0,0,0,2,0.4645,164.79
9,0,SemiNDH,4,11,7332.4,4,0,0,0,4,0.3778,150.87
9,0,SemiNDH,6,11,9179.3,6,0,0,1,7,0.6412,161.04
9,0,SemiNDH,2,12,5296.7,2,0,0,0,2,0.4892,223.99
9,0,SemiNDH,4,12,8475.0,6,2,0,1,5,0.3482,212.02
9,0,SemiNDH,6,12,9976.7,6,0,0,1,7,0.6166,221.32
9,0,SemiNDH,2,13,6346.6,2,0,0,0,2,0.4268,75.63
9,0,SemiNDH,4,13,7905.5,5,1,0,0,4,0.4044,150.34
9,0,SemiNDH,6,13,10096.5,6,0,0,1,7,0.6103,207.87
9,0,SemiNDH,2,14,5426.9,2,0,0,0,2,0.3675,200.58
9,0,SemiNDH,4,14,7148.6,4,0,0,0,4,0.2724,112.29
9,0,SemiNDH,6,14,9419.8,8,2,0,0,6,0.3269,136.89
9,1,SemiDwell,2,0,6629.5,2,0,0,0,2,0.4203,151.25
9,1,SemiDwell,4,0,7313.6,4,0,0,0,4,0.3691,208.13
9,1,SemiDwell,6,0,9106.4,6,0,0,0,6,0.4893,184.91
9,1,SemiDwell,2,1,7007.1,2,0,0,1,3,0.595,72.3
9,1,SemiDwell,4,1,7374.9,5,1,0,0,4,0.6732,154.01
9,1,SemiDwell,6,1,8831.0,7,1,0,1,7,0.3766,143.71
9,1,SemiDwell,2,2,6530.7,2,0,0,0,2,0.4077,228.45
9,1,SemiDwell,4,2,7654.1,5,1,0,0,4,0.574,13.26
9,1,SemiDwell,6,2,8878.8,7,1,0,0,6,0.2389,169.0
9,1,SemiDwell,2,3,7156.9,2,0,0,1,3,0.4032,76.47
9,1,SemiDwell,4,3,7356.4,4,0,0,0,4,0.5156,83.54
9,1,SemiDwell,6,3,8843.7,6,0,1,0,5,0.1152,144.91
9,1,SemiDwell,2,4,7215.9,2,0,0,0,2,0.382,182.83
9,1,SemiDwell,4,4,8047.1,4,0,0,0,4,0.3321,104.29
9,1,SemiDwell,6,4,8911.4,6,0,1,0,5,0.4788,69.83
9,1,SemiDwell,2,5,6082.8,2,0,0,0,2,0.4666,133.7
9,1,SemiDwell,4,5,8283.1,5,1,0,0,4,0.3059,56.79
9,1,SemiDwell,6,5,8524.4,6,0,1,0,5,0.3776,76.23
9,1,SemiDwell,2,6,5821.3,2,0,0,0,2,0.3827,170.16
9,1,SemiDwell,4,6,8319.1,4,0,0,1,5,0.2967,115.15
9,1,SemiDwell,6,6,8893.9,6,0,0,0,6,0.5984,197.52
9,1,SemiDwell,2,7,7234.0,2,0,0,0,2,0.3672,161.06
9,1,SemiDwell,4,7,8414.5,4,0,0,0,4,0.2195,206.96
9,1,SemiDwell,6,7,9317.5,6,0,0,1,7,0.4317,164.79
9,1,SemiDwell,2,8,5939.8,2,0,0,1,3,0.488,172.32
9,1,SemiDwell,4,8,8628.7,5,1,0,0,4,0.4146,121.34
9,1,SemiDwell,6,8,9650.1,6,0,1,1,6,0.3193,179.26
9,1,SemiDwell,2,9,5986.1,2,0,0,0,2,0.2113,210.55
9,1,SemiDwell,4,9,8043.8,4,0,0,0,4,0.3835,31.88
9,1,SemiDwell,6,9,8913.4,8,2,0,0,6,0.5598,127.0
9,1,SemiDwell,2,10,6579.5,2,0,1,0,1,0.2402,160.7
9,1,SemiDwell,4,10,7198.7,4,0,0,1,5,0.1839,124.23
9,1,SemiDwell,6,10,11004.2,6,0,0,0,6,0.2322,81.82
9,1,SemiDwell,2,11,7008.6,2,0,0,0,2,0.378,130.36
9,1,SemiDwell,4,11,7473.9,4,0,0,0,4,0.5805,130.13
9,1,SemiDwell,6,11,9719.5,6,0,1,0,5,0.4336,222.39
9,1,SemiDwell,2,12,6604.4,2,0,0,0,2,0.6322,106.84
9,1,SemiDwell,4,12,7386.5,4,0,0,0,4,0.7151,147.2
9,1,SemiDwell,6,12,9419.3,6,0,0,0,6,0.3325,214.79
9,1,SemiDwell,2,13,5981.4,2,0,0,0,2,0.5623,88.99
9,1,SemiDwell,4,13,7936.8,4,0,1,1,4,0.3792,169.93
9,1,SemiDwell,6,13,9221.6,6,0,0,0,6,0.0243,154.04
9,1,SemiDwell,2,14,6520.6,2,0,0,1,3,0.6614,223.44
9,1,SemiDwell,4,14,7452.4,4,0,0,1,5,0.4832,148.42
9,1,SemiDwell,6,14,9695.6,6,0,0,0,6,0.5779,97.07
9,2,FullDH,2,0,5833.4,2,0,1,0,1,0.32,192.07
9,2,FullDH,4,0,7017.8,4,0,0,1,5,0.595,177.91
9,2,FullDH,6,0,9130.4,7,1,0,0,6,0.4542,237.22
9,2,FullDH,2,1,4727.8,2,0,0,0,2,0.1574,182.01
9,2,FullDH,4,1,7960.7,4,0,0,0,4,0.6117,314.19
9,2,FullDH,6,1,8419.1,6,0,0,0,6,0.322,76.46
9,2,FullDH,2,2,6428.9,2,0,0,0,2,0.5195,154.23
9,2,FullDH,4,2,7365.0,4,0,0,1,5,0.3009,222.95
9,2,FullDH,6,2,8282.1,6,0,0,0,6,0.5506,49.73
9,2,FullDH,2,3,5751.3,2,0,0,0,2,0.3529,75.85
9,2,FullDH,4,3,7622.1,4,0,0,0,4,0.0743,99.5
9,2,FullDH,6,3,8776.3,6,0,0,0,6,0.3181,103.94
9,2,FullDH,2,4,5847.8,2,0,0,0,2,0.2958,128.88
9,2,FullDH,4,4,6640.5,4,0,0,0,4,0.4852,84.44
9,2,FullDH,6,4,9236.7,6,0,0,1,7,0.54,260.11
9,2,FullDH,2,5,4524.7,2,0,0,0,2,0.3849,100.9
9,2,FullDH,4,5,7708.5,6,2,1,1,4,0.4422,169.26
9,2,FullDH,6,5,9300.6,8,2,0,0,6,0.3946,142.32
9,2,FullDH,2,6,6712.1,2,0,1,1,2,0.2007,59.97
9,2,FullDH,4,6,7546.3,4,0,0,0,4,0.4931,241.2
9,2,FullDH,6,6,8810.1,7,1,0,0,6,0.4521,58.84
9,2,FullDH,2,7,6701.7,2,0,0,0,2,0.4639,141.65
9,2,FullDH,4,7,7042.4,4,0,0,0,4,0.4449,135.03
9,2,FullDH,6,7,8645.0,6,0,1,0,5,0.3894,173.4
9,2,FullDH,2,8,5433.8,2,0,0,0,2,0.2538,153.19
9,2,FullDH,4,8,7665.9,4,0,0,0,4,0.6898,144.05
9,2,FullDH,6,8,8366.4,6,0,0,0,6,0.5529,210.25
9,2,FullDH,2,9,6174.6,2,0,0,0,2,0.2322,247.03
9,2,FullDH,4,9,7127.2,4,0,0,0,4,0.564,89.86
9,2,FullDH,6,9,8915.0,6,0,0,1,7,0.1528,182.49
9,2,FullDH,2,10,6588.7,2,0,0,0,2,0.4323,129.36
9,2,FullDH,4,10,7269.3,5,1,0,0,4,0.4311,119.35
9,2,FullDH,6,10,9876.6,7,1,0,0,6,0.3785,54.54
9,2,FullDH,2,11,6161.6,2,0,0,0,2,0.4394,26.19
9,2,FullDH,4,11,7481.5,4,0,0,0,4,0.5013,250.82
9,2,FullDH,6,11,9333.6,6,0,0,0,6,0.3923,278.16
9,2,FullDH,2,12,5172.1,2,0,0,0,2,0.4923,180.34
9,2,FullDH,4,12,8033.9,5,1,0,0,4,0.3479,135.72
9,2,FullDH,6,12,9750.7,6,0,0,0,6,0.4192,54.76
9,2,FullDH,2,13,6364.7,2,0,0,0,2,0.5114,157.44
9,2,FullDH,4,13,7354.0,4,0,0,0,4,0.5246,197.86
9,2,FullDH,6,13,8414.8,6,0,0,1,7,0.6501,121.35
9,2,FullDH,2,14,5377.8,2,0,0,0,2,0.009,228.61
9,2,FullDH,4,14,8086.7,5,1,0,0,4,0.3748,124.67
9,2,FullDH,6,14,9422.2,6,0,0,0,6,0.4475,100.37
9,3,SemiSwipe,2,0,7279.6,2,0,0,1,3,0.1559,199.39
9,3,SemiSwipe,4,0,8493.6,4,0,0,1,5,0.2656,205.43
9,3,SemiSwipe,6,0,9677.9,6,0,0,0,6,0.5122,129.59
9,3,SemiSwipe,2,1,6041.0,2,0,0,0,2,0.4764,232.58
9,3,SemiSwipe,4,1,8526.7,4,0,0,0,4,0.4258,267.82
9,3,SemiSwipe,6,1,9600.4,6,0,1,0,5,0.3502,124.41
9,3,SemiSwipe,2,2,7128.6,2,0,0,0,2,0.2567,21.31
9,3,SemiSwipe,4,2,7699.7,4,0,0,1,5,0.2946,120.76
9,3,SemiSwipe,6,2,8919.5,6,0,0,0,6,0.4936,101.7
9,3,SemiSwipe,2,3,6962.2,2,0,0,0,2,0.629,167.72
9,3,SemiSwipe,4,3,8166.9,4,0,0,1,5,0.2851,117.36
9,3,SemiSwipe,6,3,10802.7,6,0,0,0,6,0.4525,62.65
9,3,SemiSwipe,2,4,7294.4,3,1,1,0,1,0.4301,241.57
9,3,SemiSwipe,4,4,7910.2,4,0,0,0,4,0.3835,74.74
9,3,SemiSwipe,6,4,9901.3,6,0,0,1,7,0.4862,187.1
9,3,SemiSwipe,2,5,5965.2,2,0,0,0,2,0.124,130.05
9,3,SemiSwipe,4,5,7911.6,5,1,0,0,4,0.3615,142.05
9,3,SemiSwipe,6,5,8882.8,7,1,0,0,6,0.4093,95.43
9,3,SemiSwipe,2,6,6334.8,2,0,0,0,2,0.6774,95.37
9,3,SemiSwipe,4,6,9498.9,5,1,0,0,4,0.2047,52.36
9,3,SemiSwipe,6,6,9690.4,7,1,0,1,7,0.409,91.75
9,3,SemiSwipe,2,7,7113.6,2,0,0,0,2,0.4292,178.32
9,3,SemiSwipe,4,7,7727.2,4,0,0,0,4,0.2831,110.82
9,3,SemiSwipe,6,7,9787.9,7,1,0,1,7,0.4584,140.67
9,3,SemiSwipe,2,8,6777.6,2,0,0,0,2,0.4342,153.15
9,3,SemiSwipe,4,8,8012.3,4,0,0,0,4,0.289,114.42
9,3,SemiSwipe,6,8,8593.9,8,2,1,1,6,0.4243,126.22
9,3,SemiSwipe,2,9,6808.3,2,0,0,0,2,0.6917,22.44
9,3,SemiSwipe,4,9,8021.4,4,0,0,0,4,0.2704,144.07
9,3,SemiSwipe,6,9,9398.1,6,0,0,0,6,0.6179,71.62
9,3,SemiSwipe,2,10,6745.7,2,0,0,0,2,0.2099,152.79
9,3,SemiSwipe,4,10,8306.2,4,0,1,1,4,0.0952,211.42
9,3,SemiSwipe,6,10,9517.0,6,0,0,1,7,0.2914,119.34
9,3,SemiSwipe,2,11,7437.9,3,1,0,0,2,0.272,130.68
9,3,SemiSwipe,4,11,8963.2,4,0,0,0,4,0.4831,155.8
9,3,SemiSwipe,6,11,9922.4,6,0,0,0,6,0.5954,161.92
9,3,SemiSwipe,2,12,7271.5,2,0,1,0,1,0.4147,165.37
9,3,SemiSwipe,4,12,8939.8,5,1,0,1,5,0.3313,208.64
9,3,SemiSwipe,6,12,10704.6,6,0,0,1,7,0.4173,121.27
9,3,SemiSwipe,2,13,6533.8,2,0,0,0,2,0.3639,199.96
9,3,SemiSwipe,4,13,8313.7,4,0,2,1,3,0.4663,55.03
9,3,SemiSwipe,6,13,9534.5,6,0,0,1,7,0.4912,172.9
9,3,SemiSwipe,2,14,5635.0,2,0,1,1,2,0.1848,106.66
9,3,SemiSwipe,4,14,8055.6,4,0,1,0,3,0.4635,177.17
9,3,SemiSwipe,6,14,9532.7,6,0,0,0,6,0.395,257.97
9,4,SemiTilt,2,0,7159.4,2,0,0,0,2,0.3353,196.99
9,4,SemiTilt,4,0,8278.3,4,0,1,0,3,0.3287,203.12
9,4,SemiTilt,6,0,9033.4,6,0,0,1,7,0.5807,266.74
9,4,SemiTilt,2,1,6702.0,2,0,0,1,3,0.3465,146.49
9,4,SemiTilt,4,1,8495.9,4,0,0,0,4,0.2967,242.17
9,4,SemiTilt,6,1,9390.6,6,0,0,0,6,0.447,158.49
9,4,SemiTilt,2,2,6595.7,3,1,0,0,2,0.374,128.93
9,4,SemiTilt,4,2,8037.6,4,0,0,0,4,0.4941,187.54
9,4,SemiTilt,6,2,10185.6,6,0,1,0,5,0.4355,140.23
9,4,SemiTilt,2,3,6702.3,2,0,0,0,2,0.4484,106.95
9,4,SemiTilt,4,3,9205.7,4,0,0,0,4,0.2766,163.35
9,4,SemiTilt,6,3,10228.5,6,0,0,1,7,0.3477,157.32
9,4,SemiTilt,2,4,6067.0,2,0,0,0,2,0.3081,216.79
9,4,SemiTilt,4,4,7829.3,4,0,0,0,4,0.4629,17.1
9,4,SemiTilt,6,4,11120.5,6,0,0,0,6,0.3418,151.3
9,4,SemiTilt,2,5,7169.0,2,0,0,0,2,0.1428,146.3
9,4,SemiTilt,4,5,8286.1,4,0,0,0,4,0.3798,153.94
9,4,SemiTilt,6,5,11406.0,6,0,0,1,7,0.5012,156.9
9,4,SemiTilt,2,6,5942.2,2,0,0,0,2,0.448,284.84
9,4,SemiTilt,4,6,7151.7,4,0,0,0,4,0.5204,206.67
9,4,SemiTilt,6,6,8902.2,7,1,0,0,6,0.5955,240.99
9,4,SemiTilt,2,7,7768.4,2,0,0,0,2,0.4696,72.47
9,4,SemiTilt,4,7,7407.7,4,0,0,1,5,0.512,121.48
9,4,SemiTilt,6,7,10495.0,6,0,2,0,4,0.5755,140.8
9,4,SemiTilt,2,8,8105.0,2,0,0,1,3,0.1338,109.05
9,4,SemiTilt,4,8,8901.0,4,0,0,0,4,0.5322,143.04
9,4,SemiTilt,6,8,9400.3,8,2,0,1,7,0.6267,133.27
9,4,SemiTilt,2,9,7069.6,3,1,0,0,2,0.378,151.1
9,4,SemiTilt,4,9,7485.0,5,1,0,1,5,0.0819,62.59
9,4,SemiTilt,6,9,10596.9,6,0,0,1,7,0.6481,142.97
9,4,SemiTilt,2,10,7071.9,2,0,0,0,2,0.0841,197.0
9,4,SemiTilt,4,10,9003.6,4,0,1,0,3,0.2506,81.02
9,4,SemiTilt,6,10,10164.4,7,1,0,0,6,0.4953,96.21
9,4,SemiTilt,2,11,6626.8,2,0,0,0,2,0.2532,41.61
9,4,SemiTilt,4,11,8458.0,4,0,0,0,4,0.2924,204.82
9,4,SemiTilt,6,11,8637.2,6,0,0,0,6,0.2924,138.61
9,4,SemiTilt,2,12,6288.2,2,0,1,0,1,0.3792,183.33
9,4,SemiTilt,4,12,8210.5,5,1,0,1,5,0.5763,156.49
9,4,SemiTilt,6,12,10023.7,6,0,1,1,6,0.3542,190.92
9,4,SemiTilt,2,13,7137.4,2,0,0,1,3,0.4635,181.62
9,4,SemiTilt,4,13,8516.8,4,0,0,1,5,0.0449,176.54
9,4,SemiTilt,6,13,10663.1,7,1,0,0,6,0.7165,157.09
9,4,SemiTilt,2,14,5941.3,2,0,0,1,3,0.1559,217.0
9,4,SemiTilt,4,14,8094.4,4,0,0,1,5,0.3444,140.19
9,4,SemiTilt,6,14,10286.1,6,0,0,0,6,0.6961,131.77
10,0,FullDH,2,0,7556.9,2,0,0,0,2,0.4581,182.52
10,0,FullDH,4,0,8823.6,4,0,0,0,4,0.252,148.49
10,0,FullDH,6,0,9962.9,6,0,1,0,5,0.3174,254.91
10,0,FullDH,2,1,7579.2,2,0,0,0,2,0.0109,273.79
10,0,FullDH,4,1,8975.9,4,0,1,0,3,0.329,176.55
10,0,FullDH,6,1,11720.8,6,0,0,1,7,0.1946,88.93
10,0,FullDH,2,2,6962.9,3,1,0,0,2,0.1291,120.22
10,0,FullDH,4,2,9454.2,4,0,0,0,4,0.4858,136.36
10,0,FullDH,6,2,11842.3,6,0,0,0,6,0.3843,194.89
10,0,FullDH,2,3,7052.4,2,0,1,0,1,0.3408,51.38
10,0,FullDH,4,3,9032.5,4,0,0,1,5,0.6205,198.39
10,0,FullDH,6,3,11083.9,6,0,0,0,6,0.235,196.29
10,0,FullDH,2,4,6773.9,2,0,0,0,2,0.5508,173.58
10,0,FullDH,4,4,8392.6,4,0,0,0,4,0.4069,101.95
10,0,FullDH,6,4,10559.3,6,0,0,0,6,0.5551,159.48
10,0,FullDH,2,5,7382.0,2,0,0,0,2,0.4017,215.47
10,0,FullDH,4,5,8939.8,4,0,0,0,4,0.1759,167.25
10,0,FullDH,6,5,11097.6,6,0,0,1,7,0.2663,131.55
10,0,FullDH,2,6,7877.8,2,0,0,1,3,0.3029,111.87
10,0,FullDH,4,6,8941.6,4,0,0,0,4,0.3582,141.21
10,0,FullDH,6,6,9618.3,6,0,0,0,6,0.2811,154.6
10,0,FullDH,2,7,8652.3,2,0,0,0,2,0.1463,126.42
10,0,FullDH,4,7,9028.9,4,0,0,0,4,0.3985,127.16
10,0,FullDH,6,7,10110.7,6,0,1,0,5,0.0213,205.94
10,0,FullDH,2,8,7733.0,2,0,0,1,3,0.3582,156.33
10,0,FullDH,4,8,9123.0,4,0,0,0,4,0.3255,220.04
10,0,FullDH,6,8,11352.1,6,0,0,1,7,0.3953,71.56
10,0,FullDH,2,9,8454.4,2,0,0,0,2,0.9365,57.66
10,0,FullDH,4,9,9171.3,4,0,0,0,4,0.4852,78.85
10,0,FullDH,6,9,9680.1,6,0,0,0,6,0.5083,85.75
10,0,FullDH,2,10,8699.7,2,0,0,0,2,0.3644,134.57
10,0,FullDH,4,10,8285.5,4,0,1,1,4,0.4678,120.69
10,0,FullDH,6,10,10812.2,6,0,0,0,6,0.185,78.38
10,0,FullDH,2,11,7220.4,2,0,1,0,1,0.4667,121.26
10,0,FullDH,4,11,9219.1,4,0,0,0,4,0.4281,92.07
10,0,FullDH,6,11,9958.4,6,0,0,1,7,0.4748,73.91
10,0,FullDH,2,12,6652.2,2,0,0,0,2,0.3007,141.04
10,0,FullDH,4,12,8928.8,4,0,0,0,4,0.6237,131.0
10,0,FullDH,6,12,10773.0,8,2,0,0,6,0.5221,235.72
10,0,FullDH,2,13,8806.0,2,0,0,1,3,0.3499,139.67
10,0,FullDH,4,13,9307.7,4,0,0,0,4,0.4219,126.68
10,0,FullDH,6,13,11077.8,6,0,0,0,6,0.4061,120.41
10,0,FullDH,2,14,6499.7,2,0,0,0,2,0.6387,121.8
10,0,FullDH,4,14,9332.7,4,0,0,0,4,0.5523,193.92
10,0,FullDH,6,14,11116.1,6,0,0,0,6,0.3809,84.09
10,1,SemiTilt,2,0,8923.3,2,0,0,0,2,0.0389,162.67
10,1,SemiTilt,4,0,9941.2,5,1,0,1,5,0.5493,164.53
10,1,SemiTilt,6,0,11302.9,6,0,0,0,6,0.4883,111.89
10,1,SemiTilt,2,1,8780.3,2,0,0,1,3,0.4716,183.46
10,1,SemiTilt,4,1,9883.5,4,0,0,1,5,0.3645,144.47
10,1,SemiTilt,6,1,12206.0,6,0,0,1,7,0.5649,163.54
10,1,SemiTilt,2,2,8471.1,3,1,0,0,2,0.5701,136.48
10,1,SemiTilt,4,2,9175.1,4,0,0,1,5,0.4778,101.78
10,1,SemiTilt,6,2,11105.6,8,2,0,1,7,0.3297,86.2
10,1,SemiTilt,2,3,8229.2,2,0,0,0,2,0.4322,139.45
10,1,SemiTilt,4,3,10299.3,4,0,1,0,3,0.3599,175.89
10,1,SemiTilt,6,3,11484.1,7,1,0,1,7,0.4771,92.75
10,1,SemiTilt,2,4,9710.9,2,0,0,0,2,0.3202,174.59
10,1,SemiTilt,4,4,11089.9,4,0,0,0,4,0.528,89.38
10,1,SemiTilt,6,4,12508.1,6,0,0,1,7,0.393,58.65
10,1,SemiTilt,2,5,8694.3,2,0,0,1,3,0.5365,174.32
10,1,SemiTilt,4,5,9094.3,4,0,1,1,4,0.3677,136.04
10,1,SemiTilt,6,5,11368.6,7,1,0,0,6,0.6735,154.51
10,1,SemiTilt,2,6,8526.5,2,0,0,0,2,0.3542,234.9
10,1,SemiTilt,4,6,10314.9,6,2,0,1,5,0.2342,111.67
10,1,SemiTilt,6,6,12217.3,7,1,1,0,5,0.3329,143.38
10,1,SemiTilt,2,7,8661.1,2,0,0,0,2,0.2573,188.7
10,1,SemiTilt,4,7,10274.1,4,0,0,0,4,0.3325,181.91
10,1,SemiTilt,6,7,11762.8,6,0,0,0,6,0.5412,102.19
10,1,SemiTilt,2,8,8835.1,2,0,0,0,2,0.325,214.08
10,1,SemiTilt,4,8,10030.2,4,0,0,0,4,0.3198,117.79
10,1,SemiTilt,6,8,11390.0,6,0,0,0,6,0.3145,104.92
10,1,SemiTilt,2,9,8186.7,2,0,0,0,2,0.4512,200.04
10,1,SemiTilt,4,9,10789.0,4,0,1,0,3,0.3189,188.09
10,1,SemiTilt,6,9,12019.8,6,0,0,1,7,0.4923,131.85
10,1,SemiTilt,2,10,8194.7,2,0,0,0,2,0.419,138.45
10,1,SemiTilt,4,10,9896.4,4,0,1,0,3,0.3695,200.03
10,1,SemiTilt,6,10,11854.2,6,0,0,1,7,0.3441,98.63
10,1,SemiTilt,2,11,9123.0,2,0,1,0,1,0.5256,220.83
10,1,SemiTilt,4,11,9399.0,4,0,0,1,5,0.4621,26.72
10,1,SemiTilt,6,11,11591.2,6,0,1,0,5,0.147,108.13
10,1,SemiTilt,2,12,10037.7,2,0,0,0,2,0.323,109.06
10,1,SemiTilt,4,12,10949.0,4,0,0,1,5,0.441,143.09
10,1,SemiTilt,6,12,11361.5,6,0,0,0,6,0.2864,21.75
10,1,SemiTilt,2,13,9041.2,2,0,0,0,2,0.33,206.19
10,1,SemiTilt,4,13,10023.6,4,0,0,1,5,0.3037,172.0
10,1,SemiTilt,6,13,10754.8,7,1,0,0,6,0.367,174.61
10,1,SemiTilt,2,14,8373.1,2,0,0,0,2,0.4037,135.65
10,1,SemiTilt,4,14,11018.6,4,0,0,0,4,0.671,76.63
10,1,SemiTilt,6,14,10993.6,6,0,0,1,7,0.3815,86.74
10,2,SemiNDH,2,0,7809.6,2,0,0,0,2,0.3589,114.49
10,2,SemiNDH,4,0,9545.6,4,0,0,0,4,0.5369,240.0
10,2,SemiNDH,6,0,11103.1,6,0,0,0,6,0.7671,112.51
10,2,SemiNDH,2,1,8265.1,2,0,0,0,2,0.2779,135.5
10,2,SemiNDH,4,1,9468.6,5,1,1,0,3,0.2595,98.27
10,2,SemiNDH,6,1,10960.2,6,0,0,0,6,0.3281,189.06
10,2,SemiNDH,2,2,7870.4,2,0,0,0,2,0.4432,15.83
10,2,SemiNDH,4,2,8992.8,4,0,0,0,4,0.2767,131.63
10,2,SemiNDH,6,2,11298.1,8,2,0,2,8,0.5862,157.03
10,2,SemiNDH,2,3,7933.3,2,0,0,1,3,0.155,73.84
10,2,SemiNDH,4,3,9964.9,4,0,0,1,5,0.3582,204.43
10,2,SemiNDH,6,3,11222.0,7,1,1,0,5,0.0853,147.44
10,2,SemiNDH,2,4,7534.7,2,0,0,0,2,0.4195,125.79
10,2,SemiNDH,4,4,9197.3,4,0,0,0,4,0.2363,154.09
10,2,SemiNDH,6,4,10913.0,6,0,0,0,6,0.4243,128.87
10,2,SemiNDH,2,5,7891.0,2,0,0,0,2,0.3778,150.06
10,2,SemiNDH,4,5,9364.0,4,0,0,1,5,0.4728,150.62
10,2,SemiNDH,6,5,11046.9,6,0,0,1,7,0.4553,105.67
10,2,SemiNDH,2,6,7604.4,2,0,0,0,2,0.5556,202.03
10,2,SemiNDH,4,6,10100.3,4,0,0,0,4,0.8363,168.74
10,2,SemiNDH,6,6,10769.3,6,0,0,0,6,0.2045,199.41
10,2,SemiNDH,2,7,7948.6,2,0,0,0,2,0.5559,175.81
10,2,SemiNDH,4,7,9677.1,4,0,0,0,4,0.5599,149.24
10,2,SemiNDH,6,7,11239.4,6,0,0,0,6,0.5422,72.52
10,2,SemiNDH,2,8,7728.9,2,0,0,0,2,0.595,53.19
10,2,SemiNDH,4,8,9924.9,4,0,0,0,4,0.0654,202.54
10,2,SemiNDH,6,8,10884.1,6,0,0,1,7,0.6407,122.3
10,2,SemiNDH,2,9,8138.0,2,0,0,0,2,0.4649,136.07
10,2,SemiNDH,4,9,10080.3,4,0,0,1,5,0.5679,159.41
10,2,SemiNDH,6,9,11525.8,7,1,0,0,6,0.3999,103.97
10,2,SemiNDH,2,10,6928.0,2,0,0,0,2,0.2983,192.45
10,2,SemiNDH,4,10,10333.2,4,0,0,1,5,0.4563,93.78
10,2,SemiNDH,6,10,12237.5,6,0,0,0,6,0.2644,152.92
10,2,SemiNDH,2,11,7652.2,3,1,0,0,2,0.2574,56.07
10,2,SemiNDH,4,11,9582.8,4,0,0,1,5,0.2113,92.39
10,2,SemiNDH,6,11,11001.1,6,0,2,1,5,0.3518,265.73
10,2,SemiNDH,2,12,8487.6,2,0,0,0,2,0.3799,102.31
10,2,SemiNDH,4,12,9164.2,4,0,0,1,5,0.4272,129.76
10,2,SemiNDH,6,12,9533.6,7,1,1,0,5,0.1603,13.25
10,2,SemiNDH,2,13,7481.0,2,0,0,1,3,0.4873,158.88
10,2,SemiNDH,4,13,9677.6,4,0,0,0,4,0.3984,164.85
10,2,SemiNDH,6,13,10693.0,7,1,0,0,6,0.9798,216.62
10,2,SemiNDH,2,14,8204.3,2,0,0,0,2,0.2066,99.51
10,2,SemiNDH,4,14,9543.7,4,0,0,0,4,0.4687,177.98
10,2,SemiNDH,6,14,10709.5,6,0,2,1,5,0.3679,189.22
10,3,SemiSwipe,2,0,9826.3,2,0,0,0,2,0.4392,184.91
10,3,SemiSwipe,4,0,9631.4,4,0,0,1,5,0.4846,217.52
10,3,SemiSwipe,6,0,11107.3,6,0,1,0,5,0.328,124.88
10,3,SemiSwipe,2,1,8479.2,2,0,0,0,2,0.3552,175.94
10,3,SemiSwipe,4,1,9774.9,5,1,0,0,4,0.2241,84.31
10,3,SemiSwipe,6,1,10938.1,6,0,0,1,7,0.6897,178.62
10,3,SemiSwipe,2,2,8101.5,2,0,0,0,2,0.052,115.29
10,3,SemiSwipe,4,2,10605.9,4,0,0,1,5,0.2992,165.63
10,3,SemiSwipe,6,2,10699.3,6,0,0,0,6,0.2254,210.4
10,3,SemiSwipe,2,3,9101.8,2,0,0,0,2,0.4761,26.72
10,3,SemiSwipe,4,3,9432.6,4,0,0,0,4,0.0182,120.54
10,3,SemiSwipe,6,3,12004.2,7,1,0,0,6,0.5404,166.52
10,3,SemiSwipe,2,4,8759.4,2,0,0,1,3,0.498,49.62
10,3,SemiSwipe,4,4,9431.5,4,0,1,1,4,0.7223,95.21
10,3,SemiSwipe,6,4,10283.8,6,0,0,0,6,0.3006,243.45
10,3,SemiSwipe,2,5,8429.3,2,0,0,0,2,0.4915,52.25
10,3,SemiSwipe,4,5,10242.5,5,1,0,0,4,0.6252,133.18
10,3,SemiSwipe,6,5,11292.2,6,0,0,0,6,0.5619,165.0
10,3,SemiSwipe,2,6,8967.2,2,0,0,0,2,0.4805,104.03
10,3,SemiSwipe,4,6,10058.6,5,1,0,0,4,0.6581,171.77
10,3,SemiSwipe,6,6,10980.2,6,0,0,0,6,0.5312,144.25
10,3,SemiSwipe,2,7,8610.1,3,1,0,0,2,0.1075,254.75
10,3,SemiSwipe,4,7,9827.3,4,0,0,0,4,0.5412,165.86
10,3,SemiSwipe,6,7,12051.9,7,1,0,0,6,0.4682,116.43
10,3,SemiSwipe,2,8,8716.4,2,0,1,0,1,0.174,236.23
10,3,SemiSwipe,4,8,10013.3,5,1,0,1,5,0.5297,133.52
10,3,SemiSwipe,6,8,11553.2,7,1,0,0,6,0.5658,101.17
10,3,SemiSwipe,2,9,9046.8,2,0,0,0,2,0.4226,50.98
10,3,SemiSwipe,4,9,9443.8,4,0,0,1,5,0.3385,2.0
10,3,SemiSwipe,6,9,11105.6,6,0,0,0,6,0.4675,309.94
10,3,SemiSwipe,2,10,8920.8,2,0,0,0,2,0.5157,236.12
10,3,SemiSwipe,4,10,9867.7,4,0,1,1,4,0.1857,211.77
10,3,SemiSwipe,6,10,11565.7,6,0,1,0,5,0.3916,146.29
10,3,SemiSwipe,2,11,7796.6,2,0,0,0,2,0.4193,168.78
10,3,SemiSwipe,4,11,10237.9,4,0,0,0,4,0.6049,169.85
10,3,SemiSwipe,6,11,10652.1,6,0,0,1,7,0.0068,266.93
10,3,SemiSwipe,2,12,7855.7,2,0,0,0,2,0.2605,194.44
10,3,SemiSwipe,4,12,9829.3,5,1,1,0,3,0.4987,239.87
10,3,SemiSwipe,6,12,11369.4,6,0,0,1,7,0.3273,107.09
10,3,SemiSwipe,2,13,8954.5,2,0,0,0,2,0.1292,176.49
10,3,SemiSwipe,4,13,11133.1,5,1,0,0,4,0.2202,65.84
10,3,SemiSwipe,6,13,11763.2,6,0,1,1,6,0.1826,257.05
10,3,SemiSwipe,2,14,8834.1,2,0,0,1,3,0.1439,241.86
10,3,SemiSwipe,4,14,9951.1,4,0,0,0,4,0.4565,123.19
10,3,SemiSwipe,6,14,10918.0,7,1,0,0,6,0.5274,166.61
10,4,SemiDwell,2,0,8986.4,2,0,0,0,2,0.6592,200.32
10,4,SemiDwell,4,0,9585.5,4,0,0,0,4,0.3265,145.31
10,4,SemiDwell,6,0,10914.1,6,0,0,0,6,0.5252,118.54
10,4,SemiDwell,2,1,8503.1,2,0,0,0,2,0.5359,84.76
10,4,SemiDwell,4,1,9807.5,4,0,0,0,4,0.524,197.62
10,4,SemiDwell,6,1,10733.8,6,0,0,0,6,0.4637,144.18
10,4,SemiDwell,2,2,7661.9,2,0,0,0,2,0.3498,188.14
10,4,SemiDwell,4,2,10897.2,4,0,0,0,4,0.4445,145.84
10,4,SemiDwell,6,2,11297.9,7,1,0,0,6,0.1864,54.21
10,4,SemiDwell,2,3,8175.2,2,0,0,0,2,0.6438,54.08
10,4,SemiDwell,4,3,10413.9,4,0,0,0,4,0.5808,80.78
10,4,SemiDwell,6,3,11414.1,6,0,0,0,6,0.2143,215.59
10,4,SemiDwell,2,4,8107.0,2,0,0,0,2,0.3917,169.82
10,4,SemiDwell,4,4,9568.8,5,1,0,0,4,0.4738,171.95
10,4,SemiDwell,6,4,11345.7,6,0,0,1,7,0.4716,19.84
10,4,SemiDwell,2,5,7823.6,2,0,0,0,2,0.468,213.33
10,4,SemiDwell,4,5,9627.3,4,0,0,0,4,0.2263,152.56
10,4,SemiDwell,6,5,11211.8,7,1,0,0,6,0.5181,134.92
10,4,SemiDwell,2,6,8536.3,2,0,0,1,3,0.4351,167.47
10,4,SemiDwell,4,6,10163.6,4,0,0,1,5,0.465,162.55
10,4,SemiDwell,6,6,12190.6,6,0,0,0,6,0.2768,130.39
10,4,SemiDwell,2,7,8782.9,2,0,0,0,2,0.5022,88.57
10,4,SemiDwell,4,7,9956.9,4,0,0,0,4,0.4017,142.94
10,4,SemiDwell,6,7,12149.6,6,0,0,1,7,0.462,149.04
10,4,SemiDwell,2,8,9109.5,2,0,0,0,2,0.3544,213.33
10,4,SemiDwell,4,8,9515.7,5,1,0,0,4,0.3968,250.79
10,4,SemiDwell,6,8,11332.3,6,0,0,0,6,0.2994,168.23
10,4,SemiDwell,2,9,9011.4,2,0,0,1,3,0.2582,134.5
10,4,SemiDwell,4,9,9455.4,4,0,0,0,4,0.5851,195.88
10,4,SemiDwell,6,9,12444.4,7,1,0,0,6,0.4729,195.29
10,4,SemiDwell,2,10,8598.4,2,0,0,0,2,0.3768,124.11
10,4,SemiDwell,4,10,9888.0,4,0,0,1,5,0.1944,177.25
10,4,SemiDwell,6,10,11895.4,6,0,1,0,5,0.5205,187.62
10,4,SemiDwell,2,11,8997.9,3,1,0,0,2,0.2785,157.97
10,4,SemiDwell,4,11,9746.1,4,0,0,0,4,0.2047,119.98
10,4,SemiDwell,6,11,12059.4,6,0,0,0,6,0.2879,136.12
10,4,SemiDwell,2,12,7850.1,2,0,0,0,2,0.21,144.44
10,4,SemiDwell,4,12,9305.8,4,0,0,0,4,0.3113,219.89
10,4,SemiDwell,6,12,11082.1,6,0,0,1,7,0.3586,87.83
10,4,SemiDwell,2,13,7864.8,2,0,0,1,3,0.3732,136.25
10,4,SemiDwell,4,13,9455.4,5,1,0,0,4,0.6495,102.63
10,4,SemiDwell,6,13,9868.6,7,1,0,0,6,0.3778,158.84
10,4,SemiDwell,2,14,7730.5,3,1,0,0,2,0.5946,93.37
10,4,SemiDwell,4,14,9909.5,5,1,0,0,4,0.4041,141.36
10,4,SemiDwell,6,14,10553.4,6,0,1,0,5,0.3173,192.15
11,0,SemiNDH,2,0,8863.3,2,0,0,0,2,0.5604,167.15
11,0,SemiNDH,4,0,9546.7,4,0,0,0,4,0.3028,65.97
11,0,SemiNDH,6,0,10593.2,7,1,0,1,7,0.5329,92.49
11,0,SemiNDH,2,1,8165.8,2,0,0,0,2,0.5953,119.66
11,0,SemiNDH,4,1,10191.9,4,0,0,0,4,0.5199,126.93
11,0,SemiNDH,6,1,11046.7,6,0,0,0,6,0.4961,195.51
11,0,SemiNDH,2,2,7343.1,2,0,0,1,3,0.4138,109.97
11,0,SemiNDH,4,2,9572.9,4,0,0,0,4,0.4029,259.4
11,0,SemiNDH,6,2,11464.4,6,0,0,0,6,0.1312,161.3
11,0,SemiNDH,2,3,7999.8,2,0,0,0,2,0.346,63.35
11,0,SemiNDH,4,3,9594.8,4,0,0,0,4,0.5708,15.5
11,0,SemiNDH,6,3,10224.7,6,0,0,1,7,0.2743,263.06
11,0,SemiNDH,2,4,7955.9,2,0,0,0,2,0.3024,96.03
11,0,SemiNDH,4,4,8974.5,4,0,0,0,4,0.5257,102.86
11,0,SemiNDH,6,4,10266.9,6,0,0,0,6,0.2989,172.76
11,0,SemiNDH,2,5,8007.3,3,1,0,0,2,0.2806,91.02
11,0,SemiNDH,4,5,7970.0,4,0,0,1,5,0.2843,11.58
11,0,SemiNDH,6,5,12000.1,6,0,1,1,6,0.0952,63.08
11,0,SemiNDH,2,6,9125.3,2,0,0,1,3,0.0961,105.11
11,0,SemiNDH,4,6,8955.5,4,0,0,0,4,0.6241,132.83
11,0,SemiNDH,6,6,10209.0,6,0,1,0,5,0.1081,152.69
11,0,SemiNDH,2,7,8363.0,2,0,1,1,2,0.3598,235.97
11,0,SemiNDH,4,7,9555.0,4,0,0,1,5,0.5924,138.21
11,0,SemiNDH,6,7,10097.0,7,1,0,0,6,0.2909,188.99
11,0,SemiNDH,2,8,8663.2,2,0,0,0,2,0.2644,147.51
11,0,SemiNDH,4,8,9401.9,4,0,0,0,4,0.3048,129.2
11,0,SemiNDH,6,8,11041.8,6,0,1,0,5,0.4455,99.49
11,0,SemiNDH,2,9,7148.8,2,0,0,0,2,0.3695,132.76
11,0,SemiNDH,4,9,8609.1,4,0,0,0,4,0.636,126.18
11,0,SemiNDH,6,9,10706.1,6,0,0,0,6,0.0649,230.0
11,0,SemiNDH,2,10,7230.1,2,0,0,0,2,0.4093,147.09
11,0,SemiNDH,4,10,9042.1,4,0,0,0,4,0.4712,190.2
11,0,SemiNDH,6,10,11895.9,6,0,0,0,6,0.3614,63.08
11,0,SemiNDH,2,11,7941.3,2,0,0,0,2,0.2855,126.37
11,0,SemiNDH,4,11,8512.1,4,0,0,0,4,0.4573,160.96
11,0,SemiNDH,6,11,11189.8,6,0,1,0,5,0.4135,183.64
11,0,SemiNDH,2,12,8799.7,2,0,0,0,2,0.3071,10.55
11,0,SemiNDH,4,12,9388.9,4,0,0,1,5,0.0291,159.34
11,0,SemiNDH,6,12,10176.0,6,0,0,0,6,0.4202,153.92
11,0,SemiNDH,2,13,8426.0,2,0,0,0,2,0.3892,181.67
11,0,SemiNDH,4,13,9946.6,5,1,0,0,4,0.4537,166.24
11,0,SemiNDH,6,13,10202.3,6,0,0,0,6,0.4379,134.5
11,0,SemiNDH,2,14,8496.8,3,1,0,0,2,0.5203,229.79
11,0,SemiNDH,4,14,9122.8,4,0,0,0,4,0.3905,198.25
11,0,SemiNDH,6,14,11268.5,6,0,0,0,6,0.2804,179.87
11,1,FullDH,2,0,7539.7,2,0,0,0,2,0.383,130.5
11,1,FullDH,4,0,9919.2,4,0,0,0,4,0.4139,164.08
11,1,FullDH,6,0,11012.3,6,0,0,1,7,0.0228,240.11
11,1,FullDH,2,1,7122.6,2,0,0,0,2,0.2728,205.5
11,1,FullDH,4,1,8726.2,4,0,0,0,4,0.3649,56.02
11,1,FullDH,6,1,8860.1,6,0,0,0,6,0.6121,157.87
11,1,FullDH,2,2,7666.0,2,0,0,0,2,0.424,171.58
11,1,FullDH,4,2,9358.3,4,0,0,0,4,0.4782,70.07
11,1,FullDH,6,2,9454.1,6,0,0,0,6,0.3852,154.9
11,1,FullDH,2,3,7597.6,2,0,0,0,2,0.4043,195.12
11,1,FullDH,4,3,9015.0,5,1,0,1,5,0.3554,17.26
11,1,FullDH,6,3,10385.3,6,0,0,0,6,0.2885,257.3
11,1,FullDH,2,4,7190.8,2,0,0,0,2,0.2545,137.15
11,1,FullDH,4,4,8890.3,4,0,0,0,4,0.3432,82.25
11,1,FullDH,6,4,11019.5,6,0,0,0,6,0.3549,208.22
11,1,FullDH,2,5,8102.6,2,0,0,0,2,0.4009,95.66
11,1,FullDH,4,5,9608.2,4,0,0,0,4,0.3206,108.5
11,1,FullDH,6,5,9572.3,6,0,0,0,6,0.3448,109.59
11,1,FullDH,2,6,7068.2,3,1,0,0,2,0.2433,77.27
11,1,FullDH,4,6,8461.3,4,0,0,0,4,0.4576,138.23
11,1,FullDH,6,6,10645.3,6,0,0,0,6,0.4262,171.41
11,1,FullDH,2,7,7518.7,2,0,0,0,2,0.4807,241.1
11,1,FullDH,4,7,9672.1,4,0,0,0,4,0.3249,149.73
11,1,FullDH,6,7,11762.4,6,0,0,0,6,0.4107,154.95
11,1,FullDH,2,8,8098.9,2,0,0,0,2,0.6038,215.18
11,1,FullDH,4,8,8688.5,4,0,0,0,4,0.4633,68.38
11,1,FullDH,6,8,10275.0,6,0,0,1,7,0.6436,146.67
11,1,FullDH,2,9,8525.0,2,0,0,0,2,0.373,114.86
11,1,FullDH,4,9,9355.9,4,0,0,0,4,0.3486,180.1
11,1,FullDH,6,9,10798.8,6,0,1,1,6,0.3948,182.01
11,1,FullDH,2,10,8335.9,2,0,1,1,2,0.2937,266.51
11,1,FullDH,4,10,9568.9,4,0,0,1,5,0.7565,135.46
11,1,FullDH,6,10,10629.7,6,0,0,0,6,0.3044,161.13
11,1,FullDH,2,11,8330.1,2,0,0,0,2,0.5482,116.62
11,1,FullDH,4,11,9146.3,4,0,0,1,5,0.4612,216.9
11,1,FullDH,6,11,10231.7,6,0,0,0,6,0.44,234.47
11,1,FullDH,2,12,7798.9,2,0,0,0,2,0.3051,149.89
11,1,FullDH,4,12,9087.3,4,0,0,1,5,0.2959,169.97
11,1,FullDH,6,12,10873.0,7,1,0,0,6,0.3555,195.82
11,1,FullDH,2,13,7750.3,3,1,0,0,2,0.5622,18.67
11,1,FullDH,4,13,9155.5,4,0,0,0,4,0.3129,153.62
11,1,FullDH,6,13,10739.4,6,0,0,1,7,0.2724,147.83
11,1,FullDH,2,14,6825.3,2,0,0,0,2,0.3803,94.44
11,1,FullDH,4,14,9732.2,4,0,0,0,4,0.4664,77.83
11,1,FullDH,6,14,9738.5,6,0,0,0,6,0.4411,95.29
11,2,SemiDwell,2,0,8027.2,2,0,0,0,2,0.5143,123.36
11,2,SemiDwell,4,0,10065.3,4,0,1,0,3,0.3733,91.13
11,2,SemiDwell,6,0,11109.7,6,0,0,0,6,0.5306,250.44
11,2,SemiDwell,2,1,8824.7,2,0,1,1,2,0.3546,120.76
11,2,SemiDwell,4,1,9484.7,4,0,0,1,5,0.4495,207.55
11,2,SemiDwell,6,1,10020.7,6,0,0,0,6,0.5026,73.3
11,2,SemiDwell,2,2,6970.8,2,0,0,0,2,0.3816,257.32
11,2,SemiDwell,4,2,10174.8,5,1,0,0,4,0.2477,0.73
11,2,SemiDwell,6,2,11117.8,6,0,0,0,6,0.3223,137.91
11,2,SemiDwell,2,3,9099.0,2,0,0,0,2,0.4321,150.45
11,2,SemiDwell,4,3,9977.8,4,0,0,0,4,0.2818,230.56
11,2,SemiDwell,6,3,11199.9,7,1,1,1,6,0.2623,163.9
11,2,SemiDwell,2,4,9012.3,2,0,0,0,2,0.2388,91.32
11,2,SemiDwell,4,4,9597.0,4,0,0,0,4,0.5069,144.91
11,2,SemiDwell,6,4,11610.6,6,0,1,0,5,0.2516,114.42
11,2,SemiDwell,2,5,8961.9,3,1,0,1,3,0.3614,113.84
11,2,SemiDwell,4,5,9600.8,5,1,1,0,3,0.3755,230.21
11,2,SemiDwell,6,5,10875.0,6,0,0,0,6,0.4914,100.19
11,2,SemiDwell,2,6,8777.6,2,0,0,0,2,0.5369,142.31
11,2,SemiDwell,4,6,8964.5,4,0,0,1,5,0.3495,161.7
11,2,SemiDwell,6,6,11359.2,6,0,2,1,5,0.5444,182.49
11,2,SemiDwell,2,7,7836.0,2,0,0,0,2,0.3954,202.24
11,2,SemiDwell,4,7,9422.7,4,0,0,0,4,0.6666,146.87
11,2,SemiDwell,6,7,11598.6,6,0,0,1,7,0.6487,129.63
11,2,SemiDwell,2,8,8901.6,2,0,0,0,2,0.5299,215.69
11,2,SemiDwell,4,8,9450.1,4,0,0,0,4,0.4019,172.99
11,2,SemiDwell,6,8,11434.6,6,0,0,1,7,0.4673,265.39
11,2,SemiDwell,2,9,8160.3,2,0,0,1,3,0.4584,73.93
11,2,SemiDwell,4,9,9533.8,4,0,1,1,4,0.1293,175.71
11,2,SemiDwell,6,9,10956.3,6,0,0,0,6,0.327,53.26
11,2,SemiDwell,2,10,8622.2,2,0,0,0,2,0.4119,127.6
11,2,SemiDwell,4,10,10155.3,4,0,0,1,5,0.5202,217.43
11,2,SemiDwell,6,10,10558.8,6,0,0,0,6,0.344,221.86
11,2,SemiDwell,2,11,8132.8,2,0,0,1,3,0.4147,159.3
11,2,SemiDwell,4,11,9496.5,4,0,0,0,4,0.2676,153.33
11,2,SemiDwell,6,11,11043.1,6,0,0,0,6,0.4075,73.2
11,2,SemiDwell,2,12,7658.9,3,1,0,1,3,0.3098,162.74
11,2,SemiDwell,4,12,9076.5,4,0,0,0,4,0.5059,179.19
11,2,SemiDwell,6,12,10928.0,6,0,0,0,6,0.803,253.47
11,2,SemiDwell,2,13,9004.4,2,0,0,0,2,0.3111,101.62
11,2,SemiDwell,4,13,9148.1,4,0,0,0,4,0.3904,14.21
11,2,SemiDwell,6,13,11606.8,6,0,0,0,6,0.2794,253.66
11,2,SemiDwell,2,14,8068.4,2,0,0,1,3,0.4157,51.09
11,2,SemiDwell,4,14,9001.6,5,1,0,0,4,0.421,40.79
11,2,SemiDwell,6,14,10965.5,6,0,0,0,6,0.1969,119.96
11,3,SemiTilt,2,0,8872.9,2,0,0,0,2,0.2766,138.59
11,3,SemiTilt,4,0,9387.1,4,0,0,0,4,0.4323,196.72
11,3,SemiTilt,6,0,12583.1,6,0,0,1,7,0.1403,122.27
11,3,SemiTilt,2,1,8630.4,2,0,0,0,2,0.4189,5.62
11,3,SemiTilt,4,1,9551.8,4,0,0,0,4,0.5929,213.61
11,3,SemiTilt,6,1,11224.3,6,0,0,1,7,0.6146,238.99
11,3,SemiTilt,2,2,8438.9,2,0,0,0,2,0.2576,152.11
11,3,SemiTilt,4,2,8852.8,4,0,0,0,4,0.623,60.71
11,3,SemiTilt,6,2,11052.1,6,0,0,0,6,0.6337,163.21
11,3,SemiTilt,2,3,9326.4,2,0,0,0,2,0.3922,201.31
11,3,SemiTilt,4,3,10056.4,4,0,0,0,4,0.5295,164.31
11,3,SemiTilt,6,3,12440.1,6,0,0,0,6,0.5285,188.31
11,3,SemiTilt,2,4,8869.9,2,0,1,1,2,0.1924,125.8
11,3,SemiTilt,4,4,10062.0,4,0,0,1,5,0.6326,99.95
11,3,SemiTilt,6,4,11013.4,7,1,0,1,7,0.2276,208.73
11,3,SemiTilt,2,5,7833.1,2,0,1,1,2,0.3311,221.82
11,3,SemiTilt,4,5,9175.7,5,1,0,0,4,0.3384,219.56
11,3,SemiTilt,6,5,12018.3,6,0,0,1,7,0.6804,147.73
11,3,SemiTilt,2,6,7081.2,2,0,0,0,2,0.3891,242.22
11,3,SemiTilt,4,6,9465.9,4,0,0,0,4,0.2553,256.39
11,3,SemiTilt,6,6,12072.2,6,0,0,0,6,0.5314,115.83
11,3,SemiTilt,2,7,7919.5,2,0,0,0,2,0.4123,283.09
11,3,SemiTilt,4,7,9900.0,5,1,0,0,4,0.5289,168.46
11,3,SemiTilt,6,7,11660.0,6,0,0,0,6,0.0459,197.68
11,3,SemiTilt,2,8,9679.5,2,0,0,1,3,0.2665,120.49
11,3,SemiTilt,4,8,9948.6,4,0,0,0,4,0.4693,229.11
11,3,SemiTilt,6,8,11405.7,6,0,0,0,6,0.383,260.21
11,3,SemiTilt,2,9,8572.7,2,0,1,0,1,0.4648,159.67
11,3,SemiTilt,4,9,10625.3,4,0,0,0,4,0.4916,109.06
11,3,SemiTilt,6,9,11937.5,7,1,0,1,7,0.5656,155.63
11,3,SemiTilt,2,10,8873.2,2,0,0,0,2,0.3825,157.11
11,3,SemiTilt,4,10,10047.8,4,0,0,0,4,0.2781,121.59
11,3,SemiTilt,6,10,12273.9,6,0,0,0,6,0.5895,174.65
11,3,SemiTilt,2,11,9744.1,2,0,0,1,3,0.5538,170.59
11,3,SemiTilt,4,11,10055.6,4,0,0,0,4,0.3283,133.04
11,3,SemiTilt,6,11,11646.2,6,0,0,0,6,0.6645,138.28
11,3,SemiTilt,2,12,8139.2,2,0,0,1,3,0.1911,228.39
11,3,SemiTilt,4,12,8311.7,4,0,1,0,3,0.7042,171.19
11,3,SemiTilt,6,12,10886.8,7,1,2,0,4,0.2532,102.25
11,3,SemiTilt,2,13,7504.8,2,0,0,0,2,0.286,155.32
11,3,SemiTilt,4,13,10295.5,4,0,0,0,4,0.4435,156.43
11,3,SemiTilt,6,13,11709.1,6,0,0,0,6,0.2217,6.68
11,3,SemiTilt,2,14,8978.4,2,0,0,1,3,0.0303,126.54
11,3,SemiTilt,4,14,9275.9,4,0,0,0,4,0.3048,110.67
11,3,SemiTilt,6,14,10107.4,6,0,1,1,6,0.4641,143.5
11,4,SemiSwipe,2,0,8256.1,2,0,0,0,2,0.3746,230.28
11,4,SemiSwipe,4,0,9630.0,4,0,0,0,4,0.2963,245.67
11,4,SemiSwipe,6,0,11676.4,7,1,0,1,7,0.5631,98.16
11,4,SemiSwipe,2,1,7976.8,2,0,0,0,2,0.3208,155.52
11,4,SemiSwipe,4,1,9629.4,4,0,0,0,4,0.2935,105.2
11,4,SemiSwipe,6,1,11788.3,6,0,0,0,6,0.6349,21.17
11,4,SemiSwipe,2,2,8284.0,2,0,0,1,3,0.3219,51.24
11,4,SemiSwipe,4,2,11168.9,4,0,0,0,4,0.5165,276.07
11,4,SemiSwipe,6,2,12935.7,6,0,0,0,6,0.0516,205.32
11,4,SemiSwipe,2,3,8010.8,2,0,0,0,2,0.2654,131.35
11,4,SemiSwipe,4,3,10647.1,4,0,0,0,4,0.0107,143.7
11,4,SemiSwipe,6,3,12853.8,6,0,0,1,7,0.184,60.34
11,4,SemiSwipe,2,4,7690.1,2,0,0,0,2,0.2571,101.18
11,4,SemiSwipe,4,4,10852.2,4,0,0,1,5,0.1808,22.91
11,4,SemiSwipe,6,4,11287.0,7,1,0,0,6,0.2626,73.45
11,4,SemiSwipe,2,5,8414.1,2,0,0,0,2,0.4514,143.48
11,4,SemiSwipe,4,5,11030.9,4,0,0,1,5,0.4104,150.85
11,4,SemiSwipe,6,5,11549.8,6,0,0,0,6,0.4385,160.8
11,4,SemiSwipe,2,6,7736.6,2,0,0,0,2,0.4067,174.34
11,4,SemiSwipe,4,6,9635.4,4,0,0,0,4,0.1484,186.79
11,4,SemiSwipe,6,6,12061.5,6,0,0,0,6,0.5935,54.46
11,4,SemiSwipe,2,7,9072.3,2,0,0,0,2,0.2601,179.46
11,4,SemiSwipe,4,7,9743.8,4,0,1,1,4,0.567,149.28
11,4,SemiSwipe,6,7,11264.9,6,0,0,0,6,0.3613,100.52
11,4,SemiSwipe,2,8,8017.0,2,0,0,0,2,0.532,166.75
11,4,SemiSwipe,4,8,10213.2,4,0,0,1,5,0.4677,33.53
11,4,SemiSwipe,6,8,11316.2,6,0,0,0,6,0.4879,162.52
11,4,SemiSwipe,2,9,7730.0,4,2,0,0,2,0.565,101.27
11,4,SemiSwipe,4,9,8822.8,4,0,0,1,5,0.4094,224.06
11,4,SemiSwipe,6,9,11265.3,6,0,0,0,6,0.3724,87.84
11,4,SemiSwipe,2,10,8123.0,2,0,0,1,3,0.5371,9.36
11,4,SemiSwipe,4,10,10792.2,4,0,0,1,5,0.5655,123.77
11,4,SemiSwipe,6,10,11517.8,7,1,0,0,6,0.3964,150.28
11,4,SemiSwipe,2,11,7837.6,2,0,1,0,1,0.3472,195.1
11,4,SemiSwipe,4,11,9688.9,5,1,0,0,4,0.6462,75.16
11,4,SemiSwipe,6,11,11059.9,6,0,0,0,6,0.6549,144.86
11,4,SemiSwipe,2,12,8049.8,2,0,0,0,2,0.1531,257.88
11,4,SemiSwipe,4,12,9998.9,4,0,0,0,4,0.4795,197.37
11,4,SemiSwipe,6,12,11477.2,7,1,0,0,6,0.1488,168.52
11,4,SemiSwipe,2,13,7959.9,2,0,0,1,3,0.4954,158.12
11,4,SemiSwipe,4,13,9225.0,4,0,1,1,4,0.3263,159.62
11,4,SemiSwipe,6,13,12126.4,7,1,0,0,6,0.3214,98.15
11,4,SemiSwipe,2,14,8213.8,2,0,0,1,3,0.4634,238.59
11,4,SemiSwipe,4,14,9478.4,4,0,0,1,5,0.1394,113.55
11,4,SemiSwipe,6,14,12330.0,7,1,0,0,6,0.1735,167.37
12,0,SemiDwell,2,0,6223.9,2,0,0,0,2,0.6121,155.73
12,0,SemiDwell,4,0,7666.9,4,0,0,1,5,0.4408,224.58
12,0,SemiDwell,6,0,10475.3,6,0,0,0,6,0.2853,127.84
12,0,SemiDwell,2,1,6637.4,2,0,0,0,2,0.5562,168.65
12,0,SemiDwell,4,1,7795.5,4,0,0,1,5,0.6217,107.02
12,0,SemiDwell,6,1,9711.6,6,0,0,0,6,0.0262,97.17
12,0,SemiDwell,2,2,7696.0,2,0,0,0,2,0.1825,40.63
12,0,SemiDwell,4,2,9118.9,4,0,0,0,4,0.081,47.23
12,0,SemiDwell,6,2,9706.0,6,0,0,0,6,0.3368,198.31
12,0,SemiDwell,2,3,6633.5,2,0,0,0,2,0.4319,152.25
12,0,SemiDwell,4,3,8489.7,4,0,0,0,4,0.2653,119.9
12,0,SemiDwell,6,3,10068.0,6,0,0,0,6,0.326,62.33
12,0,SemiDwell,2,4,7412.8,2,0,0,0,2,0.4477,178.23
12,0,SemiDwell,4,4,9592.9,4,0,0,0,4,0.1889,123.37
12,0,SemiDwell,6,4,10726.1,6,0,0,0,6,0.7243,309.35
12,0,SemiDwell,2,5,6398.2,2,0,0,1,3,0.5246,200.41
12,0,SemiDwell,4,5,8178.6,4,0,0,0,4,0.608,295.13
12,0,SemiDwell,6,5,9710.5,6,0,0,0,6,0.4558,82.85
12,0,SemiDwell,2,6,8095.8,2,0,0,0,2,0.3966,169.89
12,0,SemiDwell,4,6,8764.3,4,0,1,0,3,0.6159,212.78
12,0,SemiDwell,6,6,9663.3,6,0,0,0,6,0.2593,74.2
12,0,SemiDwell,2,7,7249.0,2,0,0,0,2,0.2747,78.99
12,0,SemiDwell,4,7,8130.9,4,0,0,1,5,0.4805,174.15
12,0,SemiDwell,6,7,9324.0,6,0,0,0,6,0.7181,317.94
12,0,SemiDwell,2,8,7412.1,2,0,0,1,3,0.3366,47.58
12,0,SemiDwell,4,8,8168.4,4,0,0,1,5,0.3442,145.73
12,0,SemiDwell,6,8,9116.6,6,0,0,0,6,0.4571,227.96
12,0,SemiDwell,2,9,6549.7,2,0,0,0,2,0.2382,98.92
12,0,SemiDwell,4,9,7349.9,4,0,0,0,4,0.3346,198.67
12,0,SemiDwell,6,9,10184.6,7,1,1,1,6,0.4177,112.03
12,0,SemiDwell,2,10,6974.4,2,0,0,1,3,0.4625,227.73
12,0,SemiDwell,4,10,7599.8,4,0,0,0,4,0.3381,183.48
12,0,SemiDwell,6,10,9342.3,6,0,0,0,6,0.2974,139.97
12,0,SemiDwell,2,11,5784.2,4,2,0,0,2,0.131,51.06
12,0,SemiDwell,4,11,8189.1,4,0,0,0,4,0.2273,173.01
12,0,SemiDwell,6,11,10403.1,7,1,0,0,6,0.5013,171.01
12,0,SemiDwell,2,12,7063.5,2,0,0,0,2,0.2965,133.56
12,0,SemiDwell,4,12,8933.3,5,1,0,0,4,0.3457,210.6
12,0,SemiDwell,6,12,10152.2,6,0,0,0,6,0.5822,192.44
12,0,SemiDwell,2,13,7034.9,2,0,0,0,2,0.4143,150.96
12,0,SemiDwell,4,13,9005.6,4,0,0,0,4,0.247,77.99
12,0,SemiDwell,6,13,10469.6,7,1,0,0,6,0.4127,108.74
12,0,SemiDwell,2,14,7377.4,2,0,1,1,2,0.4429,105.73
12,0,SemiDwell,4,14,8342.4,4,0,0,1,5,0.5558,192.34
12,0,SemiDwell,6,14,8723.8,6,0,0,1,7,0.5708,61.47
12,1,SemiNDH,2,0,7096.0,2,0,0,0,2,0.4052,36.48
12,1,SemiNDH,4,0,8777.7,4,0,0,0,4,0.4457,152.02
12,1,SemiNDH,6,0,9267.6,6,0,0,0,6,0.5458,189.88
12,1,SemiNDH,2,1,6739.5,2,0,0,0,2,0.2929,156.63
12,1,SemiNDH,4,1,8698.3,5,1,0,0,4,0.2653,136.49
12,1,SemiNDH,6,1,9367.8,6,0,0,1,7,0.4525,186.71
12,1,SemiNDH,2,2,6911.1,2,0,0,1,3,0.1428,231.78
12,1,SemiNDH,4,2,7276.5,4,0,0,0,4,0.6312,293.15
12,1,SemiNDH,6,2,9407.3,7,1,0,0,6,0.5027,238.96
12,1,SemiNDH,2,3,6493.2,2,0,0,1,3,0.3841,202.1
12,1,SemiNDH,4,3,7981.9,5,1,1,0,3,0.3044,140.08
12,1,SemiNDH,6,3,10318.5,7,1,0,0,6,0.4517,103.25
12,1,SemiNDH,2,4,6698.7,2,0,0,0,2,0.5879,220.79
12,1,SemiNDH,4,4,8459.4,4,0,0,0,4,0.2256,146.76
12,1,SemiNDH,6,4,9001.5,6,0,0,0,6,0.4503,214.86
12,1,SemiNDH,2,5,6458.2,2,0,0,0,2,0.5503,260.46
12,1,SemiNDH,4,5,7603.5,5,1,0,0,4,0.2376,157.38
12,1,SemiNDH,6,5,9318.0,6,0,0,0,6,0.5136,6.49
12,1,SemiNDH,2,6,5563.4,2,0,0,0,2,0.7169,305.05
12,1,SemiNDH,4,6,7888.8,5,1,0,1,5,0.2945,92.39
12,1,SemiNDH,6,6,10046.6,6,0,0,0,6,0.1832,137.38
12,1,SemiNDH,2,7,6991.0,2,0,0,1,3,0.1755,194.9
12,1,SemiNDH,4,7,9135.9,4,0,0,0,4,0.6158,165.69
12,1,SemiNDH,6,7,9885.8,6,0,0,0,6,0.0489,84.94
12,1,SemiNDH,2,8,6795.7,2,0,0,0,2,0.0673,101.74
12,1,SemiNDH,4,8,7956.5,4,0,0,1,5,0.2651,207.4
12,1,SemiNDH,6,8,8789.7,6,0,0,1,7,0.1795,102.0
12,1,SemiNDH,2,9,6276.8,3,1,1,1,2,0.4422,92.55
12,1,SemiNDH,4,9,7966.2,5,1,0,0,4,0.4695,186.46
12,1,SemiNDH,6,9,9538.2,6,0,0,0,6,0.2734,162.23
12,1,SemiNDH,2,10,7261.4,2,0,0,1,3,0.2893,127.75
12,1,SemiNDH,4,10,7423.3,4,0,0,0,4,0.2991,138.57
12,1,SemiNDH,6,10,7788.8,7,1,0,0,6,0.5909,100.52
12,1,SemiNDH,2,11,7105.5,2,0,0,1,3,0.7156,195.22
12,1,SemiNDH,4,11,7623.3,4,0,0,0,4,0.4693,132.39
12,1,SemiNDH,6,11,9433.2,6,0,0,0,6,0.5171,108.75
12,1,SemiNDH,2,12,6868.9,2,0,0,0,2,0.2994,26.3
12,1,SemiNDH,4,12,8172.7,4,0,0,0,4,0.573,137.63
12,1,SemiNDH,6,12,9703.6,6,0,0,1,7,0.5319,182.35
12,1,SemiNDH,2,13,6872.3,2,0,0,0,2,0.2546,190.23
12,1,SemiNDH,4,13,7590.6,5,1,1,0,3,0.3501,241.8
12,1,SemiNDH,6,13,9235.2,6,0,0,0,6,0.3332,207.86
12,1,SemiNDH,2,14,6611.7,2,0,0,0,2,0.4035,156.2
12,1,SemiNDH,4,14,8508.6,5,1,0,0,4,0.4786,119.51
12,1,SemiNDH,6,14,9478.4,6,0,0,0,6,0.3425,9.39
12,2,SemiSwipe,2,0,6881.0,2,0,0,0,2,0.4818,361.77
12,2,SemiSwipe,4,0,8203.5,4,0,0,0,4,0.4264,153.97
12,2,SemiSwipe,6,0,10009.6,6,0,1,0,5,0.1205,136.7
12,2,SemiSwipe,2,1,7486.1,2,0,0,0,2,0.4165,106.56
12,2,SemiSwipe,4,1,8248.5,4,0,0,0,4,0.3792,195.25
12,2,SemiSwipe,6,1,9480.3,6,0,0,0,6,0.3338,125.41
12,2,SemiSwipe,2,2,8014.5,2,0,0,0,2,0.2136,136.33
12,2,SemiSwipe,4,2,9226.9,4,0,0,1,5,0.243,69.12
12,2,SemiSwipe,6,2,9977.6,7,1,0,1,7,0.1746,130.98
12,2,SemiSwipe,2,3,7792.0,2,0,0,1,3,0.4876,228.29
12,2,SemiSwipe,4,3,7929.5,4,0,0,0,4,0.3399,62.11
12,2,SemiSwipe,6,3,10333.0,6,0,1,1,6,0.3474,128.68
12,2,SemiSwipe,2,4,7046.5,3,1,0,0,2,0.302,99.05
12,2,SemiSwipe,4,4,8606.3,4,0,1,0,3,0.5986,226.06
12,2,SemiSwipe,6,4,9624.0,6,0,0,0,6,0.6457,166.19
12,2,SemiSwipe,2,5,7495.7,2,0,0,1,3,0.1558,214.23
12,2,SemiSwipe,4,5,9083.3,4,0,0,0,4,0.2949,149.04
12,2,SemiSwipe,6,5,10312.1,6,0,1,0,5,0.4465,230.37
12,2,SemiSwipe,2,6,6742.3,2,0,0,0,2,0.3705,110.53
12,2,SemiSwipe,4,6,7842.9,4,0,0,1,5,0.4248,182.22
12,2,SemiSwipe,6,6,11722.6,6,0,0,1,7,0.262,146.07
12,2,SemiSwipe,2,7,6973.7,2,0,0,0,2,0.2385,184.23
12,2,SemiSwipe,4,7,8614.0,4,0,0,1,5,0.3069,157.3
12,2,SemiSwipe,6,7,10068.0,6,0,1,0,5,0.2007,144.87
12,2,SemiSwipe,2,8,6125.7,2,0,0,0,2,0.269,41.63
12,2,SemiSwipe,4,8,9260.5,5,1,0,0,4,0.3209,18.25
12,2,SemiSwipe,6,8,9694.9,6,0,0,0,6,0.5136,120.1
12,2,SemiSwipe,2,9,6425.3,3,1,0,0,2,0.5855,34.54
12,2,SemiSwipe,4,9,8512.6,4,0,0,1,5,0.3796,112.77
12,2,SemiSwipe,6,9,10825.0,6,0,2,0,4,0.5132,119.43
12,2,SemiSwipe,2,10,7575.2,3,1,0,0,2,0.4632,58.59
12,2,SemiSwipe,4,10,8902.0,4,0,1,0,3,0.2716,174.89
12,2,SemiSwipe,6,10,10738.1,6,0,0,0,6,0.0918,165.12
12,2,SemiSwipe,2,11,7304.5,2,0,0,1,3,0.2927,97.41
12,2,SemiSwipe,4,11,9744.3,5,1,0,1,5,0.4971,206.03
12,2,SemiSwipe,6,11,9534.4,6,0,0,0,6,0.4397,76.76
12,2,SemiSwipe,2,12,7149.8,3,1,0,0,2,0.6159,98.58
12,2,SemiSwipe,4,12,8807.1,4,0,0,0,4,0.4536,15.1
12,2,SemiSwipe,6,12,10713.5,7,1,0,0,6,0.4062,164.29
12,2,SemiSwipe,2,13,7025.7,2,0,0,0,2,0.9033,87.35
12,2,SemiSwipe,4,13,7950.6,4,0,0,0,4,0.2097,202.4
12,2,SemiSwipe,6,13,9172.7,6,0,0,0,6,0.493,109.09
12,2,SemiSwipe,2,14,7821.5,2,0,0,0,2,0.4974,157.71
12,2,SemiSwipe,4,14,9483.3,4,0,0,0,4,0.3768,105.03
12,2,SemiSwipe,6,14,9535.7,7,1,0,1,7,0.2636,179.98
12,3,FullDH,2,0,6969.4,2,0,0,1,3,0.411,102.07
12,3,FullDH,4,0,7514.7,4,0,0,0,4,0.5716,197.35
12,3,FullDH,6,0,9825.9,6,0,1,1,6,0.5576,105.78
12,3,FullDH,2,1,5249.6,2,0,0,0,2,0.3778,124.01
12,3,FullDH,4,1,7638.5,4,0,0,1,5,0.0289,193.17
12,3,FullDH,6,1,10254.5,6,0,0,1,7,0.4044,228.0
12,3,FullDH,2,2,6066.9,2,0,1,0,1,0.5025,183.22
12,3,FullDH,4,2,7509.7,4,0,0,1,5,0.4237,134.94
12,3,FullDH,6,2,8969.1,6,0,0,1,7,0.5682,106.64
12,3,FullDH,2,3,7463.8,2,0,0,0,2,0.2307,177.03
12,3,FullDH,4,3,7998.7,4,0,0,0,4,0.5391,201.88
12,3,FullDH,6,3,9168.5,7,1,0,0,6,0.5695,137.03
12,3,FullDH,2,4,6020.6,2,0,0,1,3,0.2114,160.36
12,3,FullDH,4,4,7351.9,4,0,0,1,5,0.4537,284.08
12,3,FullDH,6,4,8517.2,7,1,0,0,6,0.3067,142.52
12,3,FullDH,2,5,6912.4,2,0,0,0,2,0.2121,112.81
12,3,FullDH,4,5,7935.9,4,0,0,0,4,0.2982,149.79
12,3,FullDH,6,5,9425.8,7,1,1,0,5,0.5538,85.01
12,3,FullDH,2,6,6610.6,2,0,0,0,2,0.506,144.92
12,3,FullDH,4,6,8605.4,4,0,0,0,4,0.2412,176.18
12,3,FullDH,6,6,8939.9,6,0,1,0,5,0.3585,152.23
12,3,FullDH,2,7,6505.9,2,0,0,1,3,0.4961,260.47
12,3,FullDH,4,7,7329.1,4,0,0,0,4,0.7163,150.05
12,3,FullDH,6,7,9418.6,6,0,0,0,6,0.009,92.12
12,3,FullDH,2,8,5860.8,2,0,0,0,2,0.4341,71.4
12,3,FullDH,4,8,7411.5,4,0,0,0,4,0.6656,114.85
12,3,FullDH,6,8,8789.7,6,0,0,1,7,0.5545,194.69
12,3,FullDH,2,9,5887.5,2,0,0,0,2,0.3921,151.85
12,3,FullDH,4,9,8611.7,5,1,0,0,4,0.3447,108.75
12,3,FullDH,6,9,8958.2,6,0,0,0,6,0.3325,104.63
12,3,FullDH,2,10,5997.4,2,0,0,0,2,0.3819,131.7
12,3,FullDH,4,10,7609.3,4,0,0,0,4,0.2423,78.74
12,3,FullDH,6,10,9546.0,6,0,0,0,6,0.2575,74.72
12,3,FullDH,2,11,6785.0,2,0,0,0,2,0.3065,193.05
12,3,FullDH,4,11,7817.5,4,0,0,0,4,0.6499,49.45
12,3,FullDH,6,11,8814.0,7,1,0,0,6,0.4764,160.82
12,3,FullDH,2,12,7435.2,2,0,1,1,2,0.4035,171.16
12,3,FullDH,4,12,8077.7,4,0,0,0,4,0.227,225.95
12,3,FullDH,6,12,9574.4,6,0,1,1,6,0.2974,29.67
12,3,FullDH,2,13,6262.2,2,0,0,0,2,0.4371,193.23
12,3,FullDH,4,13,7831.8,4,0,0,0,4,0.5736,179.93
12,3,FullDH,6,13,9118.7,6,0,0,0,6,0.372,170.47
12,3,FullDH,2,14,5950.3,2,0,0,1,3,0.5047,195.35
12,3,FullDH,4,14,7958.7,4,0,1,1,4,0.406,266.43
12,3,FullDH,6,14,8147.0,6,0,0,0,6,0.4778,92.19
12,4,SemiTilt,2,0,7935.7,2,0,0,1,3,0.3469,21.75
12,4,SemiTilt,4,0,8839.4,4,0,0,0,4,0.5245,168.0
12,4,SemiTilt,6,0,10188.2,8,2,0,0,6,0.3207,232.48
12,4,SemiTilt,2,1,7807.9,2,0,0,1,3,0.3196,196.66
12,4,SemiTilt,4,1,9494.7,5,1,0,0,4,0.2727,68.35
12,4,SemiTilt,6,1,10115.9,7,1,0,0,6,0.088,126.7
12,4,SemiTilt,2,2,8127.0,2,0,0,0,2,0.326,260.09
12,4,SemiTilt,4,2,8370.6,4,0,0,1,5,0.4535,217.03
12,4,SemiTilt,6,2,9659.6,6,0,0,0,6,0.504,169.95
12,4,SemiTilt,2,3,6970.4,2,0,1,0,1,0.3618,58.46
12,4,SemiTilt,4,3,8778.1,4,0,0,0,4,0.3758,98.73
12,4,SemiTilt,6,3,10864.2,6,0,0,0,6,0.246,194.58
12,4,SemiTilt,2,4,6306.3,2,0,0,0,2,0.1791,220.66
12,4,SemiTilt,4,4,9756.9,5,1,0,0,4,0.1695,144.68
12,4,SemiTilt,6,4,9755.4,6,0,0,0,6,0.0291,167.64
12,4,SemiTilt,2,5,7253.5,2,0,0,1,3,0.4289,135.04
12,4,SemiTilt,4,5,8026.1,5,1,1,0,3,0.3579,185.44
12,4,SemiTilt,6,5,10392.3,6,0,1,0,5,0.2687,175.58
12,4,SemiTilt,2,6,8425.7,2,0,0,0,2,0.2549,165.91
12,4,SemiTilt,4,6,9228.9,5,1,0,1,5,0.1684,203.46
12,4,SemiTilt,6,6,10232.1,7,1,1,0,5,0.0675,186.14
12,4,SemiTilt,2,7,6989.9,2,0,0,0,2,0.3744,104.37
12,4,SemiTilt,4,7,8129.0,4,0,0,0,4,0.2697,150.73
12,4,SemiTilt,6,7,9476.5,6,0,0,0,6,0.2552,173.45
12,4,SemiTilt,2,8,7414.9,3,1,0,0,2,0.4505,115.03
12,4,SemiTilt,4,8,9568.3,5,1,0,0,4,0.2371,192.57
12,4,SemiTilt,6,8,11122.1,6,0,0,1,7,0.2987,166.82
12,4,SemiTilt,2,9,7740.2,2,0,0,1,3,0.4078,193.26
12,4,SemiTilt,4,9,9005.1,4,0,0,0,4,0.4682,192.87
12,4,SemiTilt,6,9,9910.8,7,1,0,0,6,0.3839,41.94
12,4,SemiTilt,2,10,6969.5,2,0,0,0,2,0.2767,99.98
12,4,SemiTilt,4,10,8338.1,4,0,0,0,4,0.2008,83.51
12,4,SemiTilt,6,10,9477.4,6,0,0,0,6,0.2064,52.86
12,4,SemiTilt,2,11,6847.5,2,0,0,0,2,0.0353,142.09
12,4,SemiTilt,4,11,8413.1,5,1,0,0,4,0.3714,143.9
12,4,SemiTilt,6,11,10629.7,7,1,1,1,6,0.4999,242.75
12,4,SemiTilt,2,12,8313.8,2,0,1,0,1,0.0056,118.97
12,4,SemiTilt,4,12,8799.2,4,0,0,0,4,0.3761,114.4
12,4,SemiTilt,6,12,10352.6,7,1,0,0,6,0.1867,65.45
12,4,SemiTilt,2,13,7541.6,2,0,0,0,2,0.1141,189.47
12,4,SemiTilt,4,13,9245.5,4,0,0,0,4,0.3961,250.88
12,4,SemiTilt,6,13,11210.2,6,0,0,0,6,0.2281,147.27
12,4,SemiTilt,2,14,7736.1,2,0,0,0,2,0.2577,242.27
12,4,SemiTilt,4,14,8172.5,4,0,0,0,4,0.5921,142.16
12,4,SemiTilt,6,14,10432.3,7,1,1,0,5,0.6511,96.45
13,0,SemiSwipe,2,0,6408.4,3,1,1,1,2,0.2949,183.99
13,0,SemiSwipe,4,0,8636.4,5,1,0,0,4,0.5376,167.24
13,0,SemiSwipe,6,0,10136.1,6,0,0,0,6,0.3706,116.41
13,0,SemiSwipe,2,1,7768.5,2,0,0,0,2,0.6187,187.49
13,0,SemiSwipe,4,1,8566.1,5,1,0,0,4,0.3666,197.74
13,0,SemiSwipe,6,1,9823.1,6,0,0,0,6,0.3437,100.6
13,0,SemiSwipe,2,2,6559.3,2,0,0,0,2,0.15,166.78
13,0,SemiSwipe,4,2,8293.9,5,1,0,0,4,0.4799,154.69
13,0,SemiSwipe,6,2,8060.8,7,1,2,1,5,0.3458,141.95
13,0,SemiSwipe,2,3,6990.6,2,0,0,1,3,0.4887,109.1
13,0,SemiSwipe,4,3,7342.0,5,1,0,0,4,0.4163,137.61
13,0,SemiSwipe,6,3,9597.8,6,0,0,1,7,0.6367,89.3
13,0,SemiSwipe,2,4,7700.3,2,0,0,0,2,0.1104,171.2
13,0,SemiSwipe,4,4,8815.4,4,0,0,1,5,0.4055,194.92
13,0,SemiSwipe,6,4,10288.2,6,0,0,1,7,0.4004,141.53
13,0,SemiSwipe,2,5,6441.8,2,0,0,0,2,0.3685,116.31
13,0,SemiSwipe,4,5,8036.0,4,0,0,0,4,0.2539,195.81
13,0,SemiSwipe,6,5,9146.1,6,0,1,0,5,0.5452,147.14
13,0,SemiSwipe,2,6,7191.1,2,0,0,1,3,0.3386,1.11
13,0,SemiSwipe,4,6,8790.0,4,0,0,0,4,0.4786,116.32
13,0,SemiSwipe,6,6,9664.1,7,1,1,0,5,0.247,160.79
13,0,SemiSwipe,2,7,5824.7,2,0,0,1,3,0.5426,179.91
13,0,SemiSwipe,4,7,8169.2,4,0,0,0,4,0.2654,218.96
13,0,SemiSwipe,6,7,8435.4,8,2,0,0,6,0.5556,173.64
13,0,SemiSwipe,2,8,6457.6,2,0,0,1,3,0.2702,230.66
13,0,SemiSwipe,4,8,8806.5,4,0,0,1,5,0.4807,277.08
13,0,SemiSwipe,6,8,9684.6,7,1,0,0,6,0.5434,246.67
13,0,SemiSwipe,2,9,6267.0,2,0,0,0,2,0.4656,93.29
13,0,SemiSwipe,4,9,8248.3,4,0,0,1,5,0.4709,108.39
13,0,SemiSwipe,6,9,9508.7,6,0,2,0,4,0.6094,180.5
13,0,SemiSwipe,2,10,7499.0,2,0,0,1,3,0.4817,221.45
13,0,SemiSwipe,4,10,7976.2,4,0,0,0,4,0.4694,148.33
13,0,SemiSwipe,6,10,9415.3,6,0,2,0,4,0.5081,202.88
13,0,SemiSwipe,2,11,7650.1,2,0,0,1,3,0.4822,134.38
13,0,SemiSwipe,4,11,7711.1,4,0,0,0,4,0.2652,131.75
13,0,SemiSwipe,6,11,9830.8,7,1,0,0,6,0.3952,96.08
13,0,SemiSwipe,2,12,6221.3,4,2,0,0,2,0.5224,144.72
13,0,SemiSwipe,4,12,8675.1,5,1,0,0,4,0.3231,56.93
13,0,SemiSwipe,6,12,9143.2,7,1,0,0,6,0.1994,126.62
13,0,SemiSwipe,2,13,7105.1,2,0,0,0,2,0.306,197.43
13,0,SemiSwipe,4,13,8045.8,4,0,0,0,4,0.3328,109.06
13,0,SemiSwipe,6,13,8848.9,6,0,0,0,6,0.5361,28.78
13,0,SemiSwipe,2,14,6697.1,2,0,0,0,2,0.3876,137.68
13,0,SemiSwipe,4,14,7403.0,4,0,1,0,3,0.4087,171.75
13,0,SemiSwipe,6,14,9884.6,7,1,0,0,6,0.2445,67.13
13,1,SemiDwell,2,0,5874.6,2,0,0,1,3,0.4466,158.15
13,1,SemiDwell,4,0,7181.6,4,0,1,0,3,0.546,55.12
13,1,SemiDwell,6,0,10062.6,6,0,0,0,6,0.3197,192.24
13,1,SemiDwell,2,1,5495.5,2,0,0,0,2,0.4387,133.06
13,1,SemiDwell,4,1,7229.2,4,0,0,0,4,0.4663,155.82
13,1,SemiDwell,6,1,9519.5,7,1,0,0,6,0.448,208.14
13,1,SemiDwell,2,2,6025.4,2,0,0,0,2,0.4644,127.98
13,1,SemiDwell,4,2,7837.1,4,0,0,0,4,0.4423,268.91
13,1,SemiDwell,6,2,10229.6,7,1,0,0,6,0.5274,180.6
13,1,SemiDwell,2,3,6877.3,2,0,0,0,2,0.2708,185.65
13,1,SemiDwell,4,3,8238.8,4,0,0,0,4,0.2054,135.83
13,1,SemiDwell,6,3,9504.7,7,1,0,0,6,0.2631,56.85
13,1,SemiDwell,2,4,6453.2,2,0,0,1,3,0.2098,187.39
13,1,SemiDwell,4,4,7148.9,4,0,0,0,4,0.1819,134.6
13,1,SemiDwell,6,4,9086.9,7,1,0,0,6,0.3908,179.32
13,1,SemiDwell,2,5,5951.9,2,0,0,0,2,0.193,211.55
13,1,SemiDwell,4,5,7647.9,4,0,0,0,4,0.4223,80.45
13,1,SemiDwell,6,5,9614.3,6,0,1,0,5,0.2264,151.66
13,1,SemiDwell,2,6,6599.0,3,1,0,0,2,0.3447,88.69
13,1,SemiDwell,4,6,7854.9,4,0,0,0,4,0.3818,101.64
13,1,SemiDwell,6,6,8808.2,7,1,0,1,7,0.4863,158.92
13,1,SemiDwell,2,7,7058.8,2,0,0,0,2,0.4659,194.73
13,1,SemiDwell,4,7,7628.6,4,0,0,0,4,0.4405,176.47
13,1,SemiDwell,6,7,10062.6,7,1,0,0,6,0.5457,145.79
13,1,SemiDwell,2,8,5890.5,2,0,0,0,2,0.335,173.97
13,1,SemiDwell,4,8,8395.1,4,0,0,1,5,0.281,115.2
13,1,SemiDwell,6,8,10022.8,6,0,0,0,6,0.3205,117.54
13,1,SemiDwell,2,9,5643.2,2,0,1,0,1,0.3777,151.78
13,1,SemiDwell,4,9,6978.3,4,0,0,0,4,0.2252,183.06
13,1,SemiDwell,6,9,8894.3,6,0,0,0,6,0.151,170.59
13,1,SemiDwell,2,10,7117.9,2,0,0,0,2,0.2261,46.59
13,1,SemiDwell,4,10,7296.6,4,0,0,0,4,0.2845,79.06
13,1,SemiDwell,6,10,8734.6,6,0,1,0,5,0.6371,220.06
13,1,SemiDwell,2,11,5789.9,2,0,0,0,2,0.198,117.15
13,1,SemiDwell,4,11,8455.8,4,0,0,0,4,0.5284,253.31
13,1,SemiDwell,6,11,9599.7,6,0,0,0,6,0.5846,263.03
13,1,SemiDwell,2,12,6377.5,2,0,0,1,3,0.4486,291.5
13,1,SemiDwell,4,12,6375.4,4,0,0,0,4,0.3476,125.73
13,1,SemiDwell,6,12,9603.5,6,0,0,0,6,0.4245,114.64
13,1,SemiDwell,2,13,6476.0,2,0,0,1,3,0.3813,289.46
13,1,SemiDwell,4,13,7886.4,4,0,0,0,4,0.1254,13.38
13,1,SemiDwell,6,13,8657.5,7,1,0,0,6,0.281,100.94
13,1,SemiDwell,2,14,6331.4,2,0,0,0,2,0.2059,189.31
13,1,SemiDwell,4,14,7426.9,4,0,0,1,5,0.3635,130.08
13,1,SemiDwell,6,14,8430.1,6,0,1,0,5,0.3854,250.92
13,2,SemiTilt,2,0,7173.2,2,0,0,0,2,0.5268,271.11
13,2,SemiTilt,4,0,7801.5,4,0,0,0,4,0.4241,158.57
13,2,SemiTilt,6,0,9435.0,6,0,0,1,7,0.3235,180.64
13,2,SemiTilt,2,1,5883.8,2,0,0,0,2,0.4583,158.97
13,2,SemiTilt,4,1,8676.5,4,0,0,0,4,0.3886,104.55
13,2,SemiTilt,6,1,8780.5,6,0,0,0,6,0.476,132.85
13,2,SemiTilt,2,2,7239.1,2,0,0,0,2,0.4814,92.09
13,2,SemiTilt,4,2,8607.3,4,0,0,0,4,0.3445,62.08
13,2,SemiTilt,6,2,9330.2,7,1,0,0,6,0.1018,50.78
13,2,SemiTilt,2,3,6306.9,2,0,0,0,2,0.4813,139.35
13,2,SemiTilt,4,3,8310.7,4,0,0,0,4,0.4773,102.16
13,2,SemiTilt,6,3,10464.5,6,0,0,1,7,0.3669,126.08
13,2,SemiTilt,2,4,6506.7,2,0,0,1,3,0.5511,183.58
13,2,SemiTilt,4,4,7024.0,4,0,0,0,4,0.4208,118.06
13,2,SemiTilt,6,4,10782.6,6,0,0,0,6,0.1583,140.03
13,2,SemiTilt,2,5,5711.9,2,0,0,0,2,0.7025,178.38
13,2,SemiTilt,4,5,7795.4,4,0,1,0,3,0.506,219.56
13,2,SemiTilt,6,5,9819.1,6,0,0,1,7,0.5165,150.36
13,2,SemiTilt,2,6,5960.4,2,0,0,0,2,0.5257,123.71
13,2,SemiTilt,4,6,7476.4,4,0,0,0,4,0.4722,254.53
13,2,SemiTilt,6,6,10449.4,7,1,0,0,6,0.5587,94.68
13,2,SemiTilt,2,7,6188.2,2,0,0,1,3,0.2111,171.8
13,2,SemiTilt,4,7,8104.3,4,0,0,0,4,0.6056,2.2
13,2,SemiTilt,6,7,10125.8,6,0,0,0,6,0.4318,135.82
13,2,SemiTilt,2,8,7517.5,2,0,0,0,2,0.6733,132.86
13,2,SemiTilt,4,8,8165.9,5,1,0,0,4,0.6392,229.33
13,2,SemiTilt,6,8,8753.5,6,0,0,0,6,0.3687,87.84
13,2,SemiTilt,2,9,6208.1,2,0,0,0,2,0.3881,217.42
13,2,SemiTilt,4,9,8109.7,4,0,0,0,4,0.2774,202.23
13,2,SemiTilt,6,9,9487.7,6,0,1,0,5,0.2776,28.14
13,2,SemiTilt,2,10,6719.1,3,1,0,0,2,0.3137,66.53
13,2,SemiTilt,4,10,7193.6,4,0,0,0,4,0.4775,14.21
13,2,SemiTilt,6,10,8783.8,7,1,0,1,7,0.3084,153.58
13,2,SemiTilt,2,11,7806.6,2,0,0,0,2,0.161,86.89
13,2,SemiTilt,4,11,8026.2,4,0,0,1,5,0.4016,182.0
13,2,SemiTilt,6,11,9119.9,6,0,0,0,6,0.4033,110.59
13,2,SemiTilt,2,12,6286.4,2,0,0,0,2,0.5956,64.07
13,2,SemiTilt,4,12,7663.6,4,0,1,0,3,0.4064,179.99
13,2,SemiTilt,6,12,9746.1,6,0,0,0,6,0.1836,180.77
13,2,SemiTilt,2,13,5617.6,2,0,0,0,2,0.4417,187.34
13,2,SemiTilt,4,13,8519.6,4,0,0,0,4,0.2804,77.93
13,2,SemiTilt,6,13,9971.0,6,0,0,0,6,0.339,121.41
13,2,SemiTilt,2,14,6897.3,2,0,0,0,2,0.4098,125.02
13,2,SemiTilt,4,14,8562.2,4,0,0,0,4,0.4651,234.1
13,2,SemiTilt,6,14,8656.9,6,0,0,1,7,0.5684,217.64
13,3,SemiNDH,2,0,6110.2,2,0,0,1,3,0.5359,181.88
13,3,SemiNDH,4,0,7868.6,4,0,0,0,4,0.3953,45.03
13,3,SemiNDH,6,0,8814.6,6,0,0,0,6,0.6106,47.79
13,3,SemiNDH,2,1,6326.9,2,0,0,1,3,0.4233,197.44
13,3,SemiNDH,4,1,8297.4,4,0,0,0,4,0.3537,171.86
13,3,SemiNDH,6,1,8531.4,6,0,0,0,6,0.4348,207.03
13,3,SemiNDH,2,2,5373.8,2,0,0,1,3,0.4972,160.06
13,3,SemiNDH,4,2,8602.5,4,0,0,0,4,0.3644,177.14
13,3,SemiNDH,6,2,8698.6,6,0,0,0,6,0.4659,136.73
13,3,SemiNDH,2,3,6311.6,2,0,0,0,2,0.6941,181.41
13,3,SemiNDH,4,3,6937.2,4,0,0,0,4,0.237,169.19
13,3,SemiNDH,6,3,8644.8,6,0,0,0,6,0.6156,188.03
13,3,SemiNDH,2,4,6255.1,2,0,0,0,2,0.518,143.2
13,3,SemiNDH,4,4,7701.0,4,0,0,1,5,0.3978,144.18
13,3,SemiNDH,6,4,7689.4,6,0,0,0,6,0.4136,144.35
13,3,SemiNDH,2,5,6152.7,2,0,0,0,2,0.3773,80.92
13,3,SemiNDH,4,5,6528.9,4,0,0,0,4,0.4512,109.52
13,3,SemiNDH,6,5,8954.7,6,0,0,0,6,0.5754,104.7
13,3,SemiNDH,2,6,5419.8,2,0,0,0,2,0.2478,131.26
13,3,SemiNDH,4,6,8611.2,4,0,0,0,4,0.5268,157.75
13,3,SemiNDH,6,6,8261.2,6,0,0,0,6,0.296,111.85
13,3,SemiNDH,2,7,6132.0,2,0,0,0,2,0.4899,217.82
13,3,SemiNDH,4,7,8232.2,4,0,1,0,3,0.4345,84.47
13,3,SemiNDH,6,7,9294.0,6,0,0,0,6,0.4367,177.98
13,3,SemiNDH,2,8,6287.4,3,1,0,0,2,0.2512,247.96
13,3,SemiNDH,4,8,7216.4,4,0,0,0,4,0.1356,236.79
13,3,SemiNDH,6,8,8340.2,6,0,1,0,5,0.4081,144.35
13,3,SemiNDH,2,9,5533.0,3,1,0,0,2,0.4429,324.48
13,3,SemiNDH,4,9,7761.9,4,0,0,0,4,0.1417,134.54
13,3,SemiNDH,6,9,9628.5,6,0,0,1,7,0.4181,206.01
13,3,SemiNDH,2,10,5881.9,2,0,0,0,2,0.5769,152.71
13,3,SemiNDH,4,10,6793.0,4,0,0,0,4,0.6594,134.48
13,3,SemiNDH,6,10,8758.3,6,0,0,1,7,0.3257,146.67
13,3,SemiNDH,2,11,5479.7,2,0,0,0,2,0.4208,159.76
13,3,SemiNDH,4,11,7826.6,4,0,0,0,4,0.4182,110.04
13,3,SemiNDH,6,11,8706.5,6,0,0,0,6,0.3686,192.82
13,3,SemiNDH,2,12,6329.9,2,0,0,0,2,0.4919,219.77
13,3,SemiNDH,4,12,7592.0,4,0,0,0,4,0.5147,91.65
13,3,SemiNDH,6,12,9483.5,6,0,0,0,6,0.3946,221.22
13,3,SemiNDH,2,13,6050.4,2,0,0,0,2,0.151,272.98
13,3,SemiNDH,4,13,7749.0,4,0,0,0,4,0.1866,177.96
13,3,SemiNDH,6,13,10242.0,6,0,0,1,7,0.5202,200.25
13,3,SemiNDH,2,14,6608.1,3,1,0,1,3,0.5142,201.91
13,3,SemiNDH,4,14,7467.9,4,0,0,0,4,0.1593,246.84
13,3,SemiNDH,6,14,9229.8,6,0,0,1,7,0.4413,36.86
13,4,FullDH,2,0,5917.1,2,0,0,0,2,0.3831,156.28
13,4,FullDH,4,0,7732.2,4,0,0,0,4,0.2557,182.53
13,4,FullDH,6,0,9357.6,6,0,0,0,6,0.4143,208.55
13,4,FullDH,2,1,4987.1,2,0,0,0,2,0.4981,135.56
13,4,FullDH,4,1,7678.9,4,0,1,0,3,0.5655,188.19
13,4,FullDH,6,1,9297.4,7,1,0,0,6,0.5906,189.46
13,4,FullDH,2,2,6579.0,2,0,0,1,3,0.1232,166.3
13,4,FullDH,4,2,7221.1,4,0,0,0,4,0.6212,189.25
13,4,FullDH,6,2,10126.0,6,0,0,0,6,0.45,9.71
13,4,FullDH,2,3,6817.7,2,0,0,0,2,0.2499,121.93
13,4,FullDH,4,3,7181.4,4,0,0,0,4,0.4546,170.67
13,4,FullDH,6,3,9151.5,6,0,0,0,6,0.2459,65.9
13,4,FullDH,2,4,4960.2,2,0,1,0,1,0.3217,199.22
13,4,FullDH,4,4,7497.5,4,0,0,0,4,0.3986,177.52
13,4,FullDH,6,4,8960.4,6,0,0,0,6,0.512,197.51
13,4,FullDH,2,5,5569.6,2,0,0,1,3,0.4734,124.21
13,4,FullDH,4,5,7613.7,4,0,0,0,4,0.3715,57.47
13,4,FullDH,6,5,8692.8,6,0,1,0,5,0.4171,20.85
13,4,FullDH,2,6,5475.8,2,0,0,1,3,0.1444,197.87
13,4,FullDH,4,6,7582.1,4,0,0,0,4,0.4281,220.9
13,4,FullDH,6,6,8444.0,6,0,0,0,6,0.2945,247.01
13,4,FullDH,2,7,5459.8,2,0,0,0,2,0.0961,122.96
13,4,FullDH,4,7,6190.4,4,0,0,0,4,0.4691,273.05
13,4,FullDH,6,7,8390.0,6,0,0,0,6,0.2424,150.23
13,4,FullDH,2,8,5228.5,2,0,0,0,2,0.3839,46.09
13,4,FullDH,4,8,7496.4,4,0,0,0,4,0.3035,204.26
13,4,FullDH,6,8,8294.4,6,0,0,1,7,0.2574,223.3
13,4,FullDH,2,9,5493.6,2,0,1,0,1,0.1297,206.05
13,4,FullDH,4,9,7679.9,4,0,0,0,4,0.4357,180.15
13,4,FullDH,6,9,7211.1,6,0,0,0,6,0.3444,114.33
13,4,FullDH,2,10,5724.7,2,0,0,1,3,0.222,253.05
13,4,FullDH,4,10,7533.6,5,1,0,0,4,0.2376,148.39
13,4,FullDH,6,10,8706.7,7,1,0,0,6,0.2922,166.3
13,4,FullDH,2,11,4872.1,2,0,0,0,2,0.4885,183.29
13,4,FullDH,4,11,6545.8,4,0,1,0,3,0.4851,228.14
13,4,FullDH,6,11,9165.8,6,0,0,1,7,0.4965,109.46
13,4,FullDH,2,12,4844.0,2,0,0,0,2,0.5544,221.07
13,4,FullDH,4,12,7621.0,4,0,0,0,4,0.3082,167.42
13,4,FullDH,6,12,8524.7,6,0,1,1,6,0.7423,13.49
13,4,FullDH,2,13,5823.5,2,0,1,0,1,0.3819,98.8
13,4,FullDH,4,13,7200.0,5,1,0,1,5,0.3375,119.82
13,4,FullDH,6,13,8784.4,6,0,0,1,7,0.3611,60.99
13,4,FullDH,2,14,5600.9,3,1,0,0,2,0.5255,220.25
13,4,FullDH,4,14,7098.8,4,0,0,0,4,0.6213,154.26
13,4,FullDH,6,14,8736.5,6,0,0,0,6,0.5789,208.98
14,0,SemiTilt,2,0,8621.1,2,0,0,1,3,0.4582,138.83
14,0,SemiTilt,4,0,9366.7,4,0,0,0,4,0.4246,145.66
14,0,SemiTilt,6,0,12013.0,7,1,0,0,6,0.068,228.71
14,0,SemiTilt,2,1,8332.8,2,0,0,1,3,0.2412,314.51
14,0,SemiTilt,4,1,10526.7,4,0,0,1,5,0.529,241.17
14,0,SemiTilt,6,1,12106.8,6,0,0,0,6,0.6095,215.43
14,0,SemiTilt,2,2,8506.5,2,0,0,0,2,0.0987,50.49
14,0,SemiTilt,4,2,9595.8,4,0,0,0,4,0.4674,121.9
14,0,SemiTilt,6,2,11100.7,7,1,0,0,6,0.3691,160.53
14,0,SemiTilt,2,3,7915.9,2,0,0,1,3,0.2734,73.34
14,0,SemiTilt,4,3,10349.0,4,0,0,0,4,0.212,144.13
14,0,SemiTilt,6,3,11121.5,6,0,0,0,6,0.4628,82.68
14,0,SemiTilt,2,4,9177.3,2,0,0,0,2,0.3325,252.24
14,0,SemiTilt,4,4,11532.5,4,0,0,1,5,0.6225,196.12
14,0,SemiTilt,6,4,11460.9,6,0,0,0,6,0.6414,83.27
14,0,SemiTilt,2,5,7834.4,2,0,0,0,2,0.3351,30.73
14,0,SemiTilt,4,5,10898.1,4,0,0,0,4,0.2794,69.69
14,0,SemiTilt,6,5,10664.8,6,0,0,0,6,0.2523,253.29
14,0,SemiTilt,2,6,9140.6,2,0,1,0,1,0.3647,157.95
14,0,SemiTilt,4,6,9563.3,5,1,0,0,4,0.4474,71.12
14,0,SemiTilt,6,6,11540.2,6,0,0,0,6,0.5259,95.02
14,0,SemiTilt,2,7,8842.6,2,0,0,1,3,0.4565,174.59
14,0,SemiTilt,4,7,9454.9,6,2,0,1,5,0.3821,155.21
14,0,SemiTilt,6,7,10281.5,6,0,0,0,6,0.23,206.53
14,0,SemiTilt,2,8,8101.7,2,0,1,1,2,0.3566,198.12
14,0,SemiTilt,4,8,10678.1,4,0,0,0,4,0.4145,88.67
14,0,SemiTilt,6,8,11966.2,8,2,0,1,7,0.5314,113.94
14,0,SemiTilt,2,9,8693.0,2,0,0,0,2,0.25,128.16
14,0,SemiTilt,4,9,10523.3,4,0,0,0,4,0.3582,189.05
14,0,SemiTilt,6,9,11348.8,6,0,1,0,5,0.3939,169.37
14,0,SemiTilt,2,10,9108.2,2,0,0,0,2,0.4968,248.86
14,0,SemiTilt,4,10,10955.2,4,0,0,0,4,0.3752,134.24
14,0,SemiTilt,6,10,12106.7,6,0,1,0,5,0.3938,213.65
14,0,SemiTilt,2,11,8864.0,2,0,0,0,2,0.5134,86.15
14,0,SemiTilt,4,11,10443.2,4,0,0,1,5,0.4412,168.78
14,0,SemiTilt,6,11,11437.0,6,0,0,0,6,0.2632,27.04
14,0,SemiTilt,2,12,7714.3,2,0,0,0,2,0.5111,134.4
14,0,SemiTilt,4,12,9695.9,5,1,0,0,4,0.3336,190.34
14,0,SemiTilt,6,12,12244.1,6,0,1,0,5,0.2145,159.58
14,0,SemiTilt,2,13,9904.1,2,0,0,1,3,0.2083,202.59
14,0,SemiTilt,4,13,9888.7,4,0,0,0,4,0.5464,201.02
14,0,SemiTilt,6,13,12018.4,6,0,0,1,7,0.0904,188.16
14,0,SemiTilt,2,14,8091.5,2,0,0,0,2,0.5393,161.72
14,0,SemiTilt,4,14,9617.9,4,0,1,0,3,0.4552,161.33
14,0,SemiTilt,6,14,11996.0,7,1,0,0,6,0.5132,52.98
14,1,SemiSwipe,2,0,7653.2,2,0,0,1,3,0.3428,158.51
14,1,SemiSwipe,4,0,9845.4,4,0,0,0,4,0.1954,176.98
14,1,SemiSwipe,6,0,11349.1,6,0,1,1,6,0.5128,188.1
14,1,SemiSwipe,2,1,8443.0,2,0,0,0,2,0.5093,108.21
14,1,SemiSwipe,4,1,9760.4,4,0,0,0,4,0.7151,158.29
14,1,SemiSwipe,6,1,11694.7,6,0,0,0,6,0.4536,180.67
14,1,SemiSwipe,2,2,8206.6,2,0,0,0,2,0.4536,110.51
14,1,SemiSwipe,4,2,9424.9,4,0,0,0,4,0.5101,192.32
14,1,SemiSwipe,6,2,11408.7,6,0,0,0,6,0.4528,85.53
14,1,SemiSwipe,2,3,9623.4,2,0,0,0,2,0.0744,174.84
14,1,SemiSwipe,4,3,9437.7,4,0,0,0,4,0.4538,161.21
14,1,SemiSwipe,6,3,11082.8,8,2,0,1,7,0.4838,168.15
14,1,SemiSwipe,2,4,7414.9,2,0,0,0,2,0.2171,62.24
14,1,SemiSwipe,4,4,9829.2,4,0,0,0,4,0.3907,148.71
14,1,SemiSwipe,6,4,10128.5,6,0,1,0,5,0.6234,216.37
14,1,SemiSwipe,2,5,9083.9,2,0,0,0,2,0.3304,209.27
14,1,SemiSwipe,4,5,9643.1,5,1,0,0,4,0.2214,148.15
14,1,SemiSwipe,6,5,10919.8,6,0,0,0,6,0.2573,193.91
14,1,SemiSwipe,2,6,7709.1,2,0,0,0,2,0.4435,92.77
14,1,SemiSwipe,4,6,10399.3,4,0,1,1,4,0.2205,197.13
14,1,SemiSwipe,6,6,11424.8,7,1,1,0,5,0.6807,166.36
14,1,SemiSwipe,2,7,9430.5,2,0,0,0,2,0.4892,223.83
14,1,SemiSwipe,4,7,9151.5,5,1,0,0,4,0.6297,180.61
14,1,SemiSwipe,6,7,11541.4,7,1,0,0,6,0.2063,242.92
14,1,SemiSwipe,2,8,9057.2,2,0,1,0,1,0.472,119.38
14,1,SemiSwipe,4,8,9757.9,4,0,0,1,5,0.4404,102.01
14,1,SemiSwipe,6,8,11140.3,6,0,0,0,6,0.436,52.07
14,1,SemiSwipe,2,9,8150.8,2,0,0,0,2,0.3449,87.46
14,1,SemiSwipe,4,9,9191.0,4,0,0,0,4,0.5247,163.4
14,1,SemiSwipe,6,9,11408.3,6,0,1,1,6,0.2153,105.36
14,1,SemiSwipe,2,10,8626.9,3,1,0,0,2,0.302,117.94
14,1,SemiSwipe,4,10,9519.3,4,0,1,0,3,0.3883,108.73
14,1,SemiSwipe,6,10,11068.7,6,0,0,0,6,0.4564,110.1
14,1,SemiSwipe,2,11,8403.0,2,0,0,1,3,0.4505,156.36
14,1,SemiSwipe,4,11,9980.2,4,0,0,1,5,0.2564,166.72
14,1,SemiSwipe,6,11,11533.0,6,0,0,0,6,0.8676,161.83
14,1,SemiSwipe,2,12,7519.3,2,0,0,1,3,0.2683,132.89
14,1,SemiSwipe,4,12,9711.6,4,0,0,0,4,0.5297,181.73
14,1,SemiSwipe,6,12,11072.1,6,0,1,0,5,0.5014,108.89
14,1,SemiSwipe,2,13,8476.8,2,0,0,0,2,0.0084,111.04
14,1,SemiSwipe,4,13,9441.5,4,0,1,0,3,0.3183,139.48
14,1,SemiSwipe,6,13,10160.3,6,0,0,0,6,0.5703,246.28
14,1,SemiSwipe,2,14,8889.2,2,0,0,0,2,0.3007,141.57
14,1,SemiSwipe,4,14,9920.9,5,1,0,0,4,0.4256,188.52
14,1,SemiSwipe,6,14,10754.4,7,1,0,0,6,0.5336,228.35
14,2,FullDH,2,0,6725.7,2,0,0,0,2,0.2308,59.17
14,2,FullDH,4,0,8996.1,5,1,0,0,4,0.3428,123.34
14,2,FullDH,6,0,9892.4,6,0,0,1,7,0.7719,177.42
14,2,FullDH,2,1,7471.4,2,0,0,0,2,0.5027,193.63
14,2,FullDH,4,1,9981.0,4,0,0,0,4,0.7872,214.92
14,2,FullDH,6,1,9992.6,7,1,0,0,6,0.4,91.67
14,2,FullDH,2,2,8866.5,2,0,0,0,2,0.1096,198.77
14,2,FullDH,4,2,8849.0,5,1,0,0,4,0.2436,161.53
14,2,FullDH,6,2,9379.9,7,1,0,0,6,0.2581,42.77
14,2,FullDH,2,3,7248.6,3,1,0,1,3,0.3667,103.76
14,2,FullDH,4,3,8924.7,4,0,0,0,4,0.5595,141.68
14,2,FullDH,6,3,10816.6,7,1,0,0,6,0.2722,53.65
14,2,FullDH,2,4,6335.1,2,0,0,0,2,0.7259,159.73
14,2,FullDH,4,4,8374.9,4,0,0,0,4,0.571,188.7
14,2,FullDH,6,4,10346.5,7,1,0,0,6,0.3771,74.42
14,2,FullDH,2,5,6930.3,2,0,0,0,2,0.2998,56.32
14,2,FullDH,4,5,8869.9,4,0,0,0,4,0.2674,113.61
14,2,FullDH,6,5,10117.8,6,0,0,0,6,0.6547,114.76
14,2,FullDH,2,6,7316.3,2,0,0,0,2,0.6841,121.28
14,2,FullDH,4,6,8253.4,4,0,0,0,4,0.4255,43.73
14,2,FullDH,6,6,10556.3,6,0,0,1,7,0.2624,138.65
14,2,FullDH,2,7,8272.3,2,0,0,0,2,0.3611,72.99
14,2,FullDH,4,7,8677.8,4,0,0,0,4,0.2692,221.31
14,2,FullDH,6,7,10148.4,6,0,0,0,6,0.407,45.16
14,2,FullDH,2,8,8461.4,3,1,0,0,2,0.4633,140.72
14,2,FullDH,4,8,9070.8,4,0,0,0,4,0.5471,149.07
14,2,FullDH,6,8,10323.1,7,1,0,0,6,0.691,87.61
14,2,FullDH,2,9,7194.1,2,0,0,0,2,0.3332,175.77
14,2,FullDH,4,9,9645.0,4,0,0,0,4,0.7185,23.66
14,2,FullDH,6,9,10052.3,6,0,0,0,6,0.3058,154.26
14,2,FullDH,2,10,8154.7,2,0,0,0,2,0.5779,188.37
14,2,FullDH,4,10,9173.1,5,1,0,1,5,0.2763,147.54
14,2,FullDH,6,10,10333.9,7,1,1,0,5,0.2076,144.46
14,2,FullDH,2,11,7576.0,3,1,0,0,2,0.5608,71.27
14,2,FullDH,4,11,9330.0,4,0,0,1,5,0.4203,225.18
14,2,FullDH,6,11,12306.1,6,0,0,0,6,0.2294,124.44
14,2,FullDH,2,12,7798.8,2,0,0,0,2,0.2711,216.09
14,2,FullDH,4,12,9055.6,4,0,0,0,4,0.3355,135.99
14,2,FullDH,6,12,9236.0,6,0,0,0,6,0.3349,158.39
14,2,FullDH,2,13,8223.5,2,0,1,1,2,0.223,239.17
14,2,FullDH,4,13,9300.5,4,0,0,0,4,0.4122,134.36
14,2,FullDH,6,13,10075.8,7,1,0,1,7,0.3345,304.41
14,2,FullDH,2,14,7089.3,2,0,0,0,2,0.6124,204.25
14,2,FullDH,4,14,9892.6,6,2,0,1,5,0.2489,104.06
14,2,FullDH,6,14,9847.1,6,0,0,0,6,0.5842,168.99
14,3,SemiDwell,2,0,8114.1,2,0,0,0,2,0.4238,169.42
14,3,SemiDwell,4,0,8853.1,4,0,0,0,4,0.1337,180.92
14,3,SemiDwell,6,0,10689.6,8,2,0,0,6,0.5342,113.42
14,3,SemiDwell,2,1,9544.5,2,0,0,0,2,0.1097,190.94
14,3,SemiDwell,4,1,9479.0,4,0,0,0,4,0.5398,132.38
14,3,SemiDwell,6,1,10927.1,7,1,0,0,6,0.3914,313.71
14,3,SemiDwell,2,2,7210.4,2,0,0,0,2,0.3264,178.21
14,3,SemiDwell,4,2,8646.4,4,0,0,0,4,0.338,155.02
14,3,SemiDwell,6,2,10278.6,6,0,1,0,5,0.1149,155.8
14,3,SemiDwell,2,3,8477.9,2,0,0,0,2,0.0801,130.46
14,3,SemiDwell,4,3,8997.7,4,0,0,0,4,0.4159,113.62
14,3,SemiDwell,6,3,10551.0,7,1,0,0,6,0.4172,173.89
14,3,SemiDwell,2,4,7569.9,2,0,0,0,2,0.2634,64.84
14,3,SemiDwell,4,4,8922.8,4,0,0,0,4,0.4822,228.6
14,3,SemiDwell,6,4,10374.3,6,0,0,0,6,0.2951,136.99
14,3,SemiDwell,2,5,8187.4,2,0,0,0,2,0.4567,200.79
14,3,SemiDwell,4,5,9799.5,4,0,0,0,4,0.211,139.86
14,3,SemiDwell,6,5,10614.1,6,0,0,1,7,0.3529,167.48
14,3,SemiDwell,2,6,9013.8,2,0,0,0,2,0.3743,192.92
14,3,SemiDwell,4,6,9363.6,4,0,0,1,5,0.357,137.08
14,3,SemiDwell,6,6,10377.6,6,0,0,1,7,0.425,91.77
14,3,SemiDwell,2,7,8523.9,2,0,0,1,3,0.4389,235.09
14,3,SemiDwell,4,7,9858.2,4,0,0,0,4,0.3769,176.92
14,3,SemiDwell,6,7,9398.3,6,0,0,1,7,0.3747,206.69
14,3,SemiDwell,2,8,8794.9,2,0,0,0,2,0.4139,99.8
14,3,SemiDwell,4,8,9292.5,4,0,0,0,4,0.5639,303.39
14,3,SemiDwell,6,8,10327.0,6,0,0,1,7,0.2708,61.85
14,3,SemiDwell,2,9,8705.4,2,0,0,0,2,0.3159,149.0
14,3,SemiDwell,4,9,10368.0,4,0,0,1,5,0.1305,112.6
14,3,SemiDwell,6,9,10478.2,6,0,0,0,6,0.4231,74.46
14,3,SemiDwell,2,10,7719.3,2,0,0,1,3,0.2436,152.8
14,3,SemiDwell,4,10,9516.1,4,0,0,0,4,0.2579,159.21
14,3,SemiDwell,6,10,10534.3,6,0,0,0,6,0.4286,248.49
14,3,SemiDwell,2,11,7778.1,2,0,0,1,3,0.5689,142.61
14,3,SemiDwell,4,11,9298.6,4,0,0,0,4,0.3569,82.55
14,3,SemiDwell,6,11,10624.2,7,1,0,0,6,0.5318,143.98
14,3,SemiDwell,2,12,8006.4,2,0,1,1,2,0.1396,143.34
14,3,SemiDwell,4,12,9310.8,5,1,0,0,4,0.4868,117.65
14,3,SemiDwell,6,12,10966.0,6,0,1,0,5,0.2418,77.94
14,3,SemiDwell,2,13,6640.7,2,0,0,0,2,0.4009,160.54
14,3,SemiDwell,4,13,9594.1,4,0,0,0,4,0.2564,190.05
14,3,SemiDwell,6,13,11303.0,7,1,0,0,6,0.5018,171.43
14,3,SemiDwell,2,14,7924.2,2,0,0,0,2,0.3312,191.68
14,3,SemiDwell,4,14,9572.3,4,0,0,1,5,0.5435,208.44
14,3,SemiDwell,6,14,10124.5,7,1,0,0,6,0.8017,225.63
14,4,SemiNDH,2,0,8418.4,3,1,0,1,3,0.4542,195.27
14,4,SemiNDH,4,0,9037.9,4,0,0,0,4,0.5325,158.94
14,4,SemiNDH,6,0,10224.2,6,0,1,0,5,0.3497,135.86
14,4,SemiNDH,2,1,8125.7,2,0,0,1,3,0.6624,182.8
14,4,SemiNDH,4,1,9479.3,4,0,0,0,4,0.5669,245.82
14,4,SemiNDH,6,1,10647.3,6,0,0,0,6,0.5145,163.11
14,4,SemiNDH,2,2,7299.7,2,0,0,0,2,0.3093,237.66
14,4,SemiNDH,4,2,9551.9,4,0,0,0,4,0.1799,143.3
14,4,SemiNDH,6,2,10120.9,6,0,0,0,6,0.3875,227.52
14,4,SemiNDH,2,3,7449.0,2,0,1,1,2,0.3548,147.5
14,4,SemiNDH,4,3,10433.2,4,0,0,1,5,0.6961,31.29
14,4,SemiNDH,6,3,10801.5,6,0,0,1,7,0.1172,181.67
14,4,SemiNDH,2,4,7391.7,2,0,0,1,3,0.1246,197.84
14,4,SemiNDH,4,4,9927.6,4,0,0,1,5,0.4009,155.17
14,4,SemiNDH,6,4,11631.6,7,1,0,0,6,0.2851,165.73
14,4,SemiNDH,2,5,7737.3,2,0,0,1,3,0.2765,174.95
14,4,SemiNDH,4,5,8904.9,4,0,0,0,4,0.3138,193.71
14,4,SemiNDH,6,5,10173.0,6,0,0,0,6,0.6297,168.92
14,4,SemiNDH,2,6,8192.8,2,0,0,0,2,0.6129,71.15
14,4,SemiNDH,4,6,9210.5,4,0,0,0,4,0.1407,145.92
14,4,SemiNDH,6,6,10550.0,6,0,1,0,5,0.4594,86.13
14,4,SemiNDH,2,7,8860.1,2,0,0,0,2,0.3981,219.96
14,4,SemiNDH,4,7,9052.0,4,0,0,0,4,0.4336,183.48
14,4,SemiNDH,6,7,11033.1,6,0,0,0,6,0.4013,94.67
14,4,SemiNDH,2,8,7360.7,2,0,0,0,2,0.529,183.28
14,4,SemiNDH,4,8,10703.3,5,1,0,0,4,0.4847,100.28
14,4,SemiNDH,6,8,10245.8,7,1,0,1,7,0.2884,146.82
14,4,SemiNDH,2,9,7686.7,2,0,0,1,3,0.0637,190.24
14,4,SemiNDH,4,9,9383.7,5,1,1,0,3,0.3854,226.64
14,4,SemiNDH,6,9,9848.8,6,0,1,0,5,0.3445,200.56
14,4,SemiNDH,2,10,7288.0,2,0,0,0,2,0.4918,112.4
14,4,SemiNDH,4,10,9036.8,4,0,0,0,4,0.2761,131.75
14,4,SemiNDH,6,10,10216.6,6,0,1,0,5,0.5272,111.23
14,4,SemiNDH,2,11,8392.4,2,0,1,0,1,0.1968,172.15
14,4,SemiNDH,4,11,9626.2,4,0,0,0,4,0.5585,76.26
14,4,SemiNDH,6,11,10458.8,6,0,0,0,6,0.5573,122.45
14,4,SemiNDH,2,12,7674.7,2,0,0,0,2,0.3014,106.38
14,4,SemiNDH,4,12,9700.8,4,0,1,0,3,0.2391,183.08
14,4,SemiNDH,6,12,11683.9,6,0,0,0,6,0.6197,190.31
14,4,SemiNDH,2,13,7990.5,2,0,0,0,2,0.2356,202.64
14,4,SemiNDH,4,13,9607.0,6,2,0,1,5,0.2623,78.5
14,4,SemiNDH,6,13,9594.5,6,0,0,1,7,0.2881,181.65
14,4,SemiNDH,2,14,8851.6,2,0,0,0,2,0.5678,154.86
14,4,SemiNDH,4,14,10160.8,4,0,0,1,5,0.0806,111.79
14,4,SemiNDH,6,14,10042.7,6,0,0,0,6,0.2424,13.04
15,0,SemiDwell,2,0,7116.3,2,0,0,1,3,0.2596,120.49
15,0,SemiDwell,4,0,8740.4,4,0,0,0,4,0.3866,132.83
15,0,SemiDwell,6,0,9801.0,7,1,0,1,7,0.523,147.98
15,0,SemiDwell,2,1,7252.7,2,0,0,0,2,0.3835,81.35
15,0,SemiDwell,4,1,7991.5,4,0,0,0,4,0.2046,157.29
15,0,SemiDwell,6,1,9533.5,6,0,0,1,7,0.3098,206.87
15,0,SemiDwell,2,2,6462.8,2,0,0,1,3,0.3467,246.97
15,0,SemiDwell,4,2,8515.8,5,1,0,0,4,0.4524,162.29
15,0,SemiDwell,6,2,9047.4,6,0,0,1,7,0.3848,185.94
15,0,SemiDwell,2,3,6980.5,2,0,0,1,3,0.3263,148.22
15,0,SemiDwell,4,3,7673.4,4,0,0,1,5,0.4259,124.22
15,0,SemiDwell,6,3,9876.4,7,1,0,0,6,0.2743,222.43
15,0,SemiDwell,2,4,7460.5,2,0,0,0,2,0.5234,156.58
15,0,SemiDwell,4,4,7523.0,4,0,0,1,5,0.5873,229.78
15,0,SemiDwell,6,4,9543.4,6,0,0,0,6,0.5154,169.41
15,0,SemiDwell,2,5,6575.3,2,0,0,0,2,0.0552,282.09
15,0,SemiDwell,4,5,8489.5,4,0,0,1,5,0.4516,152.6
15,0,SemiDwell,6,5,9275.0,8,2,0,0,6,0.3761,281.06
15,0,SemiDwell,2,6,7591.7,2,0,0,1,3,0.2856,84.98
15,0,SemiDwell,4,6,7262.2,4,0,0,0,4,0.461,116.06
15,0,SemiDwell,6,6,9881.3,7,1,0,0,6,0.5528,191.51
15,0,SemiDwell,2,7,7354.8,2,0,0,0,2,0.2894,174.56
15,0,SemiDwell,4,7,8194.3,4,0,0,0,4,0.1893,128.36
15,0,SemiDwell,6,7,10646.6,6,0,0,0,6,0.553,134.93
15,0,SemiDwell,2,8,6292.7,2,0,0,0,2,0.2561,60.15
15,0,SemiDwell,4,8,6728.2,4,0,1,0,3,0.6833,221.29
15,0,SemiDwell,6,8,9112.7,6,0,0,0,6,0.4112,139.71
15,0,SemiDwell,2,9,7977.0,2,0,0,0,2,0.2879,152.71
15,0,SemiDwell,4,9,8427.7,4,0,0,1,5,0.5131,178.91
15,0,SemiDwell,6,9,8835.0,7,1,0,0,6,0.4229,78.4
15,0,SemiDwell,2,10,6342.6,2,0,0,0,2,0.6476,133.78
15,0,SemiDwell,4,10,9026.6,4,0,0,0,4,0.4507,277.24
15,0,SemiDwell,6,10,9802.8,6,0,0,0,6,0.3125,62.24
15,0,SemiDwell,2,11,7069.1,2,0,0,0,2,0.5676,78.67
15,0,SemiDwell,4,11,9374.7,4,0,0,1,5,0.5375,130.08
15,0,SemiDwell,6,11,8516.5,6,0,0,0,6,0.2713,140.11
15,0,SemiDwell,2,12,6842.8,2,0,0,1,3,0.6369,89.89
15,0,SemiDwell,4,12,8163.6,4,0,0,0,4,0.1927,146.21
15,0,SemiDwell,6,12,9731.0,6,0,0,0,6,0.2162,175.52
15,0,SemiDwell,2,13,5715.0,2,0,0,0,2,0.5173,125.7
15,0,SemiDwell,4,13,8705.7,4,0,0,0,4,0.4998,162.84
15,0,SemiDwell,6,13,9993.6,7,1,0,0,6,0.3703,97.71
15,0,SemiDwell,2,14,6569.8,2,0,0,0,2,0.2489,106.68
15,0,SemiDwell,4,14,7727.9,4,0,1,1,4,0.2884,85.3
15,0,SemiDwell,6,14,9273.6,7,1,1,0,5,0.3353,170.37
15,1,SemiSwipe,2,0,7963.5,2,0,0,1,3,0.3222,191.71
15,1,SemiSwipe,4,0,8989.8,5,1,0,0,4,0.221,126.56
15,1,SemiSwipe,6,0,10360.8,6,0,1,0,5,0.5427,122.36
15,1,SemiSwipe,2,1,6717.0,2,0,0,0,2,0.3419,136.75
15,1,SemiSwipe,4,1,7692.4,4,0,0,1,5,0.4502,171.62
15,1,SemiSwipe,6,1,10031.5,6,0,0,0,6,0.4881,145.49
15,1,SemiSwipe,2,2,6876.3,3,1,0,0,2,0.8612,125.72
15,1,SemiSwipe,4,2,7694.8,4,0,0,0,4,0.3485,121.42
15,1,SemiSwipe,6,2,8682.7,6,0,0,1,7,0.4274,234.49
15,1,SemiSwipe,2,3,4758.8,2,0,0,0,2,0.4681,162.83
15,1,SemiSwipe,4,3,7193.5,5,1,0,1,5,0.5349,147.29
15,1,SemiSwipe,6,3,9425.5,7,1,0,0,6,0.3462,216.9
15,1,SemiSwipe,2,4,7219.4,2,0,0,0,2,0.4675,122.7
15,1,SemiSwipe,4,4,7872.9,4,0,0,0,4,0.4187,160.52
15,1,SemiSwipe,6,4,10796.1,6,0,0,0,6,0.5043,48.03
15,1,SemiSwipe,2,5,6237.1,2,0,0,0,2,0.4937,130.12
15,1,SemiSwipe,4,5,7715.3,5,1,0,1,5,0.4238,148.67
15,1,SemiSwipe,6,5,9881.3,6,0,0,0,6,0.221,227.63
15,1,SemiSwipe,2,6,6596.9,2,0,0,1,3,0.168,116.8
15,1,SemiSwipe,4,6,7387.0,4,0,0,0,4,0.3714,111.61
15,1,SemiSwipe,6,6,10377.2,6,0,0,0,6,0.1763,89.63
15,1,SemiSwipe,2,7,7087.6,2,0,0,0,2,0.2951,262.63
15,1,SemiSwipe,4,7,8231.4,4,0,0,0,4,0.428,196.58
15,1,SemiSwipe,6,7,9066.1,6,0,0,0,6,0.344,184.21
15,1,SemiSwipe,2,8,6615.6,2,0,0,0,2,0.4302,152.83
15,1,SemiSwipe,4,8,8704.9,4,0,0,0,4,0.459,93.05
15,1,SemiSwipe,6,8,9633.7,6,0,1,0,5,0.4058,155.18
15,1,SemiSwipe,2,9,7644.6,2,0,0,0,2,0.2862,163.65
15,1,SemiSwipe,4,9,7377.1,5,1,0,0,4,0.5186,170.71
15,1,SemiSwipe,6,9,8776.7,6,0,0,0,6,0.2412,204.77
15,1,SemiSwipe,2,10,6404.1,2,0,0,0,2,0.5014,173.61
15,1,SemiSwipe,4,10,8890.5,4,0,1,0,3,0.484,189.26
15,1,SemiSwipe,6,10,9951.1,6,0,0,0,6,0.5115,159.04
15,1,SemiSwipe,2,11,7089.1,2,0,0,0,2,0.5941,200.38
15,1,SemiSwipe,4,11,7867.5,4,0,0,1,5,0.4421,212.42
15,1,SemiSwipe,6,11,9653.1,6,0,0,0,6,0.4298,160.45
15,1,SemiSwipe,2,12,6524.6,2,0,0,0,2,0.5356,80.86
15,1,SemiSwipe,4,12,8582.9,4,0,0,1,5,0.2731,228.08
15,1,SemiSwipe,6,12,9165.5,7,1,0,0,6,0.1943,175.07
15,1,SemiSwipe,2,13,6737.2,2,0,0,0,2,0.2824,140.17
15,1,SemiSwipe,4,13,9039.4,4,0,0,1,5,0.3122,142.73
15,1,SemiSwipe,6,13,9454.7,6,0,0,1,7,0.397,167.26
15,1,SemiSwipe,2,14,7345.4,2,0,0,0,2,0.2275,175.45
15,1,SemiSwipe,4,14,8722.7,4,0,0,0,4,0.6864,259.35
15,1,SemiSwipe,6,14,10636.6,6,0,0,0,6,0.2884,184.91
15,2,SemiNDH,2,0,5942.6,2,0,0,0,2,0.4031,129.07
15,2,SemiNDH,4,0,9290.2,4,0,0,0,4,0.2417,243.42
15,2,SemiNDH,6,0,8555.0,6,0,0,0,6,0.4608,162.91
15,2,SemiNDH,2,1,6000.1,3,1,0,1,3,0.3845,222.88
15,2,SemiNDH,4,1,8198.1,4,0,0,1,5,0.3924,193.24
15,2,SemiNDH,6,1,8490.1,6,0,0,0,6,0.3374,166.21
15,2,SemiNDH,2,2,5918.4,2,0,0,0,2,0.265,113.72
15,2,SemiNDH,4,2,7439.1,4,0,1,0,3,0.5456,46.52
15,2,SemiNDH,6,2,7938.8,7,1,0,0,6,0.4558,93.75
15,2,SemiNDH,2,3,6461.3,2,0,0,0,2,0.5367,174.86
15,2,SemiNDH,4,3,8304.7,5,1,0,0,4,0.5331,116.88
15,2,SemiNDH,6,3,9783.1,8,2,1,0,5,0.146,173.48
15,2,SemiNDH,2,4,5582.5,3,1,1,0,1,0.3175,241.51
15,2,SemiNDH,4,4,7449.8,4,0,0,0,4,0.3955,165.93
15,2,SemiNDH,6,4,9678.7,7,1,0,0,6,0.3494,198.65
15,2,SemiNDH,2,5,5813.7,2,0,0,0,2,0.6574,148.39
15,2,SemiNDH,4,5,8111.7,5,1,0,1,5,0.2565,183.37
15,2,SemiNDH,6,5,10261.5,7,1,0,0,6,0.3148,145.33
15,2,SemiNDH,2,6,6468.1,3,1,0,1,3,0.5104,139.41
15,2,SemiNDH,4,6,7299.8,5,1,1,0,3,0.1686,115.06
15,2,SemiNDH,6,6,8444.4,6,0,0,0,6,0.1732,178.5
15,2,SemiNDH,2,7,6568.0,2,0,0,1,3,0.4116,141.18
15,2,SemiNDH,4,7,8117.6,4,0,0,0,4,0.4036,221.41
15,2,SemiNDH,6,7,9772.8,7,1,0,0,6,0.2971,210.67
15,2,SemiNDH,2,8,5430.2,2,0,0,0,2,0.4277,112.85
15,2,SemiNDH,4,8,7438.9,5,1,0,0,4,0.1952,175.82
15,2,SemiNDH,6,8,9808.9,7,1,0,0,6,0.4105,106.27
15,2,SemiNDH,2,9,5467.8,2,0,0,1,3,0.7666,88.5
15,2,SemiNDH,4,9,8086.0,4,0,0,0,4,0.3897,113.44
15,2,SemiNDH,6,9,8665.7,6,0,0,1,7,0.4737,245.35
15,2,SemiNDH,2,10,5599.3,2,0,0,0,2,0.2089,130.83
15,2,SemiNDH,4,10,7213.9,5,1,0,0,4,0.3827,178.84
15,2,SemiNDH,6,10,9862.0,8,2,0,1,7,0.5795,116.29
15,2,SemiNDH,2,11,5398.2,2,0,0,0,2,0.5028,201.85
15,2,SemiNDH,4,11,8593.3,4,0,0,0,4,0.6882,238.14
15,2,SemiNDH,6,11,8732.1,7,1,0,0,6,0.3438,151.76
15,2,SemiNDH,2,12,6643.3,2,0,0,0,2,0.5386,190.53
15,2,SemiNDH,4,12,7824.6,5,1,0,0,4,0.5366,161.81
15,2,SemiNDH,6,12,8847.2,6,0,0,1,7,0.2594,204.73
15,2,SemiNDH,2,13,4874.9,2,0,0,0,2,0.5883,184.59
15,2,SemiNDH,4,13,8614.8,5,1,0,0,4,0.2211,245.78
15,2,SemiNDH,6,13,9782.7,6,0,0,0,6,0.5315,167.72
15,2,SemiNDH,2,14,4891.4,2,0,0,0,2,0.2745,107.66
15,2,SemiNDH,4,14,7735.0,4,0,0,1,5,0.4133,162.94
15,2,SemiNDH,6,14,8844.8,6,0,0,0,6,0.3808,214.38
15,3,SemiTilt,2,0,6997.9,3,1,0,0,2,0.5152,126.69
15,3,SemiTilt,4,0,8157.3,5,1,1,0,3,0.394,126.69
15,3,SemiTilt,6,0,9776.9,7,1,0,0,6,0.4738,117.54
15,3,SemiTilt,2,1,6814.2,3,1,0,0,2,0.0999,99.11
15,3,SemiTilt,4,1,7376.3,4,0,0,0,4,0.1428,245.15
15,3,SemiTilt,6,1,10662.8,6,0,0,1,7,0.5514,242.09
15,3,SemiTilt,2,2,7316.0,2,0,0,1,3,0.4314,93.8
15,3,SemiTilt,4,2,9445.0,4,0,0,0,4,0.4156,108.02
15,3,SemiTilt,6,2,10034.8,6,0,0,0,6,0.3725,156.78
15,3,SemiTilt,2,3,7892.9,2,0,0,1,3,0.3572,170.15
15,3,SemiTilt,4,3,8309.2,4,0,0,0,4,0.1721,104.96
15,3,SemiTilt,6,3,9183.8,6,0,1,0,5,0.4771,104.52
15,3,SemiTilt,2,4,6703.4,2,0,0,0,2,0.4461,120.55
15,3,SemiTilt,4,4,7593.8,4,0,0,0,4,0.4708,79.04
15,3,SemiTilt,6,4,9860.5,7,1,0,0,6,0.5637,152.71
15,3,SemiTilt,2,5,6806.6,2,0,0,0,2,0.0915,137.03
15,3,SemiTilt,4,5,9223.9,4,0,0,0,4,0.4896,201.81
15,3,SemiTilt,6,5,10498.5,6,0,0,1,7,0.3255,223.92
15,3,SemiTilt,2,6,7150.5,2,0,0,0,2,0.205,102.69
15,3,SemiTilt,4,6,8630.4,4,0,0,1,5,0.4849,204.58
15,3,SemiTilt,6,6,9489.6,7,1,0,1,7,0.6902,78.8
15,3,SemiTilt,2,7,6659.6,3,1,0,1,3,0.3232,246.44
15,3,SemiTilt,4,7,8988.5,4,0,1,0,3,0.441,133.56
15,3,SemiTilt,6,7,10386.3,6,0,0,0,6,0.1725,123.73
15,3,SemiTilt,2,8,9098.1,2,0,0,0,2,0.3024,246.22
15,3,SemiTilt,4,8,8406.0,5,1,1,0,3,0.4348,150.66
15,3,SemiTilt,6,8,10281.7,6,0,0,0,6,0.6054,165.5
15,3,SemiTilt,2,9,7742.1,2,0,0,0,2,0.2854,181.09
15,3,SemiTilt,4,9,9364.4,4,0,0,0,4,0.4046,271.88
15,3,SemiTilt,6,9,9844.6,6,0,0,0,6,0.3981,107.43
15,3,SemiTilt,2,10,7075.5,2,0,0,0,2,0.49,170.9
15,3,SemiTilt,4,10,8583.1,4,0,2,0,2,0.3754,107.82
15,3,SemiTilt,6,10,9836.6,6,0,0,0,6,0.5463,130.63
15,3,SemiTilt,2,11,7759.3,2,0,0,1,3,0.4893,180.23
15,3,SemiTilt,4,11,7539.2,4,0,0,0,4,0.686,122.12
15,3,SemiTilt,6,11,10215.0,6,0,0,1,7,0.6,137.83
15,3,SemiTilt,2,12,6060.2,2,0,0,0,2,0.3067,209.08
15,3,SemiTilt,4,12,9071.5,5,1,0,0,4,0.2833,161.21
15,3,SemiTilt,6,12,9869.8,6,0,0,1,7,0.5806,137.36
15,3,SemiTilt,2,13,7057.3,2,0,0,0,2,0.3464,96.98
15,3,SemiTilt,4,13,9918.0,4,0,0,0,4,0.7125,164.46
15,3,SemiTilt,6,13,9997.7,6,0,0,0,6,0.7661,59.33
15,3,SemiTilt,2,14,5906.2,2,0,0,0,2,0.5505,133.33
15,3,SemiTilt,4,14,8818.9,4,0,0,0,4,0.6687,181.62
15,3,SemiTilt,6,14,10814.3,6,0,0,1,7,0.209,241.25
15,4,FullDH,2,0,6585.3,2,0,0,1,3,0.3208,140.76
15,4,FullDH,4,0,6430.9,4,0,0,0,4,0.301,176.24
15,4,FullDH,6,0,9533.2,7,1,1,1,6,0.0159,128.52
15,4,FullDH,2,1,6510.2,2,0,0,0,2,0.0882,95.51
15,4,FullDH,4,1,7765.8,4,0,0,0,4,0.4219,166.97
15,4,FullDH,6,1,9127.1,7,1,0,0,6,0.4964,160.81
15,4,FullDH,2,2,5621.6,2,0,0,0,2,0.4721,139.62
15,4,FullDH,4,2,7460.4,4,0,0,1,5,0.4414,170.76
15,4,FullDH,6,2,8225.5,6,0,1,1,6,0.4365,150.35
15,4,FullDH,2,3,6340.7,3,1,0,1,3,0.492,136.82
15,4,FullDH,4,3,9071.2,4,0,0,0,4,0.5021,200.94
15,4,FullDH,6,3,8695.2,7,1,0,0,6,0.4904,160.79
15,4,FullDH,2,4,4764.4,2,0,0,0,2,0.5405,33.74
15,4,FullDH,4,4,8566.5,4,0,0,0,4,0.6221,187.14
15,4,FullDH,6,4,8835.7,6,0,0,0,6,0.3143,140.69
15,4,FullDH,2,5,6742.0,3,1,0,0,2,0.3734,142.3
15,4,FullDH,4,5,7972.4,4,0,0,1,5,0.2216,169.28
15,4,FullDH,6,5,9072.9,6,0,0,1,7,0.4322,153.3
15,4,FullDH,2,6,6438.9,2,0,1,0,1,0.1783,120.72
15,4,FullDH,4,6,7416.1,5,1,0,0,4,0.4272,147.54
15,4,FullDH,6,6,8814.2,6,0,0,0,6,0.3191,176.38
15,4,FullDH,2,7,7170.3,2,0,0,0,2,0.2677,92.68
15,4,FullDH,4,7,8082.0,4,0,0,0,4,0.4361,207.9
15,4,FullDH,6,7,8558.3,6,0,0,1,7,0.4064,96.51
15,4,FullDH,2,8,6304.5,2,0,0,0,2,0.5742,203.38
15,4,FullDH,4,8,7220.6,4,0,0,0,4,0.3569,30.97
15,4,FullDH,6,8,8094.3,6,0,1,0,5,0.3778,151.4
15,4,FullDH,2,9,6017.0,2,0,0,0,2,0.4686,56.19
15,4,FullDH,4,9,7887.3,4,0,0,1,5,0.3412,6.64
15,4,FullDH,6,9,8841.0,6,0,0,0,6,0.3306,280.76
15,4,FullDH,2,10,5779.1,2,0,1,1,2,0.4112,123.65
15,4,FullDH,4,10,7108.0,5,1,0,0,4,0.3512,108.24
15,4,FullDH,6,10,9940.9,7,1,0,0,6,0.5028,106.06
15,4,FullDH,2,11,6793.7,2,0,0,0,2,0.427,93.4
15,4,FullDH,4,11,7387.2,4,0,0,0,4,0.2457,114.03
15,4,FullDH,6,11,7546.0,7,1,0,0,6,0.3633,128.65
15,4,FullDH,2,12,5977.6,2,0,0,1,3,0.3512,127.63
15,4,FullDH,4,12,7939.2,4,0,0,0,4,0.4957,65.71
15,4,FullDH,6,12,9626.9,6,0,0,0,6,0.6442,122.38
15,4,FullDH,2,13,5412.4,2,0,0,0,2,0.2418,173.81
15,4,FullDH,4,13,6598.6,4,0,0,1,5,0.5473,227.57
15,4,FullDH,6,13,8862.7,6,0,0,0,6,0.6086,148.93
15,4,FullDH,2,14,6416.6,2,0,0,0,2,0.5888,227.62
15,4,FullDH,4,14,7344.5,4,0,0,0,4,0.4592,274.02
15,4,FullDH,6,14,9498.2,7,1,1,0,5,0.2892,152.14
16,0,SemiSwipe,2,0,5792.1,2,0,0,0,2,0.0824,264.89
16,0,SemiSwipe,4,0,7433.8,4,0,0,0,4,0.514,126.01
16,0,SemiSwipe,6,0,8563.9,7,1,1,0,5,0.3006,185.46
16,0,SemiSwipe,2,1,5747.9,2,0,1,1,2,0.55,222.88
16,0,SemiSwipe,4,1,7386.7,4,0,0,1,5,0.3555,34.91
16,0,SemiSwipe,6,1,9325.6,6,0,0,0,6,0.5744,116.67
16,0,SemiSwipe,2,2,6182.0,2,0,0,1,3,0.4896,175.83
16,0,SemiSwipe,4,2,7650.8,4,0,0,1,5,0.5114,194.77
16,0,SemiSwipe,6,2,9036.9,6,0,1,0,5,0.2848,168.6
16,0,SemiSwipe,2,3,5515.7,2,0,0,1,3,0.3392,212.75
16,0,SemiSwipe,4,3,6727.9,4,0,0,0,4,0.4092,182.45
16,0,SemiSwipe,6,3,7705.1,6,0,0,0,6,0.419,114.1
16,0,SemiSwipe,2,4,5992.9,2,0,0,0,2,0.2094,189.45
16,0,SemiSwipe,4,4,7649.8,4,0,1,1,4,0.5391,136.03
16,0,SemiSwipe,6,4,8810.0,7,1,0,1,7,0.6669,113.34
16,0,SemiSwipe,2,5,6607.1,2,0,1,0,1,0.3368,49.25
16,0,SemiSwipe,4,5,7856.3,4,0,1,0,3,0.3784,143.41
16,0,SemiSwipe,6,5,8083.0,6,0,1,0,5,0.4406,77.01
16,0,SemiSwipe,2,6,6476.2,2,0,0,0,2,0.3931,147.4
16,0,SemiSwipe,4,6,7112.8,4,0,0,0,4,0.2855,125.26
16,0,SemiSwipe,6,6,7807.0,6,0,0,0,6,0.2323,254.71
16,0,SemiSwipe,2,7,6778.5,2,0,0,0,2,0.5649,213.81
16,0,SemiSwipe,4,7,7267.5,4,0,0,0,4,0.2668,104.61
16,0,SemiSwipe,6,7,8248.9,6,0,0,0,6,0.4639,198.5
16,0,SemiSwipe,2,8,6295.6,2,0,0,0,2,0.3205,245.96
16,0,SemiSwipe,4,8,8370.8,4,0,0,0,4,0.109,89.7
16,0,SemiSwipe,6,8,8123.7,8,2,0,0,6,0.4425,105.99
16,0,SemiSwipe,2,9,6524.4,2,0,0,1,3,0.5861,210.17
16,0,SemiSwipe,4,9,6429.2,4,0,0,0,4,0.3813,113.75
16,0,SemiSwipe,6,9,8158.9,6,0,0,1,7,0.3446,134.62
16,0,SemiSwipe,2,10,6109.8,3,1,0,0,2,0.3123,101.51
16,0,SemiSwipe,4,10,6841.4,5,1,0,0,4,0.4289,314.03
16,0,SemiSwipe,6,10,9146.7,7,1,0,0,6,0.5798,121.98
16,0,SemiSwipe,2,11,6146.9,2,0,0,1,3,0.4458,92.03
16,0,SemiSwipe,4,11,8233.8,5,1,1,0,3,0.5929,46.45
16,0,SemiSwipe,6,11,9344.4,7,1,0,1,7,0.3276,139.81
16,0,SemiSwipe,2,12,5437.7,2,0,0,0,2,0.173,225.62
16,0,SemiSwipe,4,12,6887.0,4,0,0,0,4,0.3392,147.03
16,0,SemiSwipe,6,12,8315.4,7,1,0,0,6,0.051,157.24
16,0,SemiSwipe,2,13,5127.6,2,0,0,1,3,0.4083,127.16
16,0,SemiSwipe,4,13,7752.1,4,0,0,0,4,0.6839,4.4
16,0,SemiSwipe,6,13,8089.3,8,2,0,1,7,0.1449,132.46
16,0,SemiSwipe,2,14,5849.8,2,0,0,1,3,0.6769,152.93
16,0,SemiSwipe,4,14,7293.8,5,1,0,0,4,0.262,143.18
16,0,SemiSwipe,6,14,8675.2,6,0,0,1,7,0.3882,105.53
16,1,SemiTilt,2,0,6488.7,2,0,1,0,1,0.4667,129.47
16,1,SemiTilt,4,0,6813.6,6,2,0,0,4,0.5142,23.21
16,1,SemiTilt,6,0,9355.0,6,0,0,0,6,0.4656,137.12
16,1,SemiTilt,2,1,4828.4,2,0,0,0,2,0.4465,162.44
16,1,SemiTilt,4,1,8281.9,4,0,1,0,3,0.2377,121.84
16,1,SemiTilt,6,1,8560.5,6,0,0,0,6,0.5836,124.77
16,1,SemiTilt,2,2,5856.9,2,0,0,0,2,0.5536,175.64
16,1,SemiTilt,4,2,7333.9,4,0,0,0,4,0.3556,87.33
16,1,SemiTilt,6,2,7999.0,6,0,0,0,6,0.3628,159.54
16,1,SemiTilt,2,3,6219.8,2,0,0,0,2,0.2939,137.83
16,1,SemiTilt,4,3,7772.5,4,0,0,0,4,0.2565,155.9
16,1,SemiTilt,6,3,8907.7,6,0,0,0,6,0.6074,153.2
16,1,SemiTilt,2,4,6556.5,2,0,0,0,2,0.3658,103.99
16,1,SemiTilt,4,4,7770.2,4,0,0,0,4,0.4332,195.03
16,1,SemiTilt,6,4,8088.2,9,3,0,0,6,0.7439,164.35
16,1,SemiTilt,2,5,6298.8,2,0,0,0,2,0.3873,139.13
16,1,SemiTilt,4,5,8709.4,4,0,0,0,4,0.4566,16.54
16,1,SemiTilt,6,5,9165.0,8,2,0,1,7,0.6274,182.76
16,1,SemiTilt,2,6,5157.8,2,0,0,0,2,0.421,162.25
16,1,SemiTilt,4,6,6823.8,4,0,0,1,5,0.264,118.17
16,1,SemiTilt,6,6,8937.1,6,0,0,0,6,0.6517,98.08
16,1,SemiTilt,2,7,5060.3,2,0,0,0,2,0.6071,63.86
16,1,SemiTilt,4,7,7898.7,4,0,0,0,4,0.4097,87.01
16,1,SemiTilt,6,7,9480.1,6,0,0,0,6,0.2439,107.26
16,1,SemiTilt,2,8,5790.7,2,0,0,1,3,0.5601,212.71
16,1,SemiTilt,4,8,7236.5,4,0,0,0,4,0.3981,213.55
16,1,SemiTilt,6,8,8629.3,6,0,0,0,6,0.4744,161.21
16,1,SemiTilt,2,9,6614.9,2,0,0,0,2,0.4256,184.94
16,1,SemiTilt,4,9,8048.3,4,0,0,0,4,0.2883,37.66
16,1,SemiTilt,6,9,8459.7,6,0,0,0,6,0.6433,199.96
16,1,SemiTilt,2,10,6265.0,2,0,2,0,1,0.2742,120.46
16,1,SemiTilt,4,10,8412.4,4,0,0,1,5,0.5042,189.74
16,1,SemiTilt,6,10,9791.3,6,0,0,0,6,0.4807,86.68
16,1,SemiTilt,2,11,6113.9,2,0,0,0,2,0.647,246.96
16,1,SemiTilt,4,11,7031.7,5,1,0,1,5,0.5732,202.22
16,1,SemiTilt,6,11,8286.1,6,0,0,0,6,0.2792,128.49
16,1,SemiTilt,2,12,5909.4,2,0,0,0,2,0.3914,106.13
16,1,SemiTilt,4,12,6621.8,4,0,0,1,5,0.3693,279.71
16,1,SemiTilt,6,12,9211.9,6,0,2,0,4,0.5263,153.13
16,1,SemiTilt,2,13,5726.9,3,1,0,0,2,0.4013,153.9
16,1,SemiTilt,4,13,8642.4,4,0,1,0,3,0.3277,121.7
16,1,SemiTilt,6,13,9452.3,7,1,0,0,6,0.4981,130.57
16,1,SemiTilt,2,14,6923.6,2,0,0,0,2,0.3407,94.92
16,1,SemiTilt,4,14,7646.6,4,0,0,0,4,0.7021,158.39
16,1,SemiTilt,6,14,8366.5,6,0,0,0,6,0.5533,13.79
16,2,SemiDwell,2,0,4824.0,2,0,0,0,2,0.2831,229.29
16,2,SemiDwell,4,0,7146.5,4,0,0,1,5,0.4181,188.12
16,2,SemiDwell,6,0,7842.1,6,0,0,0,6,0.4013,205.71
16,2,SemiDwell,2,1,4662.1,2,0,0,1,3,0.4669,189.11
16,2,SemiDwell,4,1,7048.5,4,0,0,0,4,0.4917,180.81
16,2,SemiDwell,6,1,9383.1,7,1,0,1,7,0.4814,193.77
16,2,SemiDwell,2,2,5327.8,3,1,0,0,2,0.2187,291.9
16,2,SemiDwell,4,2,6257.0,4,0,1,0,3,0.6982,209.17
16,2,SemiDwell,6,2,8757.8,6,0,0,0,6,0.5094,86.09
16,2,SemiDwell,2,3,5901.5,3,1,0,1,3,0.3076,314.64
16,2,SemiDwell,4,3,6545.1,4,0,0,0,4,0.4469,176.68
16,2,SemiDwell,6,3,8515.0,7,1,0,0,6,0.2668,137.39
16,2,SemiDwell,2,4,5822.9,2,0,0,0,2,0.4899,86.46
16,2,SemiDwell,4,4,8014.8,4,0,0,1,5,0.5216,18.37
16,2,SemiDwell,6,4,8230.9,7,1,0,1,7,0.468,173.13
16,2,SemiDwell,2,5,5187.8,2,0,0,0,2,0.259,75.57
16,2,SemiDwell,4,5,7579.6,4,0,0,0,4,0.4193,126.0
16,2,SemiDwell,6,5,8553.8,7,1,0,0,6,0.5614,167.36
16,2,SemiDwell,2,6,6077.7,2,0,1,1,2,0.3775,181.22
16,2,SemiDwell,4,6,6340.0,4,0,0,0,4,0.2769,90.29
16,2,SemiDwell,6,6,7809.3,6,0,1,0,5,0.2771,111.82
16,2,SemiDwell,2,7,5642.8,2,0,0,0,2,0.3556,92.88
16,2,SemiDwell,4,7,7362.9,4,0,0,0,4,0.5211,118.53
16,2,SemiDwell,6,7,8584.9,7,1,0,0,6,0.3606,123.12
16,2,SemiDwell,2,8,5779.1,2,0,0,0,2,0.3788,100.33
16,2,SemiDwell,4,8,6755.9,5,1,0,0,4,0.4997,238.35
16,2,SemiDwell,6,8,9168.7,6,0,1,0,5,0.5888,159.59
16,2,SemiDwell,2,9,5744.4,2,0,0,1,3,0.1638,289.62
16,2,SemiDwell,4,9,7251.4,4,0,0,0,4,0.6545,69.46
16,2,SemiDwell,6,9,8921.0,6,0,0,0,6,0.2219,135.13
16,2,SemiDwell,2,10,4915.3,2,0,0,0,2,0.3957,180.98
16,2,SemiDwell,4,10,6018.9,4,0,0,1,5,0.5928,168.64
16,2,SemiDwell,6,10,8792.5,7,1,0,0,6,0.5696,277.11
16,2,SemiDwell,2,11,5929.3,2,0,0,0,2,0.6184,37.65
16,2,SemiDwell,4,11,7102.2,4,0,0,0,4,0.3173,126.72
16,2,SemiDwell,6,11,9161.9,6,0,0,0,6,0.5036,89.27
16,2,SemiDwell,2,12,5978.7,2,0,0,1,3,0.0359,191.87
16,2,SemiDwell,4,12,6152.3,4,0,0,0,4,0.3685,132.84
16,2,SemiDwell,6,12,8694.3,6,0,0,1,7,0.4749,231.25
16,2,SemiDwell,2,13,6252.0,2,0,0,1,3,0.2684,153.5
16,2,SemiDwell,4,13,7329.0,4,0,0,1,5,0.4503,138.81
16,2,SemiDwell,6,13,7891.2,6,0,0,0,6,0.353,94.56
16,2,SemiDwell,2,14,6707.9,2,0,0,0,2,0.6641,194.35
16,2,SemiDwell,4,14,7176.7,4,0,0,1,5,0.4124,141.49
16,2,SemiDwell,6,14,8143.5,6,0,0,0,6,0.3325,216.2
16,3,FullDH,2,0,4964.8,2,0,0,0,2,0.2174,12.98
16,3,FullDH,4,0,5243.3,4,0,1,1,4,0.5589,139.12
16,3,FullDH,6,0,8415.5,6,0,0,1,7,0.3661,69.14
16,3,FullDH,2,1,4356.4,2,0,0,1,3,0.2496,171.84
16,3,FullDH,4,1,6292.6,4,0,0,0,4,0.0693,158.47
16,3,FullDH,6,1,7004.2,6,0,0,0,6,0.4275,184.89
16,3,FullDH,2,2,5893.0,2,0,1,1,2,0.523,189.8
16,3,FullDH,4,2,7725.4,4,0,0,0,4,0.2722,217.47
16,3,FullDH,6,2,7893.4,6,0,0,0,6,0.4369,104.27
16,3,FullDH,2,3,4695.4,2,0,0,0,2,0.3924,49.09
16,3,FullDH,4,3,7987.9,4,0,0,1,5,0.3495,103.74
16,3,FullDH,6,3,8151.5,6,0,1,0,5,0.5232,170.17
16,3,FullDH,2,4,5606.0,2,0,0,0,2,0.6581,193.72
16,3,FullDH,4,4,7076.0,5,1,0,0,4,0.4497,133.71
16,3,FullDH,6,4,7474.3,6,0,0,0,6,0.2712,128.5
16,3,FullDH,2,5,5377.5,2,0,1,0,1,0.4369,192.19
16,3,FullDH,4,5,8032.5,4,0,0,0,4,0.4065,94.84
16,3,FullDH,6,5,8332.9,6,0,0,1,7,0.4498,154.28
16,3,FullDH,2,6,5262.8,2,0,0,0,2,0.2258,261.02
16,3,FullDH,4,6,6827.1,4,0,0,0,4,0.5473,24.44
16,3,FullDH,6,6,6595.8,6,0,1,0,5,0.4067,133.96
16,3,FullDH,2,7,4432.8,2,0,0,0,2,0.5808,153.57
16,3,FullDH,4,7,6550.4,4,0,0,0,4,0.4521,230.7
16,3,FullDH,6,7,7259.0,6,0,0,0,6,0.0488,179.89
16,3,FullDH,2,8,6167.9,2,0,0,1,3,0.4096,79.19
16,3,FullDH,4,8,7117.2,5,1,0,0,4,0.6102,50.72
16,3,FullDH,6,8,7871.4,7,1,0,0,6,0.4841,63.93
16,3,FullDH,2,9,4717.5,2,0,0,1,3,0.5585,219.68
16,3,FullDH,4,9,6516.8,4,0,0,1,5,0.1058,189.32
16,3,FullDH,6,9,8398.2,6,0,0,0,6,0.2776,110.8
16,3,FullDH,2,10,4008.9,2,0,0,0,2,0.5012,139.63
16,3,FullDH,4,10,6532.2,4,0,0,0,4,0.626,100.57
16,3,FullDH,6,10,7510.6,6,0,0,0,6,0.4309,247.34
16,3,FullDH,2,11,5838.0,2,0,0,0,2,0.3983,127.77
16,3,FullDH,4,11,6618.5,4,0,1,0,3,0.1438,139.42
16,3,FullDH,6,11,7209.4,6,0,0,0,6,0.5761,253.94
16,3,FullDH,2,12,5604.2,2,0,1,0,1,0.2945,103.29
16,3,FullDH,4,12,5876.5,5,1,0,0,4,0.4464,164.03
16,3,FullDH,6,12,9059.4,7,1,1,0,5,0.3738,176.32
16,3,FullDH,2,13,5241.4,2,0,0,0,2,0.187,118.22
16,3,FullDH,4,13,6678.9,4,0,0,0,4,0.3018,207.4
16,3,FullDH,6,13,8120.6,6,0,0,0,6,0.0599,128.38
16,3,FullDH,2,14,5551.1,2,0,0,0,2,0.5097,92.92
16,3,FullDH,4,14,6093.4,4,0,0,1,5,0.4648,141.47
16,3,FullDH,6,14,6791.7,6,0,1,1,6,0.6147,70.38
16,4,SemiNDH,2,0,4406.2,2,0,0,1,3,0.3169,24.36
16,4,SemiNDH,4,0,6886.1,4,0,0,0,4,0.41,140.58
16,4,SemiNDH,6,0,7546.6,6,0,0,0,6,0.3026,64.05
16,4,SemiNDH,2,1,6154.3,2,0,1,0,1,0.1428,215.43
16,4,SemiNDH,4,1,6963.8,4,0,0,0,4,0.3591,52.41
16,4,SemiNDH,6,1,8055.2,6,0,0,0,6,0.5122,153.35
16,4,SemiNDH,2,2,6048.0,2,0,0,0,2,0.273,126.65
16,4,SemiNDH,4,2,7598.0,4,0,1,1,4,0.2362,108.07
16,4,SemiNDH,6,2,8669.6,6,0,0,0,6,0.1965,47.0
16,4,SemiNDH,2,3,6032.8,2,0,0,0,2,0.4421,117.48
16,4,SemiNDH,4,3,7639.5,4,0,0,1,5,0.3954,219.86
16,4,SemiNDH,6,3,8627.7,6,0,0,0,6,0.2842,238.5
16,4,SemiNDH,2,4,5491.0,2,0,1,0,1,0.4044,185.81
16,4,SemiNDH,4,4,6450.4,4,0,0,0,4,0.6035,226.24
16,4,SemiNDH,6,4,7728.4,7,1,0,1,7,0.4261,148.51
16,4,SemiNDH,2,5,6403.1,2,0,0,0,2,0.4855,106.43
16,4,SemiNDH,4,5,6885.0,4,0,0,0,4,0.4981,111.24
16,4,SemiNDH,6,5,8415.2,6,0,0,0,6,0.4615,90.35
16,4,SemiNDH,2,6,4764.0,3,1,0,1,3,0.4018,124.21
16,4,SemiNDH,4,6,7291.3,4,0,0,0,4,0.5568,180.95
16,4,SemiNDH,6,6,7126.7,6,0,0,0,6,0.5829,134.53
16,4,SemiNDH,2,7,5111.6,2,0,0,1,3,0.6655,59.37
16,4,SemiNDH,4,7,6854.6,4,0,1,0,3,0.1498,226.79
16,4,SemiNDH,6,7,7804.5,8,2,0,0,6,0.3815,90.4
16,4,SemiNDH,2,8,5337.5,2,0,0,0,2,0.457,97.87
16,4,SemiNDH,4,8,6328.6,4,0,0,0,4,0.3127,164.1
16,4,SemiNDH,6,8,6950.5,6,0,0,0,6,0.6286,153.06
16,4,SemiNDH,2,9,4463.4,2,0,0,0,2,0.4054,169.32
16,4,SemiNDH,4,9,6847.8,4,0,0,0,4,0.0253,132.9
16,4,SemiNDH,6,9,7405.8,6,0,0,0,6,0.3474,87.79
16,4,SemiNDH,2,10,6016.0,2,0,0,0,2,0.251,74.64
16,4,SemiNDH,4,10,5886.8,4,0,0,0,4,0.413,242.03
16,4,SemiNDH,6,10,7031.3,6,0,0,1,7,0.7036,149.84
16,4,SemiNDH,2,11,5560.5,2,0,0,0,2,0.3696,255.53
16,4,SemiNDH,4,11,8076.3,4,0,1,0,3,0.5337,70.94
16,4,SemiNDH,6,11,7866.0,6,0,0,1,7,0.4783,261.64
16,4,SemiNDH,2,12,6198.7,2,0,0,0,2,0.5526,77.14
16,4,SemiNDH,4,12,6259.9,4,0,1,0,3,0.5962,145.34
16,4,SemiNDH,6,12,7481.4,6,0,0,0,6,0.41,292.84
16,4,SemiNDH,2,13,5648.0,2,0,0,1,3,0.5072,204.41
16,4,SemiNDH,4,13,5953.3,6,2,0,2,6,0.4158,177.05
16,4,SemiNDH,6,13,7710.6,6,0,0,0,6,0.3328,143.44
16,4,SemiNDH,2,14,4776.8,2,0,0,0,2,0.6631,111.48
16,4,SemiNDH,4,14,7285.6,4,0,0,0,4,0.2587,299.12
16,4,SemiNDH,6,14,8734.6,6,0,0,0,6,0.5691,156.96
17,0,SemiTilt,2,0,6074.2,2,0,0,0,2,0.093,87.09
17,0,SemiTilt,4,0,7445.3,5,1,0,0,4,0.3173,153.03
17,0,SemiTilt,6,0,8983.6,7,1,0,0,6,0.2449,125.99
17,0,SemiTilt,2,1,6288.0,2,0,0,1,3,0.3648,98.29
17,0,SemiTilt,4,1,7728.1,4,0,1,0,3,0.5633,149.34
17,0,SemiTilt,6,1,9014.3,6,0,0,0,6,0.5174,144.81
17,0,SemiTilt,2,2,6636.6,2,0,0,0,2,0.3918,56.18
17,0,SemiTilt,4,2,8783.1,4,0,0,0,4,0.4262,105.6
17,0,SemiTilt,6,2,9512.9,6,0,0,0,6,0.1547,115.79
17,0,SemiTilt,2,3,6292.0,2,0,0,0,2,0.3421,163.55
17,0,SemiTilt,4,3,7010.9,4,0,1,0,3,0.4073,154.93
17,0,SemiTilt,6,3,9366.0,6,0,0,0,6,0.1439,140.88
17,0,SemiTilt,2,4,6921.0,2,0,0,0,2,0.4206,162.64
17,0,SemiTilt,4,4,8038.5,5,1,0,1,5,0.3217,122.22
17,0,SemiTilt,6,4,9758.2,7,1,0,0,6,0.3898,54.48
17,0,SemiTilt,2,5,6409.6,2,0,0,0,2,0.3033,135.46
17,0,SemiTilt,4,5,8665.2,4,0,0,1,5,0.2939,234.4
17,0,SemiTilt,6,5,9058.3,6,0,1,1,6,0.3991,170.7
17,0,SemiTilt,2,6,6906.3,3,1,0,0,2,0.7662,244.84
17,0,SemiTilt,4,6,8336.8,4,0,0,0,4,0.4298,211.86
17,0,SemiTilt,6,6,8923.5,6,0,0,0,6,0.3403,21.1
17,0,SemiTilt,2,7,6715.4,2,0,0,0,2,0.1399,110.48
17,0,SemiTilt,4,7,8375.4,4,0,1,0,3,0.4329,148.28
17,0,SemiTilt,6,7,10548.3,7,1,0,0,6,0.4684,88.53
17,0,SemiTilt,2,8,5828.4,2,0,0,0,2,0.3691,231.26
17,0,SemiTilt,4,8,7192.6,4,0,0,0,4,0.5719,161.08
17,0,SemiTilt,6,8,9190.2,6,0,0,0,6,0.2781,224.52
17,0,SemiTilt,2,9,5464.6,2,0,0,0,2,0.443,130.48
17,0,SemiTilt,4,9,8650.9,4,0,0,0,4,0.4707,151.94
17,0,SemiTilt,6,9,9159.2,6,0,2,0,4,0.1055,244.05
17,0,SemiTilt,2,10,7160.1,2,0,0,1,3,0.6771,138.73
17,0,SemiTilt,4,10,7196.3,4,0,0,1,5,0.4094,163.25
17,0,SemiTilt,6,10,8141.7,6,0,0,0,6,0.1962,77.8
17,0,SemiTilt,2,11,6149.2,2,0,0,0,2,0.5891,197.61
17,0,SemiTilt,4,11,7631.0,4,0,0,0,4,0.1757,164.37
17,0,SemiTilt,6,11,10398.0,6,0,0,0,6,0.4723,130.29
17,0,SemiTilt,2,12,7057.8,3,1,0,0,2,0.3594,160.71
17,0,SemiTilt,4,12,8050.2,4,0,1,0,3,0.6842,97.72
17,0,SemiTilt,6,12,9364.9,6,0,0,0,6,0.2598,224.1
17,0,SemiTilt,2,13,7675.5,2,0,0,0,2,0.3962,214.97
17,0,SemiTilt,4,13,7734.7,4,0,0,0,4,0.2448,198.56
17,0,SemiTilt,6,13,8637.9,7,1,0,0,6,0.2357,176.83
17,0,SemiTilt,2,14,6240.5,2,0,0,0,2,0.4276,198.56
17,0,SemiTilt,4,14,8799.2,4,0,0,0,4,0.4313,117.82
17,0,SemiTilt,6,14,10270.3,6,0,0,0,6,0.1878,280.81
17,1,FullDH,2,0,6033.7,2,0,0,0,2,0.2858,67.34
17,1,FullDH,4,0,6994.0,5,1,0,1,5,0.2787,234.72
17,1,FullDH,6,0,8732.4,7,1,0,1,7,0.3937,90.08
17,1,FullDH,2,1,5339.7,2,0,0,0,2,0.4479,179.91
17,1,FullDH,4,1,7871.6,5,1,0,0,4,0.4437,1.13
17,1,FullDH,6,1,7059.0,6,0,0,0,6,0.6505,150.91
17,1,FullDH,2,2,5054.2,2,0,0,1,3,0.4114,227.96
17,1,FullDH,4,2,7119.1,4,0,0,1,5,0.505,83.66
17,1,FullDH,6,2,7866.0,6,0,0,0,6,0.3784,115.26
17,1,FullDH,2,3,5944.0,2,0,0,0,2,0.4596,143.3
17,1,FullDH,4,3,6681.9,4,0,0,0,4,0.2843,153.95
17,1,FullDH,6,3,8057.2,6,0,0,1,7,0.0939,178.46
17,1,FullDH,2,4,5472.1,2,0,0,0,2,0.3075,256.89
17,1,FullDH,4,4,6442.4,4,0,0,0,4,0.32,170.02
17,1,FullDH,6,4,8620.2,7,1,0,0,6,0.1958,83.39
17,1,FullDH,2,5,5926.5,3,1,0,0,2,0.6844,199.98
17,1,FullDH,4,5,6831.3,5,1,1,0,3,0.3263,276.47
17,1,FullDH,6,5,8310.3,6,0,0,0,6,0.0916,110.91
17,1,FullDH,2,6,5814.4,2,0,0,1,3,0.4492,185.24
17,1,FullDH,4,6,6656.5,5,1,1,0,3,0.4471,234.93
17,1,FullDH,6,6,9124.9,6,0,0,0,6,0.2177,63.53
17,1,FullDH,2,7,5606.6,3,1,0,0,2,0.621,171.87
17,1,FullDH,4,7,6515.9,4,0,0,1,5,0.4732,221.93
17,1,FullDH,6,7,8042.9,6,0,1,1,6,0.2725,96.26
17,1,FullDH,2,8,4408.9,2,0,0,0,2,0.4639,92.71
17,1,FullDH,4,8,7013.5,5,1,0,0,4,0.8004,134.31
17,1,FullDH,6,8,7609.5,7,1,0,0,6,0.3925,119.57
17,1,FullDH,2,9,4135.8,2,0,0,1,3,0.3982,201.4
17,1,FullDH,4,9,7395.9,4,0,0,0,4,0.2797,128.86
17,1,FullDH,6,9,7339.2,6,0,0,0,6,0.5251,140.47
17,1,FullDH,2,10,6242.0,2,0,0,0,2,0.4658,167.66
17,1,FullDH,4,10,6252.0,4,0,0,1,5,0.2347,163.4
17,1,FullDH,6,10,8304.3,6,0,0,0,6,0.5616,92.3
17,1,FullDH,2,11,5912.5,2,0,0,1,3,0.3366,132.31
17,1,FullDH,4,11,6678.7,4,0,0,0,4,0.2022,165.15
17,1,FullDH,6,11,7644.5,6,0,0,0,6,0.5668,289.07
17,1,FullDH,2,12,6080.4,2,0,0,0,2,0.36,74.83
17,1,FullDH,4,12,6991.3,4,0,0,0,4,0.4481,125.38
17,1,FullDH,6,12,8846.2,6,0,0,0,6,0.3077,168.38
17,1,FullDH,2,13,5594.8,2,0,0,1,3,0.0624,244.4
17,1,FullDH,4,13,6972.2,4,0,0,0,4,0.6308,185.59
17,1,FullDH,6,13,8128.2,6,0,0,0,6,0.5959,192.74
17,1,FullDH,2,14,5472.0,2,0,0,0,2,0.3364,130.43
17,1,FullDH,4,14,7304.7,4,0,0,0,4,0.3063,252.8
17,1,FullDH,6,14,8396.9,6,0,0,1,7,0.384,171.42
17,2,SemiSwipe,2,0,6205.8,2,0,1,0,1,0.383,169.27
17,2,SemiSwipe,4,0,8425.8,4,0,0,0,4,0.451,176.04
17,2,SemiSwipe,6,0,9028.8,6,0,0,0,6,0.4322,73.63
17,2,SemiSwipe,2,1,5817.7,2,0,0,0,2,0.3465,191.79
17,2,SemiSwipe,4,1,7098.7,5,1,0,0,4,0.5181,107.54
17,2,SemiSwipe,6,1,9081.6,6,0,0,1,7,0.4471,156.44
17,2,SemiSwipe,2,2,6058.6,2,0,0,1,3,0.5044,170.78
17,2,SemiSwipe,4,2,7930.7,4,0,1,0,3,0.4409,97.3
17,2,SemiSwipe,6,2,9562.9,6,0,0,1,7,0.5344,133.16
17,2,SemiSwipe,2,3,6304.1,2,0,0,0,2,0.5765,122.58
17,2,SemiSwipe,4,3,6794.3,4,0,0,0,4,0.2769,196.42
17,2,SemiSwipe,6,3,9032.2,6,0,1,0,5,0.5072,166.8
17,2,SemiSwipe,2,4,6214.8,2,0,0,0,2,0.3538,248.01
17,2,SemiSwipe,4,4,8120.5,4,0,0,1,5,0.2219,115.62
17,2,SemiSwipe,6,4,8856.7,6,0,1,0,5,0.1629,168.26
17,2,SemiSwipe,2,5,6117.1,2,0,0,0,2,0.0594,165.61
17,2,SemiSwipe,4,5,7627.1,4,0,0,1,5,0.2416,71.24
17,2,SemiSwipe,6,5,7632.6,6,0,1,1,6,0.4762,175.29
17,2,SemiSwipe,2,6,6447.2,2,0,0,0,2,0.2701,111.41
17,2,SemiSwipe,4,6,7877.4,4,0,0,0,4,0.4647,55.93
17,2,SemiSwipe,6,6,8993.9,7,1,0,1,7,0.6059,60.48
17,2,SemiSwipe,2,7,6831.8,2,0,0,0,2,0.2378,151.34
17,2,SemiSwipe,4,7,7866.9,4,0,0,0,4,0.3027,100.22
17,2,SemiSwipe,6,7,9630.3,6,0,0,1,7,0.1659,116.11
17,2,SemiSwipe,2,8,6624.6,2,0,0,0,2,0.4673,210.81
17,2,SemiSwipe,4,8,8542.8,4,0,0,0,4,0.289,194.66
17,2,SemiSwipe,6,8,8332.7,6,0,0,0,6,0.3312,184.52
17,2,SemiSwipe,2,9,6456.1,2,0,0,0,2,0.6594,222.37
17,2,SemiSwipe,4,9,7132.4,4,0,0,1,5,0.202,124.37
17,2,SemiSwipe,6,9,9579.2,6,0,0,0,6,0.182,205.85
17,2,SemiSwipe,2,10,7039.1,2,0,0,0,2,0.5125,216.8
17,2,SemiSwipe,4,10,7737.0,4,0,0,0,4,0.3156,115.02
17,2,SemiSwipe,6,10,9122.3,6,0,0,0,6,0.2205,146.48
17,2,SemiSwipe,2,11,6428.1,2,0,1,0,1,0.402,241.68
17,2,SemiSwipe,4,11,8030.1,4,0,0,0,4,0.6265,93.99
17,2,SemiSwipe,6,11,9106.0,7,1,0,1,7,0.299,208.27
17,2,SemiSwipe,2,12,6337.1,2,0,0,0,2,0.3717,155.39
17,2,SemiSwipe,4,12,8047.4,4,0,0,0,4,0.5636,144.29
17,2,SemiSwipe,6,12,8846.5,6,0,0,1,7,0.2291,205.34
17,2,SemiSwipe,2,13,6334.0,3,1,1,1,2,0.4321,107.9
17,2,SemiSwipe,4,13,7466.4,4,0,0,0,4,0.472,257.47
17,2,SemiSwipe,6,13,10164.8,7,1,0,0,6,0.1927,208.61
17,2,SemiSwipe,2,14,6247.8,2,0,0,0,2,0.4051,117.79
17,2,SemiSwipe,4,14,7771.4,4,0,0,0,4,0.6449,195.14
17,2,SemiSwipe,6,14,9043.0,6,0,1,0,5,0.3273,116.81
17,3,SemiNDH,2,0,5826.2,2,0,0,0,2,0.4317,214.04
17,3,SemiNDH,4,0,6696.5,4,0,0,0,4,0.556,188.65
17,3,SemiNDH,6,0,8412.0,6,0,0,0,6,0.4554,214.82
17,3,SemiNDH,2,1,5407.5,2,0,0,0,2,0.4498,45.06
17,3,SemiNDH,4,1,6330.6,5,1,0,0,4,0.5665,161.25
17,3,SemiNDH,6,1,8013.4,7,1,0,0,6,0.3963,227.38
17,3,SemiNDH,2,2,5735.5,3,1,0,0,2,0.375,92.36
17,3,SemiNDH,4,2,6422.3,4,0,0,1,5,0.7552,59.16
17,3,SemiNDH,6,2,8965.3,6,0,0,0,6,0.098,121.88
17,3,SemiNDH,2,3,6486.9,2,0,0,0,2,0.5791,147.91
17,3,SemiNDH,4,3,6822.6,4,0,0,0,4,0.549,2.55
17,3,SemiNDH,6,3,8936.6,6,0,0,1,7,0.3839,141.14
17,3,SemiNDH,2,4,6069.0,2,0,0,0,2,0.32,98.63
17,3,SemiNDH,4,4,5983.9,5,1,0,0,4,0.7598,178.16
17,3,SemiNDH,6,4,8379.0,6,0,1,0,5,0.2637,125.81
17,3,SemiNDH,2,5,4864.6,2,0,0,0,2,0.5367,199.2
17,3,SemiNDH,4,5,7933.9,4,0,0,0,4,0.5134,166.35
17,3,SemiNDH,6,5,8733.2,6,0,0,0,6,0.528,153.45
17,3,SemiNDH,2,6,5409.0,2,0,0,1,3,0.243,196.02
17,3,SemiNDH,4,6,7684.2,5,1,0,0,4,0.3812,127.59
17,3,SemiNDH,6,6,7882.2,6,0,0,0,6,0.6203,148.9
17,3,SemiNDH,2,7,7196.2,3,1,0,0,2,0.5215,113.45
17,3,SemiNDH,4,7,7434.5,5,1,0,1,5,0.4173,124.78
17,3,SemiNDH,6,7,8459.8,6,0,0,0,6,0.4235,191.88
17,3,SemiNDH,2,8,4350.9,2,0,0,1,3,0.8473,106.28
17,3,SemiNDH,4,8,7050.4,4,0,0,0,4,0.4534,198.38
17,3,SemiNDH,6,8,8358.4,6,0,0,1,7,0.6091,138.14
17,3,SemiNDH,2,9,5337.4,2,0,0,1,3,0.4635,245.98
17,3,SemiNDH,4,9,6878.1,4,0,1,0,3,0.3045,103.59
17,3,SemiNDH,6,9,7314.3,6,0,0,0,6,0.3014,124.04
17,3,SemiNDH,2,10,5203.5,3,1,0,1,3,0.3669,34.88
17,3,SemiNDH,4,10,7319.2,4,0,1,0,3,0.5335,88.98
17,3,SemiNDH,6,10,8833.5,6,0,0,0,6,0.1596,139.99
17,3,SemiNDH,2,11,5926.6,2,0,0,1,3,0.431,204.25
17,3,SemiNDH,4,11,6072.6,4,0,0,1,5,0.3689,124.42
17,3,SemiNDH,6,11,7778.6,7,1,0,1,7,0.3497,44.71
17,3,SemiNDH,2,12,4274.6,2,0,0,0,2,0.4258,50.83
17,3,SemiNDH,4,12,6141.0,5,1,1,0,3,0.3564,99.65
17,3,SemiNDH,6,12,8521.9,7,1,1,0,5,0.4078,73.99
17,3,SemiNDH,2,13,5234.1,2,0,1,1,2,0.3888,172.33
17,3,SemiNDH,4,13,7840.5,4,0,0,0,4,0.2868,282.43
17,3,SemiNDH,6,13,9439.7,6,0,0,0,6,0.5663,172.86
17,3,SemiNDH,2,14,5740.4,2,0,0,1,3,0.4445,1.49
17,3,SemiNDH,4,14,7838.8,4,0,0,0,4,0.546,206.97
17,3,SemiNDH,6,14,8323.2,6,0,0,1,7,0.7163,97.07
17,4,SemiDwell,2,0,5582.9,2,0,0,0,2,0.4803,274.9
17,4,SemiDwell,4,0,8139.8,4,0,0,0,4,0.439,203.75
17,4,SemiDwell,6,0,8797.0,6,0,1,0,5,0.4551,168.34
17,4,SemiDwell,2,1,5558.8,2,0,0,1,3,0.3857,164.76
17,4,SemiDwell,4,1,6858.5,5,1,0,0,4,0.725,161.72
17,4,SemiDwell,6,1,8687.7,6,0,0,1,7,0.4115,65.65
17,4,SemiDwell,2,2,5258.5,2,0,1,0,1,0.0491,120.3
17,4,SemiDwell,4,2,7180.5,4,0,0,0,4,0.4058,139.55
17,4,SemiDwell,6,2,9101.4,6,0,0,0,6,0.2963,136.91
17,4,SemiDwell,2,3,5788.8,2,0,0,0,2,0.3188,184.22
17,4,SemiDwell,4,3,6807.1,4,0,0,0,4,0.1363,155.82
17,4,SemiDwell,6,3,9034.1,6,0,0,1,7,0.6284,144.66
17,4,SemiDwell,2,4,5734.3,2,0,0,0,2,0.4407,214.76
17,4,SemiDwell,4,4,7468.3,6,2,0,0,4,0.2727,90.71
17,4,SemiDwell,6,4,9146.6,7,1,0,0,6,0.4879,44.73
17,4,SemiDwell,2,5,6113.5,2,0,0,0,2,0.4437,124.84
17,4,SemiDwell,4,5,7786.8,4,0,0,0,4,0.2822,137.27
17,4,SemiDwell,6,5,9425.4,6,0,0,0,6,0.6441,126.66
17,4,SemiDwell,2,6,5853.1,2,0,0,0,2,0.3873,196.77
17,4,SemiDwell,4,6,8214.5,4,0,0,1,5,0.1404,280.73
17,4,SemiDwell,6,6,7963.3,6,0,1,0,5,0.4097,82.76
17,4,SemiDwell,2,7,6093.1,2,0,0,1,3,0.1669,225.52
17,4,SemiDwell,4,7,6135.0,4,0,0,1,5,0.6234,139.47
17,4,SemiDwell,6,7,7939.1,6,0,0,0,6,0.2803,141.22
17,4,SemiDwell,2,8,4590.7,2,0,0,1,3,0.5575,140.79
17,4,SemiDwell,4,8,7229.9,4,0,0,1,5,0.4464,139.97
17,4,SemiDwell,6,8,9297.5,6,0,0,0,6,0.584,196.34
17,4,SemiDwell,2,9,6745.6,2,0,0,0,2,0.4676,40.99
17,4,SemiDwell,4,9,8335.9,6,2,0,0,4,0.4418,210.41
17,4,SemiDwell,6,9,8411.0,6,0,0,1,7,0.3976,211.77
17,4,SemiDwell,2,10,6394.5,3,1,0,0,2,0.2918,130.22
17,4,SemiDwell,4,10,7832.3,4,0,0,0,4,0.4875,166.56
17,4,SemiDwell,6,10,9522.6,7,1,0,0,6,0.1347,174.32
17,4,SemiDwell,2,11,6510.0,2,0,0,0,2,0.4437,215.35
17,4,SemiDwell,4,11,7083.9,4,0,0,0,4,0.4727,180.65
17,4,SemiDwell,6,11,9743.0,6,0,0,0,6,0.3467,99.26
17,4,SemiDwell,2,12,6811.6,3,1,0,0,2,0.601,178.97
17,4,SemiDwell,4,12,6730.0,4,0,0,0,4,0.3341,229.04
17,4,SemiDwell,6,12,7592.2,6,0,0,1,7,0.4982,176.09
17,4,SemiDwell,2,13,6515.6,2,0,0,1,3,0.4248,107.39
17,4,SemiDwell,4,13,7635.6,4,0,1,0,3,0.2969,105.61
17,4,SemiDwell,6,13,9368.8,6,0,0,0,6,0.5419,182.59
17,4,SemiDwell,2,14,5706.3,2,0,0,0,2,0.1968,192.43
17,4,SemiDwell,4,14,7536.8,4,0,0,0,4,0.1721,236.09
17,4,SemiDwell,6,14,8338.8,6,0,0,0,6,0.0368,20.33
18,0,FullDH,2,0,5831.5,2,0,0,0,2,0.3408,97.71
18,0,FullDH,4,0,8007.3,4,0,0,1,5,0.3922,35.37
18,0,FullDH,6,0,7513.9,6,0,1,0,5,0.3067,185.57
18,0,FullDH,2,1,5079.7,2,0,0,0,2,0.2818,186.38
18,0,FullDH,4,1,7631.2,4,0,1,0,3,0.3213,74.88
18,0,FullDH,6,1,7900.6,6,0,0,0,6,0.255,173.28
18,0,FullDH,2,2,6136.8,2,0,0,0,2,0.3397,97.72
18,0,FullDH,4,2,7224.0,4,0,0,0,4,0.4448,34.85
18,0,FullDH,6,2,8825.5,8,2,0,0,6,0.3219,134.08
18,0,FullDH,2,3,5943.0,3,1,0,0,2,0.2302,163.5
18,0,FullDH,4,3,7569.6,4,0,0,1,5,0.4487,166.05
18,0,FullDH,6,3,8367.1,6,0,2,1,5,0.4705,225.25
18,0,FullDH,2,4,6122.7,2,0,1,0,1,0.5217,81.25
18,0,FullDH,4,4,8330.5,4,0,0,0,4,0.4795,119.37
18,0,FullDH,6,4,8902.0,6,0,0,1,7,0.4236,143.01
18,0,FullDH,2,5,7292.2,2,0,0,0,2,0.5567,128.19
18,0,FullDH,4,5,8669.4,5,1,0,0,4,0.3916,208.36
18,0,FullDH,6,5,7989.8,6,0,1,0,5,0.3255,184.74
18,0,FullDH,2,6,5310.3,2,0,0,0,2,0.3653,207.5
18,0,FullDH,4,6,7347.4,5,1,1,0,3,0.5525,232.55
18,0,FullDH,6,6,7867.7,8,2,0,0,6,0.6465,185.84
18,0,FullDH,2,7,5427.3,3,1,0,1,3,0.3346,157.85
18,0,FullDH,4,7,7713.5,4,0,0,0,4,0.2774,49.4
18,0,FullDH,6,7,9515.1,6,0,0,0,6,0.3405,179.18
18,0,FullDH,2,8,5378.7,2,0,0,0,2,0.1923,191.12
18,0,FullDH,4,8,8319.8,4,0,0,0,4,0.2658,121.2
18,0,FullDH,6,8,9163.3,6,0,0,0,6,0.0296,268.97
18,0,FullDH,2,9,5745.0,2,0,0,1,3,0.3806,107.31
18,0,FullDH,4,9,6749.8,5,1,0,0,4,0.4622,178.97
18,0,FullDH,6,9,8237.6,6,0,0,0,6,0.3441,223.3
18,0,FullDH,2,10,6619.8,2,0,0,0,2,0.1415,207.59
18,0,FullDH,4,10,6481.3,4,0,0,0,4,0.3702,117.6
18,0,FullDH,6,10,8760.4,6,0,1,0,5,0.3555,194.06
18,0,FullDH,2,11,4899.2,2,0,0,0,2,0.3324,250.92
18,0,FullDH,4,11,6538.9,4,0,0,0,4,0.4572,88.16
18,0,FullDH,6,11,8964.9,6,0,0,0,6,0.5817,172.05
18,0,FullDH,2,12,5933.9,2,0,0,1,3,0.2647,95.62
18,0,FullDH,4,12,9416.1,4,0,0,1,5,0.2555,116.66
18,0,FullDH,6,12,8828.5,7,1,0,1,7,0.4087,145.74
18,0,FullDH,2,13,6220.2,2,0,0,0,2,0.5858,193.54
18,0,FullDH,4,13,6698.9,4,0,0,1,5,0.3903,153.29
18,0,FullDH,6,13,8738.4,7,1,0,1,7,0.3169,2.58
18,0,FullDH,2,14,6524.8,3,1,0,1,3,0.2089,37.75
18,0,FullDH,4,14,8194.4,4,0,0,0,4,0.3415,165.32
18,0,FullDH,6,14,8948.2,7,1,0,1,7,0.4892,179.01
18,1,SemiNDH,2,0,7044.3,3,1,0,0,2,0.4407,95.71
18,1,SemiNDH,4,0,7456.8,4,0,0,0,4,0.5219,129.7
18,1,SemiNDH,6,0,9942.2,6,0,0,0,6,0.5179,174.51
18,1,SemiNDH,2,1,7462.4,2,0,0,0,2,0.4302,120.5
18,1,SemiNDH,4,1,6804.1,5,1,0,0,4,0.1885,67.62
18,1,SemiNDH,6,1,9576.8,6,0,0,0,6,0.4168,212.24
18,1,SemiNDH,2,2,6134.5,2,0,0,0,2,0.4307,142.58
18,1,SemiNDH,4,2,8418.9,4,0,0,0,4,0.3694,222.38
18,1,SemiNDH,6,2,9592.7,6,0,0,0,6,0.3787,126.33
18,1,SemiNDH,2,3,7174.4,2,0,0,1,3,0.2524,37.83
18,1,SemiNDH,4,3,6588.9,4,0,0,0,4,0.2981,87.54
18,1,SemiNDH,6,3,8977.2,6,0,0,0,6,0.6316,68.32
18,1,SemiNDH,2,4,6027.9,2,0,0,1,3,0.5334,57.43
18,1,SemiNDH,4,4,7483.3,4,0,0,0,4,0.3736,94.46
18,1,SemiNDH,6,4,8443.4,6,0,0,1,7,0.4644,237.49
18,1,SemiNDH,2,5,6136.6,2,0,0,0,2,0.3886,199.21
18,1,SemiNDH,4,5,7058.2,4,0,1,0,3,0.1978,210.36
18,1,SemiNDH,6,5,9535.0,6,0,0,0,6,0.366,201.35
18,1,SemiNDH,2,6,5180.1,2,0,0,0,2,0.2252,166.89
18,1,SemiNDH,4,6,7521.6,4,0,0,0,4,0.5162,103.24
18,1,SemiNDH,6,6,8789.6,6,0,0,0,6,0.5212,107.03
18,1,SemiNDH,2,7,5932.3,2,0,0,1,3,0.376,154.47
18,1,SemiNDH,4,7,7127.0,5,1,0,0,4,0.3832,274.37
18,1,SemiNDH,6,7,8698.3,6,0,0,1,7,0.3036,111.26
18,1,SemiNDH,2,8,6400.5,2,0,0,0,2,0.2745,240.07
18,1,SemiNDH,4,8,7497.7,5,1,0,0,4,0.2945,129.65
18,1,SemiNDH,6,8,10069.6,6,0,0,0,6,0.6325,205.3
18,1,SemiNDH,2,9,7021.6,2,0,0,0,2,0.4939,286.23
18,1,SemiNDH,4,9,6655.9,4,0,0,0,4,0.0035,160.05
18,1,SemiNDH,6,9,8699.0,7,1,0,0,6,0.4564,49.08
18,1,SemiNDH,2,10,6575.4,2,0,0,0,2,0.5584,113.78
18,1,SemiNDH,4,10,6834.9,4,0,0,1,5,0.1538,107.9
18,1,SemiNDH,6,10,8548.2,6,0,0,0,6,0.3479,193.54
18,1,SemiNDH,2,11,6460.8,2,0,1,0,1,0.5151,68.44
18,1,SemiNDH,4,11,7270.6,4,0,0,0,4,0.3198,197.29
18,1,SemiNDH,6,11,9249.3,8,2,0,0,6,0.5504,229.13
18,1,SemiNDH,2,12,6898.9,2,0,0,0,2,0.2486,192.51
18,1,SemiNDH,4,12,7775.0,4,0,0,0,4,0.4356,160.56
18,1,SemiNDH,6,12,9229.1,6,0,0,0,6,0.3962,233.92
18,1,SemiNDH,2,13,6183.3,2,0,0,0,2,0.4005,173.87
18,1,SemiNDH,4,13,7739.9,4,0,0,1,5,0.1783,155.36
18,1,SemiNDH,6,13,8951.5,6,0,0,0,6,0.3667,223.7
18,1,SemiNDH,2,14,5503.9,2,0,0,0,2,0.2237,216.7
18,1,SemiNDH,4,14,7572.1,5,1,0,0,4,0.4499,109.62
18,1,SemiNDH,6,14,8913.7,6,0,0,0,6,0.4678,124.03
18,2,SemiTilt,2,0,6563.6,2,0,0,1,3,0.3535,144.76
18,2,SemiTilt,4,0,8231.9,5,1,0,0,4,0.2147,117.3
18,2,SemiTilt,6,0,9453.8,6,0,0,0,6,0.3551,136.69
18,2,SemiTilt,2,1,6711.0,2,0,0,1,3,0.3492,296.6
18,2,SemiTilt,4,1,8450.1,4,0,0,1,5,0.4845,183.31
18,2,SemiTilt,6,1,10539.9,6,0,0,0,6,0.4004,198.97
18,2,SemiTilt,2,2,8242.6,2,0,0,1,3,0.0951,63.49
18,2,SemiTilt,4,2,8465.7,4,0,0,1,5,0.5989,104.64
18,2,SemiTilt,6,2,10489.7,6,0,0,0,6,0.3454,124.3
18,2,SemiTilt,2,3,7383.8,2,0,0,1,3,0.4224,82.6
18,2,SemiTilt,4,3,7706.8,4,0,0,0,4,0.2748,160.95
18,2,SemiTilt,6,3,10655.4,6,0,0,0,6,0.538,167.68
18,2,SemiTilt,2,4,7230.3,2,0,0,0,2,0.1663,96.42
18,2,SemiTilt,4,4,7942.3,4,0,0,0,4,0.2149,198.45
18,2,SemiTilt,6,4,9638.8,6,0,0,0,6,0.2966,284.81
18,2,SemiTilt,2,5,6384.0,2,0,0,0,2,0.4095,139.77
18,2,SemiTilt,4,5,8833.0,4,0,0,0,4,0.5996,231.12
18,2,SemiTilt,6,5,10468.4,6,0,0,1,7,0.1345,131.19
18,2,SemiTilt,2,6,6041.9,2,0,0,0,2,0.3426,97.44
18,2,SemiTilt,4,6,8475.7,4,0,0,1,5,0.2594,70.05
18,2,SemiTilt,6,6,9136.4,6,0,1,0,5,0.424,177.41
18,2,SemiTilt,2,7,7847.6,2,0,0,0,2,0.3331,221.9
18,2,SemiTilt,4,7,7219.2,5,1,0,1,5,0.5458,173.43
18,2,SemiTilt,6,7,9699.6,7,1,0,0,6,0.4381,160.21
18,2,SemiTilt,2,8,7737.2,3,1,0,0,2,0.5421,128.61
18,2,SemiTilt,4,8,8497.0,4,0,0,0,4,0.4136,217.43
18,2,SemiTilt,6,8,8859.8,6,0,0,0,6,0.614,185.79
18,2,SemiTilt,2,9,6286.8,2,0,0,1,3,0.2349,225.81
18,2,SemiTilt,4,9,8923.2,4,0,0,0,4,0.5007,187.39
18,2,SemiTilt,6,9,10115.8,7,1,0,1,7,0.1919,146.23
18,2,SemiTilt,2,10,7904.7,2,0,0,0,2,0.3354,84.7
18,2,SemiTilt,4,10,6628.9,4,0,0,0,4,0.3059,189.89
18,2,SemiTilt,6,10,9041.1,6,0,0,0,6,0.4279,208.37
18,2,SemiTilt,2,11,6960.3,2,0,0,1,3,0.1915,66.7
18,2,SemiTilt,4,11,8687.3,4,0,0,1,5,0.5828,224.31
18,2,SemiTilt,6,11,10308.2,6,0,0,1,7,0.5108,125.58
18,2,SemiTilt,2,12,6180.5,2,0,0,0,2,0.2008,235.7
18,2,SemiTilt,4,12,8531.9,4,0,0,0,4,0.3709,85.96
18,2,SemiTilt,6,12,10142.5,6,0,0,0,6,0.4239,101.53
18,2,SemiTilt,2,13,7295.4,2,0,0,0,2,0.3425,61.36
18,2,SemiTilt,4,13,8303.8,4,0,0,1,5,0.6018,174.83
18,2,SemiTilt,6,13,9911.0,6,0,0,0,6,0.3369,180.59
18,2,SemiTilt,2,14,7371.5,2,0,0,0,2,0.4145,56.41
18,2,SemiTilt,4,14,8621.5,4,0,0,0,4,0.2677,43.24
18,2,SemiTilt,6,14,10079.8,6,0,0,0,6,0.6394,216.38
18,3,SemiDwell,2,0,7597.2,2,0,0,1,3,0.5064,202.82
18,3,SemiDwell,4,0,7588.7,4,0,0,1,5,0.5527,160.81
18,3,SemiDwell,6,0,8544.1,6,0,0,1,7,0.2652,143.06
18,3,SemiDwell,2,1,6901.4,2,0,0,1,3,0.3065,166.92
18,3,SemiDwell,4,1,7597.6,4,0,0,0,4,0.2777,78.6
18,3,SemiDwell,6,1,9406.1,6,0,0,0,6,0.3763,218.13
18,3,SemiDwell,2,2,7198.2,3,1,0,1,3,0.5227,164.53
18,3,SemiDwell,4,2,7869.2,5,1,0,0,4,0.5348,122.59
18,3,SemiDwell,6,2,9065.8,6,0,0,0,6,0.2689,79.99
18,3,SemiDwell,2,3,6037.2,2,0,0,0,2,0.3039,89.44
18,3,SemiDwell,4,3,8012.8,5,1,0,0,4,0.3016,56.28
18,3,SemiDwell,6,3,10066.5,6,0,0,1,7,0.3888,44.08
18,3,SemiDwell,2,4,5930.3,2,0,0,1,3,0.3712,118.78
18,3,SemiDwell,4,4,8032.9,4,0,0,1,5,0.2557,124.3
18,3,SemiDwell,6,4,9259.3,6,0,0,0,6,0.4,263.82
18,3,SemiDwell,2,5,6556.6,2,0,0,0,2,0.6702,136.85
18,3,SemiDwell,4,5,7606.9,5,1,0,1,5,0.4783,206.74
18,3,SemiDwell,6,5,8760.9,7,1,1,0,5,0.5684,181.25
18,3,SemiDwell,2,6,6732.6,3,1,0,0,2,0.2703,54.05
18,3,SemiDwell,4,6,7203.5,5,1,0,0,4,0.5584,245.1
18,3,SemiDwell,6,6,8526.9,6,0,0,0,6,0.0894,190.2
18,3,SemiDwell,2,7,6769.9,2,0,0,0,2,0.5542,74.29
18,3,SemiDwell,4,7,7669.7,5,1,0,0,4,0.628,200.92
18,3,SemiDwell,6,7,9548.5,6,0,0,0,6,0.4046,280.15
18,3,SemiDwell,2,8,7350.4,3,1,1,0,1,0.1976,111.79
18,3,SemiDwell,4,8,7489.9,4,0,0,0,4,0.2282,226.51
18,3,SemiDwell,6,8,10286.7,7,1,1,0,5,0.4155,170.72
18,3,SemiDwell,2,9,5620.7,2,0,0,1,3,0.3781,112.29
18,3,SemiDwell,4,9,8427.0,4,0,0,1,5,0.1254,195.75
18,3,SemiDwell,6,9,8135.0,7,1,0,1,7,0.5667,103.92
18,3,SemiDwell,2,10,7067.0,2,0,0,0,2,0.3763,13.3
18,3,SemiDwell,4,10,7789.6,4,0,0,0,4,0.4193,222.69
18,3,SemiDwell,6,10,9323.0,6,0,0,1,7,0.8544,65.77
18,3,SemiDwell,2,11,6886.5,2,0,0,1,3,0.4491,149.93
18,3,SemiDwell,4,11,7913.6,4,0,0,0,4,0.671,89.49
18,3,SemiDwell,6,11,9768.8,6,0,0,1,7,0.2689,240.94
18,3,SemiDwell,2,12,7080.9,2,0,0,0,2,0.3066,182.35
18,3,SemiDwell,4,12,8740.8,4,0,0,0,4,0.256,209.05
18,3,SemiDwell,6,12,9896.6,7,1,0,0,6,0.2379,169.68
18,3,SemiDwell,2,13,6120.5,2,0,0,0,2,0.541,155.47
18,3,SemiDwell,4,13,7871.3,5,1,0,0,4,0.1912,213.58
18,3,SemiDwell,6,13,9884.2,6,0,1,0,5,0.3576,314.13
18,3,SemiDwell,2,14,6482.9,2,0,0,0,2,0.2782,77.0
18,3,SemiDwell,4,14,7282.2,4,0,0,1,5,0.5109,236.09
18,3,SemiDwell,6,14,9304.1,6,0,0,0,6,0.3632,198.9
18,4,SemiSwipe,2,0,6082.7,2,0,0,0,2,0.3292,162.89
18,4,SemiSwipe,4,0,7970.1,4,0,0,0,4,0.3887,187.88
18,4,SemiSwipe,6,0,9529.9,7,1,0,0,6,0.4717,110.01
18,4,SemiSwipe,2,1,6968.3,3,1,0,0,2,0.4375,123.07
18,4,SemiSwipe,4,1,8162.6,4,0,0,0,4,0.5175,198.0
18,4,SemiSwipe,6,1,10514.5,7,1,1,1,6,0.3465,77.23
18,4,SemiSwipe,2,2,7457.8,3,1,0,1,3,0.269,134.78
18,4,SemiSwipe,4,2,7713.0,4,0,0,0,4,0.4464,93.03
18,4,SemiSwipe,6,2,9853.7,7,1,0,1,7,0.4454,97.36
18,4,SemiSwipe,2,3,6647.5,2,0,0,0,2,0.5039,148.15
18,4,SemiSwipe,4,3,7854.8,5,1,0,0,4,0.5055,87.46
18,4,SemiSwipe,6,3,8542.2,7,1,0,1,7,0.2501,140.02
18,4,SemiSwipe,2,4,6588.8,3,1,0,0,2,0.6525,173.21
18,4,SemiSwipe,4,4,8088.2,4,0,0,0,4,0.2896,83.04
18,4,SemiSwipe,6,4,8413.2,7,1,1,0,5,0.4347,124.5
18,4,SemiSwipe,2,5,6863.3,2,0,0,1,3,0.4156,41.78
18,4,SemiSwipe,4,5,6926.6,4,0,0,1,5,0.3283,166.4
18,4,SemiSwipe,6,5,10754.1,6,0,0,1,7,0.6322,196.24
18,4,SemiSwipe,2,6,7031.6,2,0,0,0,2,0.2298,68.57
18,4,SemiSwipe,4,6,7908.2,4,0,0,0,4,0.5998,160.51
18,4,SemiSwipe,6,6,10841.0,8,2,1,0,5,0.3586,112.55
18,4,SemiSwipe,2,7,7128.1,2,0,0,0,2,0.3102,157.11
18,4,SemiSwipe,4,7,7581.1,4,0,1,0,3,0.2788,102.4
18,4,SemiSwipe,6,7,10547.6,6,0,0,1,7,0.5543,121.0
18,4,SemiSwipe,2,8,7152.5,2,0,0,0,2,0.4336,68.69
18,4,SemiSwipe,4,8,8710.9,4,0,1,0,3,0.2907,177.48
18,4,SemiSwipe,6,8,8912.2,6,0,1,0,5,0.3428,159.0
18,4,SemiSwipe,2,9,7590.0,2,0,0,0,2,0.2356,136.97
18,4,SemiSwipe,4,9,7672.5,4,0,0,0,4,0.1792,43.05
18,4,SemiSwipe,6,9,8821.1,6,0,0,0,6,0.3166,126.94
18,4,SemiSwipe,2,10,7053.0,2,0,0,0,2,0.4225,68.27
18,4,SemiSwipe,4,10,8592.9,5,1,0,0,4,0.489,159.15
18,4,SemiSwipe,6,10,10419.9,6,0,1,0,5,0.4613,106.58
18,4,SemiSwipe,2,11,7025.1,2,0,0,0,2,0.8585,8.79
18,4,SemiSwipe,4,11,8608.7,4,0,0,0,4,0.6734,126.38
18,4,SemiSwipe,6,11,10245.5,7,1,1,0,5,0.5523,135.81
18,4,SemiSwipe,2,12,6765.6,2,0,0,0,2,0.4736,78.99
18,4,SemiSwipe,4,12,8448.5,4,0,0,0,4,0.5026,78.48
18,4,SemiSwipe,6,12,9602.9,6,0,1,0,5,0.6485,159.01
18,4,SemiSwipe,2,13,6913.9,2,0,0,0,2,0.145,73.86
18,4,SemiSwipe,4,13,8312.3,4,0,1,1,4,0.3229,224.22
18,4,SemiSwipe,6,13,9958.9,6,0,0,0,6,0.2232,128.62
18,4,SemiSwipe,2,14,6679.6,2,0,0,0,2,0.2779,81.38
18,4,SemiSwipe,4,14,8437.7,4,0,0,0,4,0.458,119.11
18,4,SemiSwipe,6,14,8338.2,7,1,0,0,6,0.2983,90.58
19,0,SemiNDH,2,0,8121.4,3,1,0,1,3,0.3116,174.08
19,0,SemiNDH,4,0,9095.6,4,0,1,1,4,0.3672,143.89
19,0,SemiNDH,6,0,10409.9,6,0,0,0,6,0.2746,104.6
19,0,SemiNDH,2,1,9281.6,2,0,0,0,2,0.5004,300.02
19,0,SemiNDH,4,1,9856.0,5,1,0,1,5,0.4677,212.0
19,0,SemiNDH,6,1,10602.1,6,0,0,0,6,0.437,177.19
19,0,SemiNDH,2,2,7251.5,2,0,0,1,3,0.5208,80.02
19,0,SemiNDH,4,2,9748.6,4,0,0,0,4,0.4619,207.46
19,0,SemiNDH,6,2,9960.0,7,1,0,0,6,0.3338,151.47
19,0,SemiNDH,2,3,8726.7,2,0,1,0,1,0.1904,117.18
19,0,SemiNDH,4,3,9560.0,4,0,0,1,5,0.4974,234.38
19,0,SemiNDH,6,3,10617.8,6,0,0,1,7,0.4328,208.34
19,0,SemiNDH,2,4,8379.5,2,0,0,0,2,0.3953,122.09
19,0,SemiNDH,4,4,9211.7,4,0,0,0,4,0.1756,104.36
19,0,SemiNDH,6,4,10530.5,7,1,0,1,7,0.5672,110.9
19,0,SemiNDH,2,5,8124.4,2,0,0,1,3,0.3294,53.53
19,0,SemiNDH,4,5,9768.9,4,0,0,0,4,0.2278,87.93
19,0,SemiNDH,6,5,11161.1,8,2,0,1,7,0.417,263.91
19,0,SemiNDH,2,6,7998.2,2,0,0,1,3,0.5882,269.36
19,0,SemiNDH,4,6,8623.4,5,1,0,0,4,0.3383,128.99
19,0,SemiNDH,6,6,9939.7,7,1,0,0,6,0.5996,252.41
19,0,SemiNDH,2,7,7655.6,2,0,0,0,2,0.3947,161.54
19,0,SemiNDH,4,7,9524.4,4,0,2,0,2,0.4678,79.0
19,0,SemiNDH,6,7,11020.2,6,0,0,0,6,0.6469,131.79
19,0,SemiNDH,2,8,7247.7,2,0,0,0,2,0.5661,58.36
19,0,SemiNDH,4,8,9726.4,4,0,0,0,4,0.6616,147.21
19,0,SemiNDH,6,8,11176.1,8,2,1,0,5,0.383,259.48
19,0,SemiNDH,2,9,9020.1,2,0,0,0,2,0.3639,33.23
19,0,SemiNDH,4,9,9281.6,4,0,0,0,4,0.4013,128.8
19,0,SemiNDH,6,9,11143.8,6,0,0,1,7,0.4914,90.43
19,0,SemiNDH,2,10,8244.2,3,1,0,1,3,0.6367,175.04
19,0,SemiNDH,4,10,9014.8,4,0,0,1,5,0.5419,163.6
19,0,SemiNDH,6,10,10158.6,6,0,0,0,6,0.2751,206.52
19,0,SemiNDH,2,11,7592.5,2,0,0,0,2,0.5876,226.03
19,0,SemiNDH,4,11,10246.8,4,0,1,1,4,0.1107,236.48
19,0,SemiNDH,6,11,10968.4,8,2,0,0,6,0.5848,61.27
19,0,SemiNDH,2,12,8788.6,2,0,0,0,2,0.5763,166.67
19,0,SemiNDH,4,12,10404.0,4,0,0,0,4,0.2044,102.72
19,0,SemiNDH,6,12,9260.2,6,0,0,0,6,0.2816,197.73
19,0,SemiNDH,2,13,8293.7,2,0,0,0,2,0.4707,165.93
19,0,SemiNDH,4,13,9813.8,4,0,0,0,4,0.4571,148.06
19,0,SemiNDH,6,13,10481.9,6,0,0,1,7,0.3198,175.28
19,0,SemiNDH,2,14,7967.3,2,0,0,1,3,0.2663,118.14
19,0,SemiNDH,4,14,8542.5,4,0,0,0,4,0.2372,205.74
19,0,SemiNDH,6,14,10713.8,8,2,0,0,6,0.3594,169.92
19,1,SemiDwell,2,0,7939.3,2,0,0,0,2,0.5485,147.29
19,1,SemiDwell,4,0,10166.2,4,0,0,0,4,0.2779,109.28
19,1,SemiDwell,6,0,11738.3,6,0,0,1,7,0.1703,109.12
19,1,SemiDwell,2,1,7180.6,3,1,0,0,2,0.2562,36.39
19,1,SemiDwell,4,1,9559.6,4,0,2,0,2,0.4922,91.08
19,1,SemiDwell,6,1,9992.7,6,0,1,0,5,0.4828,103.73
19,1,SemiDwell,2,2,7157.9,2,0,0,0,2,0.3294,110.34
19,1,SemiDwell,4,2,9557.2,4,0,1,1,4,0.1577,109.82
19,1,SemiDwell,6,2,11105.2,6,0,1,0,5,0.1567,200.78
19,1,SemiDwell,2,3,8205.2,2,0,0,0,2,0.5962,57.67
19,1,SemiDwell,4,3,10633.7,5,1,1,1,4,0.3699,175.98
19,1,SemiDwell,6,3,10664.4,6,0,0,1,7,0.4866,159.35
19,1,SemiDwell,2,4,8926.7,2,0,0,0,2,0.238,164.31
19,1,SemiDwell,4,4,9501.7,4,0,0,1,5,0.2312,68.84
19,1,SemiDwell,6,4,10935.4,6,0,0,0,6,0.4766,104.02
19,1,SemiDwell,2,5,8274.2,2,0,0,0,2,0.4414,106.34
19,1,SemiDwell,4,5,9386.1,4,0,0,0,4,0.435,191.8
19,1,SemiDwell,6,5,9905.6,6,0,3,0,3,0.2757,145.36
19,1,SemiDwell,2,6,7957.1,2,0,0,0,2,0.4419,179.31
19,1,SemiDwell,4,6,9349.9,4,0,0,0,4,0.302,172.78
19,1,SemiDwell,6,6,9386.3,7,1,0,1,7,0.4109,114.63
19,1,SemiDwell,2,7,8742.2,2,0,1,1,2,0.0428,163.7
19,1,SemiDwell,4,7,9153.8,4,0,0,0,4,0.3528,114.93
19,1,SemiDwell,6,7,11312.5,6,0,0,1,7,0.6327,165.86
19,1,SemiDwell,2,8,7949.6,2,0,0,0,2,0.4901,95.9
19,1,SemiDwell,4,8,9085.7,4,0,0,0,4,0.3993,196.74
19,1,SemiDwell,6,8,11974.5,6,0,0,0,6,0.5619,137.57
19,1,SemiDwell,2,9,8569.0,2,0,0,0,2,0.7625,267.01
19,1,SemiDwell,4,9,10036.5,4,0,1,0,3,0.4985,47.73
19,1,SemiDwell,6,9,10790.8,6,0,0,0,6,0.0118,62.62
19,1,SemiDwell,2,10,8272.6,2,0,0,0,2,0.0923,178.55
19,1,SemiDwell,4,10,9912.1,4,0,0,0,4,0.2627,155.25
19,1,SemiDwell,6,10,11237.9,6,0,0,0,6,0.5293,111.72
19,1,SemiDwell,2,11,8404.2,2,0,0,0,2,0.2735,245.71
19,1,SemiDwell,4,11,10305.6,4,0,0,0,4,0.3928,159.58
19,1,SemiDwell,6,11,10603.3,6,0,0,0,6,0.256,145.54
19,1,SemiDwell,2,12,8489.0,2,0,0,0,2,0.5141,285.55
19,1,SemiDwell,4,12,9973.2,4,0,0,0,4,0.3642,104.16
19,1,SemiDwell,6,12,11108.9,6,0,1,0,5,0.4775,85.31
19,1,SemiDwell,2,13,8329.2,2,0,0,0,2,0.4322,109.12
19,1,SemiDwell,4,13,9643.6,4,0,0,0,4,0.3176,97.32
19,1,SemiDwell,6,13,10187.1,6,0,0,0,6,0.4967,165.77
19,1,SemiDwell,2,14,8053.5,2,0,0,1,3,0.2161,188.18
19,1,SemiDwell,4,14,9403.7,4,0,0,0,4,0.7561,200.02
19,1,SemiDwell,6,14,9862.5,6,0,0,0,6,0.6239,244.63
19,2,FullDH,2,0,7161.2,2,0,0,0,2,0.5457,143.74
19,2,FullDH,4,0,8983.4,4,0,1,0,3,0.2756,101.34
19,2,FullDH,6,0,10797.7,6,0,0,0,6,0.1362,221.31
19,2,FullDH,2,1,6990.3,2,0,0,0,2,0.3328,261.9
19,2,FullDH,4,1,9963.6,4,0,0,1,5,0.3221,219.42
19,2,FullDH,6,1,10541.4,7,1,0,0,6,0.2538,221.96
19,2,FullDH,2,2,7351.9,2,0,0,0,2,0.5153,132.36
19,2,FullDH,4,2,9228.9,4,0,0,0,4,0.4628,132.2
19,2,FullDH,6,2,10700.7,7,1,0,0,6,0.6377,145.02
19,2,FullDH,2,3,7656.8,3,1,0,0,2,0.4185,166.96
19,2,FullDH,4,3,8665.9,4,0,0,0,4,0.4691,146.3
19,2,FullDH,6,3,10316.7,6,0,0,1,7,0.4497,103.85
19,2,FullDH,2,4,6980.8,2,0,0,0,2,0.4812,163.37
19,2,FullDH,4,4,9107.3,4,0,0,0,4,0.6021,101.58
19,2,FullDH,6,4,10584.1,6,0,0,0,6,0.248,137.03
19,2,FullDH,2,5,7463.3,2,0,0,1,3,0.2533,251.9
19,2,FullDH,4,5,9910.2,4,0,0,0,4,0.1631,82.91
19,2,FullDH,6,5,10239.7,6,0,0,0,6,0.1009,77.29
19,2,FullDH,2,6,8088.0,2,0,0,1,3,0.2652,200.3
19,2,FullDH,4,6,9688.8,4,0,0,0,4,0.3208,162.07
19,2,FullDH,6,6,12358.4,7,1,2,0,4,0.4314,322.17
19,2,FullDH,2,7,7625.4,2,0,0,0,2,0.4309,250.46
19,2,FullDH,4,7,9169.1,4,0,0,0,4,0.4319,133.46
19,2,FullDH,6,7,10184.3,6,0,0,1,7,0.32,172.19
19,2,FullDH,2,8,7495.9,2,0,0,0,2,0.227,205.02
19,2,FullDH,4,8,8473.7,5,1,0,0,4,0.477,188.96
19,2,FullDH,6,8,10182.7,7,1,0,0,6,0.4231,266.67
19,2,FullDH,2,9,6968.0,3,1,0,0,2,0.4488,211.32
19,2,FullDH,4,9,9159.5,4,0,0,1,5,0.4445,150.42
19,2,FullDH,6,9,10643.9,6,0,0,0,6,0.7011,52.23
19,2,FullDH,2,10,8102.5,2,0,0,0,2,0.4544,242.43
19,2,FullDH,4,10,8810.0,4,0,0,0,4,0.4216,95.08
19,2,FullDH,6,10,10201.7,6,0,1,1,6,0.323,125.56
19,2,FullDH,2,11,6916.7,2,0,0,0,2,0.5626,69.73
19,2,FullDH,4,11,9779.7,4,0,0,0,4,0.2903,144.78
19,2,FullDH,6,11,10432.9,7,1,1,0,5,0.3972,167.39
19,2,FullDH,2,12,8646.0,2,0,0,1,3,0.2128,88.57
19,2,FullDH,4,12,9080.5,4,0,2,1,3,0.5836,130.21
19,2,FullDH,6,12,10320.7,6,0,1,0,5,0.2839,117.31
19,2,FullDH,2,13,7253.6,2,0,0,1,3,0.4878,238.46
19,2,FullDH,4,13,10019.8,4,0,0,0,4,0.3093,236.41
19,2,FullDH,6,13,11103.4,6,0,0,0,6,0.3453,210.98
19,2,FullDH,2,14,9020.1,2,0,0,0,2,0.5116,229.34
19,2,FullDH,4,14,10486.8,4,0,0,0,4,0.295,158.49
19,2,FullDH,6,14,10830.1,7,1,0,0,6,0.3521,221.76
19,3,SemiSwipe,2,0,8142.5,2,0,0,0,2,0.2717,97.62
19,3,SemiSwipe,4,0,11148.3,4,0,0,0,4,0.218,64.37
19,3,SemiSwipe,6,0,12242.0,6,0,0,0,6,0.2236,193.88
19,3,SemiSwipe,2,1,8250.3,2,0,0,0,2,0.2142,230.66
19,3,SemiSwipe,4,1,9979.0,4,0,0,0,4,0.6835,97.46
19,3,SemiSwipe,6,1,11874.7,6,0,0,0,6,0.288,214.43
19,3,SemiSwipe,2,2,8290.8,2,0,0,0,2,0.5699,122.35
19,3,SemiSwipe,4,2,8883.7,4,0,0,0,4,0.2219,198.87
19,3,SemiSwipe,6,2,12371.2,6,0,0,0,6,0.2714,167.14
19,3,SemiSwipe,2,3,8707.5,2,0,0,1,3,0.4175,117.34
19,3,SemiSwipe,4,3,9687.8,5,1,0,0,4,0.1919,201.58
19,3,SemiSwipe,6,3,11893.1,6,0,0,0,6,0.3337,118.67
19,3,SemiSwipe,2,4,9792.4,2,0,0,1,3,0.3066,117.37
19,3,SemiSwipe,4,4,9738.6,4,0,0,0,4,0.6425,175.98
19,3,SemiSwipe,6,4,10823.7,7,1,0,0,6,0.6061,210.21
19,3,SemiSwipe,2,5,7762.8,2,0,0,0,2,0.3214,127.1
19,3,SemiSwipe,4,5,8338.1,4,0,0,0,4,0.2656,191.15
19,3,SemiSwipe,6,5,11175.0,6,0,0,1,7,0.6524,85.02
19,3,SemiSwipe,2,6,8821.4,2,0,0,0,2,0.4681,139.99
19,3,SemiSwipe,4,6,10329.8,5,1,0,0,4,0.2687,175.4
19,3,SemiSwipe,6,6,11807.7,7,1,0,0,6,0.2005,222.64
19,3,SemiSwipe,2,7,9000.3,2,0,0,0,2,0.1907,226.35
19,3,SemiSwipe,4,7,10852.5,4,0,0,0,4,0.3019,100.21
19,3,SemiSwipe,6,7,10700.0,6,0,0,1,7,0.4626,168.56
19,3,SemiSwipe,2,8,9081.8,2,0,0,0,2,0.263,164.75
19,3,SemiSwipe,4,8,10333.1,4,0,1,0,3,0.232,150.84
19,3,SemiSwipe,6,8,10037.7,7,1,0,0,6,0.1513,86.59
19,3,SemiSwipe,2,9,8003.1,2,0,0,1,3,0.691,86.59
19,3,SemiSwipe,4,9,10444.9,4,0,1,0,3,0.5503,103.83
19,3,SemiSwipe,6,9,10554.7,7,1,1,0,5,0.5003,223.12
19,3,SemiSwipe,2,10,8454.6,2,0,0,0,2,0.3979,141.81
19,3,SemiSwipe,4,10,10762.5,4,0,0,1,5,0.4476,172.59
19,3,SemiSwipe,6,10,11554.1,6,0,0,1,7,0.247,149.53
19,3,SemiSwipe,2,11,8154.2,2,0,0,0,2,0.2142,29.31
19,3,SemiSwipe,4,11,8524.2,4,0,0,0,4,0.5689,179.12
19,3,SemiSwipe,6,11,11666.7,6,0,0,1,7,0.3258,211.85
19,3,SemiSwipe,2,12,8778.8,2,0,0,0,2,0.1658,151.07
19,3,SemiSwipe,4,12,10151.5,4,0,0,0,4,0.2588,92.66
19,3,SemiSwipe,6,12,11912.8,6,0,1,0,5,0.2167,21.63
19,3,SemiSwipe,2,13,8422.4,3,1,0,0,2,0.2422,79.82
19,3,SemiSwipe,4,13,10007.8,4,0,0,1,5,0.4826,211.69
19,3,SemiSwipe,6,13,11838.6,6,0,0,0,6,0.4227,166.15
19,3,SemiSwipe,2,14,9211.4,2,0,0,1,3,0.4049,30.16
19,3,SemiSwipe,4,14,10279.2,4,0,0,1,5,0.5664,179.35
19,3,SemiSwipe,6,14,11527.9,6,0,0,1,7,0.2628,39.91
19,4,SemiTilt,2,0,8475.7,2,0,0,0,2,0.5264,160.97
19,4,SemiTilt,4,0,10225.8,4,0,0,0,4,0.7139,168.13
19,4,SemiTilt,6,0,11614.4,7,1,0,0,6,0.1227,122.7
19,4,SemiTilt,2,1,9251.8,2,0,0,0,2,0.4224,116.53
19,4,SemiTilt,4,1,11792.3,5,1,0,0,4,0.028,254.03
19,4,SemiTilt,6,1,11945.7,6,0,1,0,5,0.4644,189.48
19,4,SemiTilt,2,2,8048.6,3,1,0,0,2,0.2082,214.17
19,4,SemiTilt,4,2,10349.5,4,0,0,0,4,0.4628,153.92
19,4,SemiTilt,6,2,11090.0,6,0,0,0,6,0.2473,175.01
19,4,SemiTilt,2,3,9260.2,2,0,0,0,2,0.3989,178.76
19,4,SemiTilt,4,3,10378.7,4,0,0,1,5,0.2083,305.14
19,4,SemiTilt,6,3,11837.6,7,1,0,0,6,0.5192,183.04
19,4,SemiTilt,2,4,8638.3,2,0,1,0,1,0.3643,69.09
19,4,SemiTilt,4,4,9806.9,4,0,0,0,4,0.4423,205.81
19,4,SemiTilt,6,4,12378.6,8,2,0,0,6,0.3143,227.49
19,4,SemiTilt,2,5,8935.9,2,0,0,1,3,0.7484,95.73
19,4,SemiTilt,4,5,9915.4,4,0,0,0,4,0.2926,60.99
19,4,SemiTilt,6,5,12208.8,6,0,1,1,6,0.4985,217.55
19,4,SemiTilt,2,6,7967.2,2,0,0,0,2,0.3936,133.26
19,4,SemiTilt,4,6,9290.4,4,0,0,0,4,0.4619,120.29
19,4,SemiTilt,6,6,10676.9,6,0,0,0,6,0.383,160.35
19,4,SemiTilt,2,7,7780.9,2,0,0,0,2,0.6178,95.06
19,4,SemiTilt,4,7,9639.3,4,0,0,0,4,0.399,91.19
19,4,SemiTilt,6,7,11285.7,6,0,1,1,6,0.4055,79.39
19,4,SemiTilt,2,8,8190.4,2,0,0,0,2,0.2343,51.54
19,4,SemiTilt,4,8,9412.6,4,0,0,0,4,0.5754,109.46
19,4,SemiTilt,6,8,11904.4,6,0,0,0,6,0.2466,147.85
19,4,SemiTilt,2,9,8522.7,3,1,0,0,2,0.2395,277.52
19,4,SemiTilt,4,9,11148.4,4,0,0,1,5,0.4432,107.35
19,4,SemiTilt,6,9,11135.1,6,0,0,0,6,0.4801,127.94
19,4,SemiTilt,2,10,8021.4,2,0,0,0,2,0.3444,174.18
19,4,SemiTilt,4,10,10865.4,4,0,1,0,3,0.4103,41.05
19,4,SemiTilt,6,10,10950.7,7,1,0,0,6,0.3878,119.58
19,4,SemiTilt,2,11,8579.0,2,0,0,0,2,0.1816,159.13
19,4,SemiTilt,4,11,9849.1,4,0,1,0,3,0.1354,262.18
19,4,SemiTilt,6,11,11540.4,7,1,0,1,7,0.1254,189.53
19,4,SemiTilt,2,12,9327.2,2,0,0,0,2,0.4544,155.35
19,4,SemiTilt,4,12,10166.2,4,0,0,0,4,0.6956,114.74
19,4,SemiTilt,6,12,11764.8,6,0,0,1,7,0.1859,209.42
19,4,SemiTilt,2,13,8968.0,2,0,1,0,1,0.382,102.69
19,4,SemiTilt,4,13,10013.2,4,0,0,1,5,0.2307,277.1
19,4,SemiTilt,6,13,11792.4,7,1,0,1,7,0.5593,127.63
19,4,SemiTilt,2,14,9089.3,2,0,0,0,2,0.3207,175.62
19,4,SemiTilt,4,14,10817.8,5,1,0,0,4,0.5731,246.69
19,4,SemiTilt,6,14,11576.3,6,0,0,0,6,0.5704,117.23
20,0,FullDH,2,0,8663.7,2,0,0,0,2,0.1813,180.74
20,0,FullDH,4,0,8435.3,4,0,0,1,5,0.4619,66.99
20,0,FullDH,6,0,10393.4,6,0,0,0,6,0.3944,84.33
20,0,FullDH,2,1,7523.6,2,0,0,0,2,0.5554,122.27
20,0,FullDH,4,1,9765.2,4,0,0,0,4,0.2323,148.06
20,0,FullDH,6,1,11642.6,6,0,1,0,5,0.2425,207.22
20,0,FullDH,2,2,7902.1,2,0,0,1,3,0.5905,179.74
20,0,FullDH,4,2,9313.6,4,0,0,0,4,0.614,228.85
20,0,FullDH,6,2,11655.1,6,0,2,0,4,0.2535,130.77
20,0,FullDH,2,3,7810.1,2,0,0,0,2,0.3951,171.05
20,0,FullDH,4,3,9094.1,4,0,0,0,4,0.0326,264.11
20,0,FullDH,6,3,11373.5,6,0,0,0,6,0.3922,89.84
20,0,FullDH,2,4,8026.4,2,0,0,0,2,0.3855,179.27
20,0,FullDH,4,4,8490.4,4,0,0,0,4,0.1177,179.54
20,0,FullDH,6,4,10508.6,7,1,0,0,6,0.2029,180.76
20,0,FullDH,2,5,8128.0,2,0,0,0,2,0.3537,155.54
20,0,FullDH,4,5,9435.0,4,0,0,0,4,0.5314,110.72
20,0,FullDH,6,5,10391.6,6,0,0,1,7,0.4852,77.76
20,0,FullDH,2,6,7579.0,3,1,0,0,2,0.7772,180.41
20,0,FullDH,4,6,9275.7,4,0,0,0,4,0.2874,188.26
20,0,FullDH,6,6,10602.7,7,1,0,0,6,0.3856,157.33
20,0,FullDH,2,7,8116.1,2,0,0,0,2,0.4171,227.58
20,0,FullDH,4,7,8870.8,4,0,1,0,3,0.1629,85.5
20,0,FullDH,6,7,10082.9,8,2,1,0,5,0.4492,161.52
20,0,FullDH,2,8,7732.6,2,0,0,0,2,0.5291,173.95
20,0,FullDH,4,8,9721.8,4,0,0,0,4,0.3963,98.8
20,0,FullDH,6,8,11667.9,6,0,0,0,6,0.6641,113.17
20,0,FullDH,2,9,8091.7,2,0,0,0,2,0.4625,94.53
20,0,FullDH,4,9,10449.5,4,0,1,0,3,0.5225,236.01
20,0,FullDH,6,9,11694.6,6,0,0,1,7,0.3178,154.97
20,0,FullDH,2,10,8276.5,4,2,0,0,2,0.4855,177.28
20,0,FullDH,4,10,9067.4,4,0,0,0,4,0.8485,35.43
20,0,FullDH,6,10,9266.0,7,1,0,0,6,0.4546,127.74
20,0,FullDH,2,11,8178.0,2,0,0,0,2,0.4479,106.74
20,0,FullDH,4,11,9241.5,4,0,0,0,4,0.5212,213.88
20,0,FullDH,6,11,9937.5,7,1,0,1,7,0.5747,233.64
20,0,FullDH,2,12,8347.3,2,0,0,0,2,0.5174,114.83
20,0,FullDH,4,12,10871.0,4,0,1,0,3,0.4372,262.86
20,0,FullDH,6,12,10286.2,6,0,0,0,6,0.3925,119.94
20,0,FullDH,2,13,7724.0,2,0,0,0,2,0.5273,92.7
20,0,FullDH,4,13,9047.0,4,0,0,0,4,0.1034,179.71
20,0,FullDH,6,13,10568.1,7,1,0,0,6,0.2945,75.9
20,0,FullDH,2,14,8175.2,2,0,0,1,3,0.5267,82.78
20,0,FullDH,4,14,9262.0,6,2,0,0,4,0.6748,160.46
20,0,FullDH,6,14,10785.3,7,1,0,1,7,0.3927,107.34
20,1,SemiTilt,2,0,8431.3,2,0,0,0,2,0.2275,170.23
20,1,SemiTilt,4,0,9938.8,4,0,0,0,4,0.4128,219.81
20,1,SemiTilt,6,0,11654.6,6,0,0,0,6,0.5349,139.08
20,1,SemiTilt,2,1,8146.7,2,0,0,0,2,0.307,134.62
20,1,SemiTilt,4,1,10650.6,4,0,0,0,4,0.226,168.86
20,1,SemiTilt,6,1,11504.7,6,0,0,0,6,0.4479,45.58
20,1,SemiTilt,2,2,8578.8,2,0,0,0,2,0.4682,126.08
20,1,SemiTilt,4,2,11369.4,4,0,0,0,4,0.3183,48.59
20,1,SemiTilt,6,2,10837.3,6,0,0,0,6,0.6393,115.25
20,1,SemiTilt,2,3,8616.3,2,0,0,0,2,0.3993,43.11
20,1,SemiTilt,4,3,8949.3,4,0,0,0,4,0.6382,110.91
20,1,SemiTilt,6,3,12388.6,6,0,0,1,7,0.2102,121.96
20,1,SemiTilt,2,4,8496.7,2,0,0,0,2,0.2443,144.85
20,1,SemiTilt,4,4,10771.8,4,0,0,0,4,0.3453,103.27
20,1,SemiTilt,6,4,11476.4,6,0,0,0,6,0.5008,163.07
20,1,SemiTilt,2,5,7940.4,2,0,0,0,2,0.0418,194.62
20,1,SemiTilt,4,5,9933.9,4,0,0,0,4,0.4334,155.94
20,1,SemiTilt,6,5,12096.5,6,0,0,0,6,0.1176,151.7
20,1,SemiTilt,2,6,9048.9,2,0,0,1,3,0.2928,72.76
20,1,SemiTilt,4,6,10193.1,5,1,0,1,5,0.3562,101.48
20,1,SemiTilt,6,6,11513.0,6,0,0,0,6,0.279,149.97
20,1,SemiTilt,2,7,9271.6,2,0,0,0,2,0.4039,112.87
20,1,SemiTilt,4,7,11060.5,4,0,0,0,4,0.6238,80.53
20,1,SemiTilt,6,7,10638.4,6,0,1,1,6,0.5165,203.95
20,1,SemiTilt,2,8,10514.4,2,0,0,1,3,0.4596,243.8
20,1,SemiTilt,4,8,10629.7,4,0,0,0,4,0.5308,229.37
20,1,SemiTilt,6,8,12218.7,7,1,0,0,6,0.2817,198.12
20,1,SemiTilt,2,9,9452.3,3,1,0,0,2,0.2487,10.38
20,1,SemiTilt,4,9,10203.2,4,0,0,0,4,0.6221,138.16
20,1,SemiTilt,6,9,11448.5,7,1,0,0,6,0.4814,152.61
20,1,SemiTilt,2,10,8290.6,2,0,1,0,1,0.5293,143.23
20,1,SemiTilt,4,10,11003.4,4,0,0,0,4,0.6331,8.95
20,1,SemiTilt,6,10,11297.1,6,0,0,1,7,0.5817,124.07
20,1,SemiTilt,2,11,9333.0,2,0,0,0,2,0.6237,129.83
20,1,SemiTilt,4,11,10371.2,4,0,0,1,5,0.6008,195.21
20,1,SemiTilt,6,11,12642.2,7,1,0,1,7,0.3561,186.42
20,1,SemiTilt,2,12,8553.9,2,0,0,0,2,0.5359,47.87
20,1,SemiTilt,4,12,10542.7,4,0,0,0,4,0.4928,118.16
20,1,SemiTilt,6,12,12096.6,6,0,0,0,6,0.5793,23.23
20,1,SemiTilt,2,13,9391.0,2,0,0,0,2,0.2913,56.44
20,1,SemiTilt,4,13,11288.2,4,0,0,1,5,0.2852,190.26
20,1,SemiTilt,6,13,11681.1,6,0,0,1,7,0.6025,185.69
20,1,SemiTilt,2,14,9138.4,2,0,0,0,2,0.5956,97.81
20,1,SemiTilt,4,14,9250.4,4,0,0,0,4,0.574,141.53
20,1,SemiTilt,6,14,11060.5,6,0,0,0,6,0.4937,109.91
20,2,SemiNDH,2,0,7225.1,2,0,0,0,2,0.3347,275.54
20,2,SemiNDH,4,0,8346.1,4,0,0,0,4,0.2733,174.9
20,2,SemiNDH,6,0,9878.9,6,0,0,0,6,0.5873,164.12
20,2,SemiNDH,2,1,8714.5,2,0,0,0,2,0.3647,110.14
20,2,SemiNDH,4,1,8973.1,4,0,0,1,5,0.5253,164.82
20,2,SemiNDH,6,1,10914.8,6,0,0,0,6,0.383,124.27
20,2,SemiNDH,2,2,8030.5,2,0,0,0,2,0.2779,151.31
20,2,SemiNDH,4,2,8393.8,4,0,0,0,4,0.4437,35.46
20,2,SemiNDH,6,2,10163.5,6,0,0,0,6,0.6738,184.46
20,2,SemiNDH,2,3,8220.0,2,0,0,0,2,0.332,157.02
20,2,SemiNDH,4,3,9176.3,4,0,0,0,4,0.4167,43.67
20,2,SemiNDH,6,3,11244.1,6,0,0,0,6,0.5117,144.26
20,2,SemiNDH,2,4,8248.4,2,0,0,0,2,0.5076,140.87
20,2,SemiNDH,4,4,8577.6,4,0,0,0,4,0.1471,84.85
20,2,SemiNDH,6,4,11300.2,7,1,0,0,6,0.3451,169.24
20,2,SemiNDH,2,5,8183.2,2,0,0,0,2,0.483,116.83
20,2,SemiNDH,4,5,9999.1,4,0,0,0,4,0.5814,62.03
20,2,SemiNDH,6,5,10323.6,6,0,1,0,5,0.4218,116.65
20,2,SemiNDH,2,6,7958.7,2,0,0,0,2,0.3134,183.43
20,2,SemiNDH,4,6,10145.7,5,1,0,0,4,0.2398,187.1
20,2,SemiNDH,6,6,10810.6,6,0,0,1,7,0.2405,107.24
20,2,SemiNDH,2,7,8363.9,2,0,0,0,2,0.5206,170.83
20,2,SemiNDH,4,7,9585.4,4,0,0,1,5,0.3475,174.08
20,2,SemiNDH,6,7,10985.5,6,0,0,1,7,0.4971,85.88
20,2,SemiNDH,2,8,9828.8,2,0,0,1,3,0.1932,167.07
20,2,SemiNDH,4,8,9514.6,5,1,0,0,4,0.5627,152.45
20,2,SemiNDH,6,8,10767.9,7,1,0,1,7,0.4333,196.47
20,2,SemiNDH,2,9,8245.3,2,0,0,0,2,0.5029,17.28
20,2,SemiNDH,4,9,8962.4,4,0,1,0,3,0.371,165.3
20,2,SemiNDH,6,9,10791.6,6,0,0,0,6,0.4952,251.48
20,2,SemiNDH,2,10,7733.1,2,0,0,1,3,0.5112,111.4
20,2,SemiNDH,4,10,9982.5,5,1,0,0,4,0.5845,147.35
20,2,SemiNDH,6,10,10967.2,6,0,0,1,7,0.4575,154.27
20,2,SemiNDH,2,11,8162.4,2,0,0,1,3,0.4152,147.3
20,2,SemiNDH,4,11,10646.4,4,0,0,0,4,0.3528,80.84
20,2,SemiNDH,6,11,10298.0,6,0,0,0,6,0.1978,159.33
20,2,SemiNDH,2,12,7819.3,2,0,0,1,3,0.3219,160.29
20,2,SemiNDH,4,12,10424.1,4,0,1,0,3,0.3496,153.26
20,2,SemiNDH,6,12,11039.4,6,0,1,0,5,0.5545,259.88
20,2,SemiNDH,2,13,7867.9,2,0,0,1,3,0.2125,158.08
20,2,SemiNDH,4,13,10229.2,5,1,0,0,4,0.4808,236.07
20,2,SemiNDH,6,13,10763.8,6,0,1,1,6,0.3024,185.85
20,2,SemiNDH,2,14,8280.5,2,0,0,1,3,0.2842,185.91
20,2,SemiNDH,4,14,9010.5,4,0,0,0,4,0.7266,210.32
20,2,SemiNDH,6,14,11020.9,7,1,0,1,7,0.3853,183.38
20,3,SemiSwipe,2,0,9093.4,2,0,0,0,2,0.4353,211.6
20,3,SemiSwipe,4,0,11268.3,5,1,1,1,4,0.317,210.24
20,3,SemiSwipe,6,0,12193.6,6,0,0,1,7,0.5413,165.25
20,3,SemiSwipe,2,1,7800.6,2,0,1,0,1,0.6033,102.03
20,3,SemiSwipe,4,1,9815.8,5,1,0,0,4,0.3507,162.58
20,3,SemiSwipe,6,1,10543.6,6,0,0,0,6,0.4059,138.21
20,3,SemiSwipe,2,2,7898.7,2,0,0,0,2,0.0615,197.56
20,3,SemiSwipe,4,2,9785.4,4,0,0,1,5,0.4982,101.76
20,3,SemiSwipe,6,2,11675.0,8,2,1,0,5,0.2784,197.36
20,3,SemiSwipe,2,3,8298.0,3,1,0,0,2,0.5844,216.53
20,3,SemiSwipe,4,3,10001.6,4,0,0,0,4,0.2342,211.04
20,3,SemiSwipe,6,3,11075.1,6,0,0,0,6,0.3156,138.34
20,3,SemiSwipe,2,4,9265.9,3,1,0,0,2,0.3734,223.45
20,3,SemiSwipe,4,4,9920.1,4,0,0,0,4,0.3418,145.47
20,3,SemiSwipe,6,4,10415.4,6,0,0,0,6,0.1125,79.13
20,3,SemiSwipe,2,5,9091.3,2,0,0,0,2,0.407,149.8
20,3,SemiSwipe,4,5,9860.0,5,1,0,1,5,0.1819,173.64
20,3,SemiSwipe,6,5,11515.8,6,0,0,0,6,0.6015,142.38
20,3,SemiSwipe,2,6,7293.0,2,0,0,0,2,0.4409,231.32
20,3,SemiSwipe,4,6,9979.7,5,1,0,0,4,0.3631,37.0
20,3,SemiSwipe,6,6,10998.8,6,0,1,0,5,0.385,85.53
20,3,SemiSwipe,2,7,9976.7,2,0,0,0,2,0.2206,181.94
20,3,SemiSwipe,4,7,9215.5,4,0,1,1,4,0.5319,102.75
20,3,SemiSwipe,6,7,10504.2,7,1,0,0,6,0.4005,115.97
20,3,SemiSwipe,2,8,7723.5,2,0,0,0,2,0.2458,64.22
20,3,SemiSwipe,4,8,10045.8,4,0,0,0,4,0.3996,12.39
20,3,SemiSwipe,6,8,11140.9,6,0,0,0,6,0.3686,105.04
20,3,SemiSwipe,2,9,9400.0,2,0,0,0,2,0.4216,58.81
20,3,SemiSwipe,4,9,9646.9,4,0,0,1,5,0.6064,218.49
20,3,SemiSwipe,6,9,11451.1,6,0,2,0,4,0.5466,208.39
20,3,SemiSwipe,2,10,8185.2,2,0,0,1,3,0.4327,218.28
20,3,SemiSwipe,4,10,10168.5,4,0,0,0,4,0.6225,188.5
20,3,SemiSwipe,6,10,11436.2,6,0,0,1,7,0.378,33.36
20,3,SemiSwipe,2,11,9271.6,2,0,0,1,3,0.4969,239.72
20,3,SemiSwipe,4,11,9960.7,4,0,0,1,5,0.5037,26.18
20,3,SemiSwipe,6,11,10005.5,6,0,0,0,6,0.4441,108.7
20,3,SemiSwipe,2,12,9130.5,2,0,0,1,3,0.3917,284.88
20,3,SemiSwipe,4,12,9791.4,4,0,0,0,4,0.2291,118.83
20,3,SemiSwipe,6,12,12053.9,7,1,0,0,6,0.3604,100.44
20,3,SemiSwipe,2,13,8547.8,3,1,0,0,2,0.516,116.75
20,3,SemiSwipe,4,13,10714.4,4,0,0,0,4,0.299,80.69
20,3,SemiSwipe,6,13,11612.8,6,0,0,0,6,0.4869,130.48
20,3,SemiSwipe,2,14,8366.6,2,0,0,0,2,0.6332,114.19
20,3,SemiSwipe,4,14,9760.1,4,0,0,0,4,0.0418,107.03
20,3,SemiSwipe,6,14,11881.1,6,0,0,0,6,0.4306,203.96
20,4,SemiDwell,2,0,8475.5,2,0,0,0,2,0.5667,7.11
20,4,SemiDwell,4,0,8886.4,6,2,1,1,4,0.1901,188.51
20,4,SemiDwell,6,0,11585.4,6,0,2,0,4,0.3966,225.07
20,4,SemiDwell,2,1,9141.6,2,0,0,1,3,0.3577,286.7
20,4,SemiDwell,4,1,9843.0,5,1,1,1,4,0.003,199.01
20,4,SemiDwell,6,1,11377.2,7,1,0,1,7,0.5206,43.92
20,4,SemiDwell,2,2,7424.2,2,0,0,1,3,0.4395,195.69
20,4,SemiDwell,4,2,8811.8,4,0,0,0,4,0.2674,84.78
20,4,SemiDwell,6,2,11638.9,7,1,0,0,6,0.2331,164.17
20,4,SemiDwell,2,3,8624.1,2,0,0,1,3,0.426,89.55
20,4,SemiDwell,4,3,9564.3,5,1,1,0,3,0.2531,69.24
20,4,SemiDwell,6,3,9773.4,6,0,1,0,5,0.5361,110.46
20,4,SemiDwell,2,4,8408.0,2,0,0,0,2,0.4982,111.51
20,4,SemiDwell,4,4,11070.9,4,0,0,1,5,0.33,197.59
20,4,SemiDwell,6,4,10844.0,7,1,1,0,5,0.3298,62.33
20,4,SemiDwell,2,5,9298.5,3,1,0,1,3,0.3663,57.35
20,4,SemiDwell,4,5,8711.4,4,0,0,0,4,0.3235,181.42
20,4,SemiDwell,6,5,10827.6,6,0,0,0,6,0.3806,105.18
20,4,SemiDwell,2,6,9280.0,2,0,0,0,2,0.3372,186.46
20,4,SemiDwell,4,6,9612.1,4,0,0,0,4,0.4132,143.14
20,4,SemiDwell,6,6,10596.7,6,0,0,0,6,0.3645,131.45
20,4,SemiDwell,2,7,9121.4,2,0,0,1,3,0.4724,117.44
20,4,SemiDwell,4,7,9887.3,4,0,1,0,3,0.0785,108.27
20,4,SemiDwell,6,7,11096.9,7,1,0,0,6,0.4312,112.98
20,4,SemiDwell,2,8,7944.1,2,0,0,0,2,0.4562,111.64
20,4,SemiDwell,4,8,11036.3,4,0,0,0,4,0.5997,168.34
20,4,SemiDwell,6,8,12581.0,6,0,1,1,6,0.318,162.27
20,4,SemiDwell,2,9,8340.7,2,0,0,1,3,0.4027,175.28
20,4,SemiDwell,4,9,9553.0,4,0,1,0,3,0.3234,166.33
20,4,SemiDwell,6,9,10635.9,6,0,0,0,6,0.4461,116.93
20,4,SemiDwell,2,10,7232.7,2,0,0,0,2,0.5705,156.19
20,4,SemiDwell,4,10,10127.4,5,1,0,0,4,0.3614,157.27
20,4,SemiDwell,6,10,11488.7,6,0,1,0,5,0.3979,98.31
20,4,SemiDwell,2,11,8529.4,2,0,0,0,2,0.5202,109.56
20,4,SemiDwell,4,11,9862.1,4,0,0,0,4,0.5115,326.82
20,4,SemiDwell,6,11,10743.2,6,0,0,0,6,0.4194,67.0
20,4,SemiDwell,2,12,7797.0,2,0,0,0,2,0.6262,120.14
20,4,SemiDwell,4,12,8873.5,4,0,0,0,4,0.3564,35.2
20,4,SemiDwell,6,12,11163.4,6,0,0,0,6,0.1692,115.14
20,4,SemiDwell,2,13,7630.9,3,1,0,0,2,0.438,107.41
20,4,SemiDwell,4,13,9808.8,4,0,0,0,4,0.7078,44.04
20,4,SemiDwell,6,13,11480.4,6,0,0,0,6,0.4069,163.69
20,4,SemiDwell,2,14,8748.6,2,0,0,0,2,0.8177,115.82
20,4,SemiDwell,4,14,9241.8,4,0,0,1,5,0.4108,81.78
20,4,SemiDwell,6,14,11510.4,7,1,0,0,6,0.4573,132.98
21,0,SemiNDH,2,0,9682.4,2,0,0,0,2,0.283,2.78
21,0,SemiNDH,4,0,10008.6,4,0,0,0,4,0.3514,76.14
21,0,SemiNDH,6,0,12762.6,7,1,0,0,6,0.7092,117.25
21,0,SemiNDH,2,1,9592.2,2,0,0,1,3,0.2979,122.75
21,0,SemiNDH,4,1,10264.4,4,0,0,0,4,0.3778,114.6
21,0,SemiNDH,6,1,12181.8,6,0,0,0,6,0.2177,134.31
21,0,SemiNDH,2,2,8352.9,3,1,0,0,2,0.762,114.28
21,0,SemiNDH,4,2,11188.2,4,0,0,0,4,0.2506,223.9
21,0,SemiNDH,6,2,12953.4,6,0,0,0,6,0.2727,122.37
21,0,SemiNDH,2,3,8662.1,2,0,0,1,3,0.3088,259.87
21,0,SemiNDH,4,3,10569.6,4,0,0,0,4,0.1803,184.33
21,0,SemiNDH,6,3,12368.2,6,0,0,0,6,0.2919,102.35
21,0,SemiNDH,2,4,10065.8,2,0,0,0,2,0.4928,104.74
21,0,SemiNDH,4,4,10838.1,4,0,0,1,5,0.3835,170.53
21,0,SemiNDH,6,4,11087.1,6,0,0,0,6,0.1142,164.04
21,0,SemiNDH,2,5,9426.6,2,0,0,1,3,0.6381,190.39
21,0,SemiNDH,4,5,10369.4,5,1,0,0,4,0.5231,151.91
21,0,SemiNDH,6,5,12474.9,6,0,0,0,6,0.5684,79.88
21,0,SemiNDH,2,6,9483.5,3,1,0,0,2,0.4934,201.36
21,0,SemiNDH,4,6,9865.9,4,0,0,0,4,0.3963,133.76
21,0,SemiNDH,6,6,12094.6,6,0,0,0,6,0.3103,217.55
21,0,SemiNDH,2,7,8963.8,3,1,1,0,1,0.4805,119.32
21,0,SemiNDH,4,7,10798.8,5,1,0,0,4,0.5293,211.04
21,0,SemiNDH,6,7,12122.1,6,0,0,1,7,0.438,181.02
21,0,SemiNDH,2,8,9395.3,2,0,0,0,2,0.4637,209.39
21,0,SemiNDH,4,8,10882.7,4,0,0,0,4,0.6246,112.76
21,0,SemiNDH,6,8,12594.4,6,0,1,0,5,0.4253,183.8
21,0,SemiNDH,2,9,9055.4,2,0,0,0,2,0.3997,132.95
21,0,SemiNDH,4,9,9867.6,4,0,0,0,4,0.2599,121.38
21,0,SemiNDH,6,9,12464.9,6,0,0,1,7,0.4092,209.88
21,0,SemiNDH,2,10,8316.0,2,0,0,1,3,0.4801,201.6
21,0,SemiNDH,4,10,9711.9,4,0,0,0,4,0.6597,192.23
21,0,SemiNDH,6,10,12407.9,6,0,0,0,6,0.4326,103.03
21,0,SemiNDH,2,11,10138.0,2,0,0,1,3,0.6255,166.08
21,0,SemiNDH,4,11,10212.5,4,0,0,1,5,0.4765,111.77
21,0,SemiNDH,6,11,11382.1,6,0,0,0,6,0.4264,232.96
21,0,SemiNDH,2,12,8268.7,2,0,0,0,2,0.4373,256.21
21,0,SemiNDH,4,12,12222.5,5,1,0,0,4,0.5122,186.63
21,0,SemiNDH,6,12,12600.2,6,0,0,0,6,0.4765,72.71
21,0,SemiNDH,2,13,8969.9,3,1,0,0,2,0.6473,208.53
21,0,SemiNDH,4,13,10596.2,4,0,0,0,4,0.477,186.22
21,0,SemiNDH,6,13,11682.5,6,0,0,1,7,0.4559,125.65
21,0,SemiNDH,2,14,9257.9,2,0,0,0,2,0.1407,213.2
21,0,SemiNDH,4,14,10683.1,4,0,1,1,4,0.2292,141.06
21,0,SemiNDH,6,14,11627.1,6,0,0,0,6,0.407,132.36
21,1,FullDH,2,0,7941.0,2,0,0,0,2,0.3502,84.48
21,1,FullDH,4,0,9880.0,4,0,0,0,4,0.6704,159.83
21,1,FullDH,6,0,12532.8,6,0,1,0,5,0.6451,198.61
21,1,FullDH,2,1,8906.1,3,1,0,1,3,0.6055,158.85
21,1,FullDH,4,1,10307.8,5,1,0,0,4,0.2431,73.22
21,1,FullDH,6,1,10977.7,6,0,0,0,6,0.3807,48.99
21,1,FullDH,2,2,8965.4,2,0,0,1,3,0.442,200.7
21,1,FullDH,4,2,9885.9,4,0,0,1,5,0.3227,120.91
21,1,FullDH,6,2,12323.2,6,0,0,1,7,0.2504,143.09
21,1,FullDH,2,3,8876.7,2,0,0,0,2,0.3032,199.82
21,1,FullDH,4,3,11105.6,5,1,0,0,4,0.6962,143.56
21,1,FullDH,6,3,11616.3,7,1,0,0,6,0.2815,122.36
21,1,FullDH,2,4,9622.3,2,0,0,0,2,0.4766,53.47
21,1,FullDH,4,4,10891.6,5,1,0,0,4,0.8058,164.19
21,1,FullDH,6,4,11565.9,6,0,0,0,6,0.4154,226.53
21,1,FullDH,2,5,9814.6,2,0,0,1,3,0.3237,266.01
21,1,FullDH,4,5,9792.4,4,0,0,0,4,0.4033,177.84
21,1,FullDH,6,5,10372.9,7,1,1,0,5,0.2313,68.39
21,1,FullDH,2,6,8863.5,2,0,0,1,3,0.3132,36.8
21,1,FullDH,4,6,10569.8,4,0,0,0,4,0.3214,204.82
21,1,FullDH,6,6,12044.2,6,0,0,0,6,0.655,214.87
21,1,FullDH,2,7,9022.8,2,0,0,1,3,0.3446,121.7
21,1,FullDH,4,7,9947.6,4,0,0,0,4,0.4718,157.03
21,1,FullDH,6,7,13314.7,6,0,0,0,6,0.4264,188.32
21,1,FullDH,2,8,8440.4,2,0,0,0,2,0.292,120.88
21,1,FullDH,4,8,10788.8,5,1,1,0,3,0.2836,105.87
21,1,FullDH,6,8,11736.3,6,0,0,0,6,0.5009,175.61
21,1,FullDH,2,9,8782.7,2,0,0,0,2,0.7432,124.71
21,1,FullDH,4,9,10026.5,5,1,0,0,4,0.5869,121.21
21,1,FullDH,6,9,12842.3,7,1,0,0,6,0.3197,208.82
21,1,FullDH,2,10,7554.2,3,1,0,1,3,0.4244,223.67
21,1,FullDH,4,10,10026.4,5,1,0,0,4,0.4046,180.66
21,1,FullDH,6,10,11109.1,6,0,0,0,6,0.2806,33.49
21,1,FullDH,2,11,9318.3,3,1,0,1,3,0.2187,245.65
21,1,FullDH,4,11,11352.4,4,0,0,0,4,0.3026,181.3
21,1,FullDH,6,11,9703.3,6,0,0,0,6,0.2725,166.35
21,1,FullDH,2,12,8404.2,2,0,0,0,2,0.7124,211.75
21,1,FullDH,4,12,10128.5,4,0,0,1,5,0.6503,110.13
21,1,FullDH,6,12,11897.9,6,0,0,0,6,0.3834,104.64
21,1,FullDH,2,13,9196.6,2,0,0,0,2,0.3757,157.4
21,1,FullDH,4,13,10074.3,4,0,0,1,5,0.5632,125.83
21,1,FullDH,6,13,11159.2,6,0,0,1,7,0.2189,164.85
21,1,FullDH,2,14,7870.1,2,0,0,0,2,0.6057,117.61
21,1,FullDH,4,14,9944.7,5,1,0,0,4,0.6677,48.68
21,1,FullDH,6,14,11654.8,7,1,1,1,6,0.697,87.61
21,2,SemiDwell,2,0,9373.7,3,1,0,0,2,0.2608,160.67
21,2,SemiDwell,4,0,11608.0,4,0,0,1,5,0.2581,116.24
21,2,SemiDwell,6,0,12669.1,6,0,1,0,5,0.3105,179.78
21,2,SemiDwell,2,1,9646.4,2,0,0,0,2,0.3906,211.59
21,2,SemiDwell,4,1,10043.2,4,0,0,0,4,0.4946,114.31
21,2,SemiDwell,6,1,12318.9,6,0,0,0,6,0.0918,137.93
21,2,SemiDwell,2,2,9394.3,2,0,0,0,2,0.2665,147.95
21,2,SemiDwell,4,2,10812.3,5,1,0,0,4,0.4063,293.22
21,2,SemiDwell,6,2,13177.1,6,0,0,0,6,0.5169,157.44
21,2,SemiDwell,2,3,8589.9,2,0,0,1,3,0.5334,120.53
21,2,SemiDwell,4,3,10704.3,4,0,1,0,3,0.6091,73.1
21,2,SemiDwell,6,3,11671.6,7,1,1,1,6,0.3958,129.41
21,2,SemiDwell,2,4,9800.0,2,0,0,1,3,0.3757,270.74
21,2,SemiDwell,4,4,11598.7,4,0,0,0,4,0.3333,24.0
21,2,SemiDwell,6,4,12051.6,6,0,0,0,6,0.5576,228.68
21,2,SemiDwell,2,5,8471.1,2,0,0,1,3,0.6266,239.3
21,2,SemiDwell,4,5,10980.4,4,0,0,0,4,0.5365,223.6
21,2,SemiDwell,6,5,11739.6,6,0,0,0,6,0.2872,170.36
21,2,SemiDwell,2,6,9320.4,2,0,0,0,2,0.2686,20.17
21,2,SemiDwell,4,6,10803.2,4,0,0,0,4,0.4507,143.41
21,2,SemiDwell,6,6,13096.4,7,1,0,1,7,0.2335,66.42
21,2,SemiDwell,2,7,9222.2,2,0,0,0,2,0.45,130.92
21,2,SemiDwell,4,7,11176.9,4,0,0,0,4,0.4826,189.58
21,2,SemiDwell,6,7,11714.7,6,0,0,0,6,0.5111,203.79
21,2,SemiDwell,2,8,9933.6,2,0,0,1,3,0.3313,185.54
21,2,SemiDwell,4,8,11280.0,5,1,0,0,4,0.5026,147.01
21,2,SemiDwell,6,8,12174.3,7,1,0,0,6,0.6108,219.47
21,2,SemiDwell,2,9,10365.1,2,0,0,1,3,0.225,50.64
21,2,SemiDwell,4,9,11687.6,4,0,0,1,5,0.4354,88.15
21,2,SemiDwell,6,9,12060.5,6,0,0,0,6,0.5116,65.37
21,2,SemiDwell,2,10,8266.4,2,0,0,0,2,0.5228,188.13
21,2,SemiDwell,4,10,10407.0,4,0,0,0,4,0.3821,152.49
21,2,SemiDwell,6,10,12066.1,6,0,0,0,6,0.3672,51.66
21,2,SemiDwell,2,11,9570.1,2,0,0,1,3,0.2832,210.22
21,2,SemiDwell,4,11,10740.7,4,0,0,0,4,0.3275,323.45
21,2,SemiDwell,6,11,11163.0,6,0,1,0,5,0.3921,117.43
21,2,SemiDwell,2,12,10425.1,2,0,0,0,2,0.435,91.96
21,2,SemiDwell,4,12,11409.3,4,0,1,0,3,0.319,201.52
21,2,SemiDwell,6,12,13300.7,6,0,0,0,6,0.384,193.34
21,2,SemiDwell,2,13,9373.1,2,0,0,0,2,0.2048,180.57
21,2,SemiDwell,4,13,10560.8,4,0,0,0,4,0.4372,194.43
21,2,SemiDwell,6,13,11952.3,7,1,0,0,6,0.4527,135.29
21,2,SemiDwell,2,14,9114.2,2,0,0,0,2,0.4616,181.15
21,2,SemiDwell,4,14,10838.6,5,1,0,0,4,0.5728,44.75
21,2,SemiDwell,6,14,12590.2,7,1,0,0,6,0.3543,114.02
21,3,SemiTilt,2,0,9487.1,2,0,0,1,3,0.1773,119.87
21,3,SemiTilt,4,0,11897.2,4,0,0,0,4,0.3035,217.85
21,3,SemiTilt,6,0,13171.9,7,1,0,0,6,0.4663,176.49
21,3,SemiTilt,2,1,9600.1,2,0,0,0,2,0.2775,134.78
21,3,SemiTilt,4,1,12095.7,4,0,1,0,3,0.2247,115.91
21,3,SemiTilt,6,1,13349.2,6,0,0,0,6,0.1545,149.0
21,3,SemiTilt,2,2,9750.1,3,1,0,0,2,0.3413,55.84
21,3,SemiTilt,4,2,11393.8,4,0,0,1,5,0.2276,155.86
21,3,SemiTilt,6,2,13178.2,6,0,0,0,6,0.6884,214.29
21,3,SemiTilt,2,3,9506.8,2,0,0,0,2,0.6069,131.17
21,3,SemiTilt,4,3,11235.4,4,0,0,0,4,0.2913,188.91
21,3,SemiTilt,6,3,13519.5,7,1,2,0,4,0.1907,98.84
21,3,SemiTilt,2,4,8607.6,2,0,0,0,2,0.6599,156.48
21,3,SemiTilt,4,4,11420.5,4,0,0,1,5,0.0197,204.46
21,3,SemiTilt,6,4,13161.3,6,0,0,0,6,0.4136,154.38
21,3,SemiTilt,2,5,9600.2,2,0,0,0,2,0.3813,149.85
21,3,SemiTilt,4,5,11124.8,5,1,0,1,5,0.4289,206.72
21,3,SemiTilt,6,5,13913.8,6,0,0,0,6,0.2632,281.77
21,3,SemiTilt,2,6,9784.9,2,0,0,0,2,0.2731,218.82
21,3,SemiTilt,4,6,10245.6,5,1,0,1,5,0.246,233.58
21,3,SemiTilt,6,6,12298.1,6,0,0,0,6,0.6376,42.76
21,3,SemiTilt,2,7,9794.8,2,0,0,0,2,0.6862,179.69
21,3,SemiTilt,4,7,11381.3,5,1,0,0,4,0.4521,158.51
21,3,SemiTilt,6,7,13049.7,7,1,0,0,6,0.3332,110.54
21,3,SemiTilt,2,8,9444.0,2,0,0,0,2,0.502,167.59
21,3,SemiTilt,4,8,11403.4,4,0,0,0,4,0.2259,195.26
21,3,SemiTilt,6,8,12334.4,6,0,0,0,6,0.4592,234.98
21,3,SemiTilt,2,9,9754.7,2,0,0,1,3,0.3601,71.26
21,3,SemiTilt,4,9,10499.3,5,1,0,0,4,0.4201,104.0
21,3,SemiTilt,6,9,14261.9,6,0,0,0,6,0.3734,206.8
21,3,SemiTilt,2,10,9924.8,2,0,0,0,2,0.3215,202.78
21,3,SemiTilt,4,10,11575.1,4,0,1,0,3,0.3942,218.67
21,3,SemiTilt,6,10,12716.9,7,1,0,0,6,0.5417,202.99
21,3,SemiTilt,2,11,10661.3,2,0,0,0,2,0.2884,319.85
21,3,SemiTilt,4,11,10589.8,4,0,0,1,5,0.4216,116.21
21,3,SemiTilt,6,11,12711.2,7,1,1,0,5,0.3078,68.74
21,3,SemiTilt,2,12,9538.3,2,0,0,1,3,0.2894,197.3
21,3,SemiTilt,4,12,11733.3,4,0,1,0,3,0.5384,138.31
21,3,SemiTilt,6,12,12027.5,7,1,0,0,6,0.4247,190.94
21,3,SemiTilt,2,13,9270.6,2,0,0,1,3,0.5214,260.16
21,3,SemiTilt,4,13,10963.7,4,0,0,0,4,0.2841,97.41
21,3,SemiTilt,6,13,11963.5,6,0,1,1,6,0.2288,196.55
21,3,SemiTilt,2,14,10612.1,2,0,0,0,2,0.1534,313.86
21,3,SemiTilt,4,14,12368.5,4,0,0,0,4,0.3984,145.96
21,3,SemiTilt,6,14,12613.4,6,0,0,1,7,0.4225,91.08
21,4,SemiSwipe,2,0,9266.0,2,0,0,0,2,0.7499,22.63
21,4,SemiSwipe,4,0,10928.0,4,0,0,1,5,0.1475,104.67
21,4,SemiSwipe,6,0,12756.4,6,0,0,1,7,0.6584,170.62
21,4,SemiSwipe,2,1,8933.3,2,0,0,1,3,0.3637,202.16
21,4,SemiSwipe,4,1,10985.5,4,0,0,1,5,0.6432,208.6
21,4,SemiSwipe,6,1,12614.9,6,0,0,0,6,0.5674,194.5
21,4,SemiSwipe,2,2,9819.7,3,1,0,1,3,0.3272,166.07
21,4,SemiSwipe,4,2,12044.9,4,0,2,0,2,0.2131,129.81
21,4,SemiSwipe,6,2,11946.2,6,0,0,1,7,0.5834,130.8
21,4,SemiSwipe,2,3,9831.8,2,0,0,1,3,0.4877,137.98
21,4,SemiSwipe,4,3,10908.1,4,0,0,0,4,0.6248,194.6
21,4,SemiSwipe,6,3,13406.9,7,1,0,0,6,0.5946,156.94
21,4,SemiSwipe,2,4,8732.2,2,0,0,0,2,0.6267,108.33
21,4,SemiSwipe,4,4,10971.5,5,1,0,0,4,0.4298,78.74
21,4,SemiSwipe,6,4,13616.5,6,0,0,1,7,0.3029,157.7
21,4,SemiSwipe,2,5,9629.3,2,0,0,0,2,0.3959,233.58
21,4,SemiSwipe,4,5,11671.9,5,1,0,0,4,0.3569,231.71
21,4,SemiSwipe,6,5,12077.3,9,3,0,0,6,0.3869,187.78
21,4,SemiSwipe,2,6,9742.3,2,0,0,0,2,0.3582,207.5
21,4,SemiSwipe,4,6,11791.5,4,0,0,0,4,0.8371,63.13
21,4,SemiSwipe,6,6,12474.7,6,0,0,0,6,0.1963,172.35
21,4,SemiSwipe,2,7,8899.9,2,0,0,0,2,0.3019,11.39
21,4,SemiSwipe,4,7,10627.2,5,1,0,0,4,0.4455,236.05
21,4,SemiSwipe,6,7,12201.7,6,0,0,1,7,0.0944,79.07
21,4,SemiSwipe,2,8,10050.3,2,0,0,0,2,0.5391,73.02
21,4,SemiSwipe,4,8,11201.3,4,0,1,0,3,0.1942,75.39
21,4,SemiSwipe,6,8,13385.7,6,0,0,0,6,0.0396,102.18
21,4,SemiSwipe,2,9,9317.1,3,1,0,0,2,0.8174,169.97
21,4,SemiSwipe,4,9,11112.0,5,1,0,0,4,0.5254,165.58
21,4,SemiSwipe,6,9,12212.0,6,0,0,1,7,0.062,152.25
21,4,SemiSwipe,2,10,9336.6,2,0,0,0,2,0.3451,154.07
21,4,SemiSwipe,4,10,11788.9,4,0,0,0,4,0.289,63.2
21,4,SemiSwipe,6,10,11775.8,6,0,1,0,5,0.2362,189.24
21,4,SemiSwipe,2,11,10114.1,2,0,0,1,3,0.31,153.65
21,4,SemiSwipe,4,11,11518.0,4,0,0,0,4,0.364,210.08
21,4,SemiSwipe,6,11,13778.1,6,0,0,0,6,0.3691,159.16
21,4,SemiSwipe,2,12,9754.1,2,0,0,1,3,0.2288,113.45
21,4,SemiSwipe,4,12,11761.0,4,0,0,1,5,0.3046,163.14
21,4,SemiSwipe,6,12,12495.2,6,0,0,0,6,0.3303,249.42
21,4,SemiSwipe,2,13,9090.9,2,0,0,0,2,0.3613,110.45
21,4,SemiSwipe,4,13,11410.3,4,0,0,1,5,0.6297,80.53
21,4,SemiSwipe,6,13,12330.4,6,0,0,0,6,0.2499,109.57
21,4,SemiSwipe,2,14,9512.2,3,1,0,1,3,0.4177,79.2
21,4,SemiSwipe,4,14,10636.7,5,1,0,1,5,0.2735,167.24
21,4,SemiSwipe,6,14,13248.6,6,0,1,0,5,0.2199,118.65
22,0,SemiDwell,2,0,6703.8,2,0,0,0,2,0.4333,109.48
22,0,SemiDwell,4,0,8376.5,4,0,1,0,3,0.5114,51.7
22,0,SemiDwell,6,0,9837.8,7,1,0,0,6,0.1025,134.88
22,0,SemiDwell,2,1,5832.1,2,0,0,1,3,0.1878,196.46
22,0,SemiDwell,4,1,6955.4,4,0,0,0,4,0.3815,244.4
22,0,SemiDwell,6,1,8463.7,6,0,0,0,6,0.4483,264.43
22,0,SemiDwell,2,2,5981.6,2,0,0,0,2,0.4869,216.02
22,0,SemiDwell,4,2,7503.8,4,0,0,0,4,0.4384,120.09
22,0,SemiDwell,6,2,7892.9,6,0,0,0,6,0.1926,140.09
22,0,SemiDwell,2,3,7087.3,3,1,0,0,2,0.4008,148.87
22,0,SemiDwell,4,3,7499.5,5,1,0,0,4,0.3635,163.93
22,0,SemiDwell,6,3,9456.6,6,0,0,0,6,0.3687,128.17
22,0,SemiDwell,2,4,6047.5,2,0,0,0,2,0.3204,26.48
22,0,SemiDwell,4,4,7246.8,4,0,0,0,4,0.2134,189.58
22,0,SemiDwell,6,4,9258.5,6,0,1,0,5,0.5362,124.5
22,0,SemiDwell,2,5,5975.1,2,0,0,0,2,0.2514,49.55
22,0,SemiDwell,4,5,7664.6,4,0,0,0,4,0.3597,111.89
22,0,SemiDwell,6,5,9536.6,6,0,0,0,6,0.4832,111.44
22,0,SemiDwell,2,6,6111.1,3,1,0,0,2,0.356,118.17
22,0,SemiDwell,4,6,8166.3,4,0,0,0,4,0.1565,175.99
22,0,SemiDwell,6,6,9305.9,6,0,0,0,6,0.1341,159.3
22,0,SemiDwell,2,7,5421.1,2,0,1,0,1,0.418,119.99
22,0,SemiDwell,4,7,7494.2,4,0,0,0,4,0.5082,149.19
22,0,SemiDwell,6,7,8578.4,6,0,1,0,5,0.3324,104.98
22,0,SemiDwell,2,8,6483.6,2,0,0,1,3,0.5546,119.09
22,0,SemiDwell,4,8,7354.5,4,0,0,0,4,0.417,116.41
22,0,SemiDwell,6,8,8424.7,7,1,0,0,6,0.4004,95.02
22,0,SemiDwell,2,9,6503.8,2,0,0,1,3,0.1579,187.37
22,0,SemiDwell,4,9,8901.0,4,0,0,0,4,0.4929,132.92
22,0,SemiDwell,6,9,9268.5,6,0,0,0,6,0.4065,180.77
22,0,SemiDwell,2,10,5140.5,2,0,1,0,1,0.4152,156.26
22,0,SemiDwell,4,10,6821.9,4,0,0,0,4,0.4911,119.28
22,0,SemiDwell,6,10,10594.7,6,0,0,0,6,0.402,153.81
22,0,SemiDwell,2,11,6096.6,2,0,0,0,2,0.5281,170.1
22,0,SemiDwell,4,11,7242.8,4,0,0,0,4,0.3873,61.14
22,0,SemiDwell,6,11,9871.8,6,0,0,1,7,0.5019,195.36
22,0,SemiDwell,2,12,5582.6,2,0,0,0,2,0.5338,78.82
22,0,SemiDwell,4,12,8543.8,4,0,0,1,5,0.5452,263.78
22,0,SemiDwell,6,12,8480.2,6,0,1,0,5,0.0374,131.47
22,0,SemiDwell,2,13,5601.4,2,0,0,0,2,0.4444,167.44
22,0,SemiDwell,4,13,8492.3,4,0,0,0,4,0.5949,215.03
22,0,SemiDwell,6,13,9399.5,7,1,0,0,6,0.5666,140.03
22,0,SemiDwell,2,14,5436.3,2,0,0,0,2,0.3487,123.65
22,0,SemiDwell,4,14,7848.0,4,0,0,0,4,0.3441,142.44
22,0,SemiDwell,6,14,8117.7,6,0,0,1,7,0.5136,121.08
22,1,SemiNDH,2,0,5888.0,2,0,0,0,2,0.1962,55.45
22,1,SemiNDH,4,0,6177.7,4,0,0,0,4,0.3316,268.25
22,1,SemiNDH,6,0,9433.6,6,0,0,0,6,0.2269,38.13
22,1,SemiNDH,2,1,5984.7,3,1,0,0,2,0.5044,166.69
22,1,SemiNDH,4,1,7560.2,4,0,0,0,4,0.6072,103.4
22,1,SemiNDH,6,1,8491.0,6,0,0,1,7,0.2908,182.53
22,1,SemiNDH,2,2,5391.0,2,0,0,0,2,0.4559,203.74
22,1,SemiNDH,4,2,7176.5,4,0,0,0,4,0.2004,140.94
22,1,SemiNDH,6,2,9151.4,6,0,0,0,6,0.4011,129.54
22,1,SemiNDH,2,3,6405.2,2,0,0,0,2,0.3424,145.4
22,1,SemiNDH,4,3,7326.9,4,0,0,0,4,0.508,149.13
22,1,SemiNDH,6,3,8679.0,7,1,0,0,6,0.4538,102.87
22,1,SemiNDH,2,4,5873.3,2,0,0,0,2,0.5213,145.28
22,1,SemiNDH,4,4,7239.9,6,2,0,0,4,0.4696,214.42
22,1,SemiNDH,6,4,8059.9,6,0,0,0,6,0.3061,102.4
22,1,SemiNDH,2,5,6882.4,2,0,0,0,2,0.3041,152.81
22,1,SemiNDH,4,5,6827.4,4,0,0,1,5,0.1909,82.24
22,1,SemiNDH,6,5,9450.8,6,0,0,0,6,0.4778,157.24
22,1,SemiNDH,2,6,6010.0,2,0,0,0,2,0.551,194.07
22,1,SemiNDH,4,6,7226.5,4,0,0,0,4,0.4752,231.17
22,1,SemiNDH,6,6,9011.4,7,1,0,1,7,0.3515,200.08
22,1,SemiNDH,2,7,5858.1,2,0,0,0,2,0.3311,207.72
22,1,SemiNDH,4,7,6687.0,4,0,0,0,4,0.513,203.02
22,1,SemiNDH,6,7,9442.6,6,0,0,1,7,0.2863,93.33
22,1,SemiNDH,2,8,6879.4,2,0,1,1,2,0.5742,88.18
22,1,SemiNDH,4,8,8045.0,4,0,0,0,4,0.6403,217.74
22,1,SemiNDH,6,8,8864.9,6,0,0,0,6,0.4008,146.22
22,1,SemiNDH,2,9,6753.1,2,0,0,0,2,0.1759,179.54
22,1,SemiNDH,4,9,7673.3,4,0,0,1,5,0.2559,117.08
22,1,SemiNDH,6,9,8132.8,8,2,0,0,6,0.4179,152.06
22,1,SemiNDH,2,10,6286.9,3,1,0,1,3,0.4589,104.15
22,1,SemiNDH,4,10,6570.3,5,1,0,1,5,0.3619,102.67
22,1,SemiNDH,6,10,9007.8,8,2,0,0,6,0.4779,116.35
22,1,SemiNDH,2,11,5505.1,2,0,0,0,2,0.4285,223.08
22,1,SemiNDH,4,11,6599.1,4,0,0,0,4,0.5986,90.2
22,1,SemiNDH,6,11,7511.9,7,1,0,0,6,0.1683,195.52
22,1,SemiNDH,2,12,6189.2,2,0,0,0,2,0.419,162.82
22,1,SemiNDH,4,12,7422.5,5,1,0,0,4,0.2559,95.87
22,1,SemiNDH,6,12,8924.6,7,1,1,0,5,0.378,101.76
22,1,SemiNDH,2,13,5605.5,2,0,0,0,2,0.3384,218.74
22,1,SemiNDH,4,13,6036.3,5,1,0,0,4,0.3874,142.22
22,1,SemiNDH,6,13,9821.2,7,1,0,0,6,0.4316,240.67
22,1,SemiNDH,2,14,4989.4,2,0,0,0,2,0.4211,191.41
22,1,SemiNDH,4,14,7720.6,4,0,0,0,4,0.4181,114.09
22,1,SemiNDH,6,14,8886.5,6,0,0,0,6,0.1002,54.43
22,2,SemiSwipe,2,0,6626.8,2,0,0,0,2,0.5693,180.93
22,2,SemiSwipe,4,0,7047.9,4,0,0,0,4,0.3554,204.49
22,2,SemiSwipe,6,0,8127.2,6,0,0,1,7,0.5003,131.89
22,2,SemiSwipe,2,1,6994.3,2,0,0,0,2,0.2364,202.18
22,2,SemiSwipe,4,1,8161.3,4,0,0,0,4,0.3367,74.47
22,2,SemiSwipe,6,1,9304.4,6,0,0,0,6,0.2539,158.04
22,2,SemiSwipe,2,2,6510.8,3,1,0,0,2,0.4125,73.94
22,2,SemiSwipe,4,2,7741.1,5,1,1,0,3,0.2215,211.35
22,2,SemiSwipe,6,2,9186.1,6,0,0,0,6,0.1011,137.7
22,2,SemiSwipe,2,3,6816.6,2,0,0,0,2,0.4656,85.77
22,2,SemiSwipe,4,3,9557.0,4,0,0,0,4,0.5432,223.36
22,2,SemiSwipe,6,3,8767.0,6,0,1,0,5,0.4009,201.84
22,2,SemiSwipe,2,4,6417.9,2,0,0,0,2,0.3532,167.89
22,2,SemiSwipe,4,4,8820.9,4,0,0,1,5,0.4843,181.88
22,2,SemiSwipe,6,4,9391.8,6,0,0,1,7,0.3466,155.74
22,2,SemiSwipe,2,5,5107.1,2,0,0,0,2,0.5289,78.23
22,2,SemiSwipe,4,5,8433.2,4,0,0,1,5,0.3586,154.36
22,2,SemiSwipe,6,5,9141.4,6,0,0,0,6,0.4289,104.22
22,2,SemiSwipe,2,6,6417.9,2,0,0,1,3,0.2481,226.26
22,2,SemiSwipe,4,6,8061.6,4,0,0,1,5,0.2056,211.4
22,2,SemiSwipe,6,6,8492.0,7,1,0,1,7,0.4897,111.3
22,2,SemiSwipe,2,7,6723.1,2,0,0,0,2,0.2882,143.52
22,2,SemiSwipe,4,7,8146.3,4,0,0,1,5,0.5828,62.0
22,2,SemiSwipe,6,7,9142.9,6,0,0,0,6,0.4318,100.05
22,2,SemiSwipe,2,8,6204.2,2,0,0,0,2,0.0011,219.79
22,2,SemiSwipe,4,8,8310.0,4,0,0,0,4,0.5153,149.23
22,2,SemiSwipe,6,8,10122.3,7,1,0,0,6,0.4818,80.83
22,2,SemiSwipe,2,9,5668.8,2,0,0,0,2,0.5608,95.33
22,2,SemiSwipe,4,9,7226.0,4,0,0,0,4,0.3379,85.07
22,2,SemiSwipe,6,9,10391.5,6,0,0,0,6,0.2392,196.62
22,2,SemiSwipe,2,10,6242.9,3,1,0,0,2,0.3491,170.68
22,2,SemiSwipe,4,10,7919.0,4,0,0,0,4,0.3539,173.32
22,2,SemiSwipe,6,10,8872.9,8,2,1,0,5,0.7494,195.46
22,2,SemiSwipe,2,11,5540.6,2,0,0,1,3,0.6537,158.38
22,2,SemiSwipe,4,11,9403.7,4,0,1,1,4,0.3586,153.41
22,2,SemiSwipe,6,11,8401.4,6,0,1,0,5,0.4185,158.96
22,2,SemiSwipe,2,12,6497.0,2,0,0,1,3,0.2129,141.13
22,2,SemiSwipe,4,12,7696.2,4,0,0,0,4,0.5158,175.11
22,2,SemiSwipe,6,12,8635.3,6,0,1,0,5,0.3452,202.56
22,2,SemiSwipe,2,13,7177.8,2,0,0,1,3,0.2335,105.61
22,2,SemiSwipe,4,13,7722.4,4,0,0,0,4,0.7215,222.28
22,2,SemiSwipe,6,13,9037.3,6,0,0,0,6,0.5291,90.03
22,2,SemiSwipe,2,14,6025.0,2,0,0,0,2,0.3728,143.35
22,2,SemiSwipe,4,14,7474.6,5,1,0,0,4,0.2014,100.58
22,2,SemiSwipe,6,14,9073.2,6,0,0,1,7,0.1195,127.64
22,3,FullDH,2,0,5509.8,2,0,0,1,3,0.3151,207.66
22,3,FullDH,4,0,6515.5,4,0,0,1,5,0.4019,137.78
22,3,FullDH,6,0,7019.3,6,0,0,0,6,0.1726,203.35
22,3,FullDH,2,1,6419.5,2,0,0,0,2,0.4689,123.89
22,3,FullDH,4,1,7485.8,4,0,0,0,4,0.4925,147.64
22,3,FullDH,6,1,8740.5,7,1,0,0,6,0.3116,182.34
22,3,FullDH,2,2,5492.6,2,0,0,0,2,0.3948,54.63
22,3,FullDH,4,2,6799.6,5,1,0,0,4,0.2658,218.39
22,3,FullDH,6,2,8111.8,7,1,0,1,7,0.5243,97.74
22,3,FullDH,2,3,5835.9,2,0,0,0,2,0.4353,188.95
22,3,FullDH,4,3,7365.2,4,0,0,0,4,0.3365,96.88
22,3,FullDH,6,3,8027.4,6,0,1,1,6,0.3665,130.28
22,3,FullDH,2,4,5482.0,2,0,0,0,2,0.3417,67.89
22,3,FullDH,4,4,7383.4,4,0,0,0,4,0.3977,142.79
22,3,FullDH,6,4,8327.7,6,0,0,0,6,0.4174,215.5
22,3,FullDH,2,5,4887.1,2,0,0,0,2,0.3196,184.85
22,3,FullDH,4,5,7830.1,4,0,0,0,4,0.4134,163.52
22,3,FullDH,6,5,7223.0,6,0,0,0,6,0.561,53.67
22,3,FullDH,2,6,6479.6,2,0,0,0,2,0.3883,175.03
22,3,FullDH,4,6,7286.8,4,0,0,0,4,0.5703,188.99
22,3,FullDH,6,6,9675.9,6,0,0,0,6,0.4762,153.78
22,3,FullDH,2,7,5938.4,2,0,0,0,2,0.3678,87.33
22,3,FullDH,4,7,7350.0,4,0,0,0,4,0.3124,173.87
22,3,FullDH,6,7,8462.8,7,1,0,0,6,0.423,240.83
22,3,FullDH,2,8,5104.5,2,0,0,0,2,0.4096,273.18
22,3,FullDH,4,8,7435.8,5,1,0,0,4,0.254,156.57
22,3,FullDH,6,8,9308.5,6,0,0,0,6,0.4168,138.09
22,3,FullDH,2,9,5554.5,2,0,0,0,2,0.4174,139.89
22,3,FullDH,4,9,6483.8,4,0,0,0,4,0.1884,77.45
22,3,FullDH,6,9,8817.4,6,0,1,0,5,0.4925,111.29
22,3,FullDH,2,10,4475.3,2,0,0,1,3,0.4347,223.61
22,3,FullDH,4,10,7241.7,4,0,0,0,4,0.6912,148.93
22,3,FullDH,6,10,8472.4,7,1,0,0,6,0.603,182.36
22,3,FullDH,2,11,5394.5,2,0,0,0,2,0.4722,190.69
22,3,FullDH,4,11,7471.0,4,0,0,1,5,0.657,88.27
22,3,FullDH,6,11,8938.4,6,0,0,0,6,0.2414,151.6
22,3,FullDH,2,12,6419.2,2,0,0,0,2,0.6103,121.27
22,3,FullDH,4,12,7251.2,4,0,0,0,4,0.1808,86.42
22,3,FullDH,6,12,9035.9,7,1,0,0,6,0.5083,186.72
22,3,FullDH,2,13,5407.0,2,0,0,1,3,0.2643,216.58
22,3,FullDH,4,13,7764.5,4,0,0,0,4,0.3803,96.65
22,3,FullDH,6,13,8198.1,7,1,0,1,7,0.4018,203.07
22,3,FullDH,2,14,5003.1,2,0,0,0,2,0.1529,177.31
22,3,FullDH,4,14,7187.0,4,0,0,0,4,0.3124,82.39
22,3,FullDH,6,14,9103.9,6,0,0,0,6,0.3196,167.24
22,4,SemiTilt,2,0,8363.2,2,0,0,0,2,0.3442,118.28
22,4,SemiTilt,4,0,8481.1,4,0,0,1,5,0.3917,168.06
22,4,SemiTilt,6,0,9479.9,6,0,0,0,6,0.6439,162.26
22,4,SemiTilt,2,1,7331.1,2,0,0,0,2,0.2871,228.0
22,4,SemiTilt,4,1,7685.0,5,1,0,1,5,0.4565,251.41
22,4,SemiTilt,6,1,10292.6,6,0,0,1,7,0.6407,187.54
22,4,SemiTilt,2,2,6700.0,2,0,0,0,2,0.4143,144.48
22,4,SemiTilt,4,2,7929.9,4,0,1,0,3,0.3715,93.02
22,4,SemiTilt,6,2,9508.1,7,1,0,1,7,0.4089,108.37
22,4,SemiTilt,2,3,7572.0,2,0,0,0,2,0.3241,207.63
22,4,SemiTilt,4,3,7591.5,4,0,0,0,4,0.5285,140.0
22,4,SemiTilt,6,3,9130.9,6,0,0,0,6,0.5161,227.72
22,4,SemiTilt,2,4,6782.9,2,0,0,0,2,0.6317,89.48
22,4,SemiTilt,4,4,8062.3,4,0,0,0,4,0.3468,147.17
22,4,SemiTilt,6,4,10172.8,6,0,0,0,6,0.4112,153.41
22,4,SemiTilt,2,5,6123.5,2,0,0,1,3,0.2447,221.57
22,4,SemiTilt,4,5,8642.0,4,0,0,0,4,0.4261,183.68
22,4,SemiTilt,6,5,8840.0,8,2,0,0,6,0.4168,58.8
22,4,SemiTilt,2,6,7363.5,2,0,0,1,3,0.2352,113.56
22,4,SemiTilt,4,6,8886.8,4,0,0,0,4,0.3281,93.76
22,4,SemiTilt,6,6,9864.5,7,1,1,0,5,0.3884,211.06
22,4,SemiTilt,2,7,6913.3,3,1,0,0,2,0.3712,176.9
22,4,SemiTilt,4,7,7914.7,4,0,1,0,3,0.5524,330.65
22,4,SemiTilt,6,7,9474.3,7,1,0,0,6,0.3081,192.86
22,4,SemiTilt,2,8,7175.9,2,0,0,1,3,0.5272,153.9
22,4,SemiTilt,4,8,7960.1,4,0,0,0,4,0.5083,167.57
22,4,SemiTilt,6,8,9111.9,6,0,0,0,6,0.2968,114.93
22,4,SemiTilt,2,9,6372.9,2,0,0,0,2,0.2299,123.75
22,4,SemiTilt,4,9,7915.5,5,1,0,0,4,0.5722,253.82
22,4,SemiTilt,6,9,9115.7,6,0,0,1,7,0.1282,33.19
22,4,SemiTilt,2,10,6776.0,2,0,0,1,3,0.6737,109.16
22,4,SemiTilt,4,10,8570.4,4,0,1,0,3,0.2164,208.3
22,4,SemiTilt,6,10,9935.1,6,0,0,0,6,0.3161,73.49
22,4,SemiTilt,2,11,7184.7,2,0,0,0,2,0.2877,166.68
22,4,SemiTilt,4,11,6968.4,4,0,0,0,4,0.4205,30.64
22,4,SemiTilt,6,11,9145.4,6,0,1,0,5,0.5814,123.93
22,4,SemiTilt,2,12,6426.7,2,0,0,0,2,0.1893,231.89
22,4,SemiTilt,4,12,8739.9,4,0,0,0,4,0.3833,258.14
22,4,SemiTilt,6,12,9655.3,7,1,0,0,6,0.222,154.17
22,4,SemiTilt,2,13,5378.5,2,0,0,0,2,0.3451,134.75
22,4,SemiTilt,4,13,7431.5,4,0,0,0,4,0.4788,27.67
22,4,SemiTilt,6,13,10321.4,6,0,1,0,5,0.6143,182.16
22,4,SemiTilt,2,14,7304.5,2,0,0,1,3,0.3543,94.16
22,4,SemiTilt,4,14,7238.9,4,0,0,1,5,0.5678,144.6
22,4,SemiTilt,6,14,9072.2,6,0,0,0,6,0.8063,200.31
23,0,SemiSwipe,2,0,7080.0,2,0,0,0,2,0.5146,181.28
23,0,SemiSwipe,4,0,9067.2,4,0,0,0,4,0.5124,108.12
23,0,SemiSwipe,6,0,9613.0,8,2,0,0,6,0.3125,162.15
23,0,SemiSwipe,2,1,6602.2,3,1,0,0,2,0.5152,11.32
23,0,SemiSwipe,4,1,8374.5,4,0,0,0,4,0.5812,170.45
23,0,SemiSwipe,6,1,10789.9,6,0,0,0,6,0.1692,277.45
23,0,SemiSwipe,2,2,7272.8,2,0,0,0,2,0.1809,113.77
23,0,SemiSwipe,4,2,8888.9,4,0,0,0,4,0.5613,186.87
23,0,SemiSwipe,6,2,9867.3,7,1,0,1,7,0.4542,11.25
23,0,SemiSwipe,2,3,6055.0,3,1,0,1,3,0.5438,145.83
23,0,SemiSwipe,4,3,7407.4,4,0,0,0,4,0.5719,169.03
23,0,SemiSwipe,6,3,9506.6,6,0,1,0,5,0.4551,205.95
23,0,SemiSwipe,2,4,6725.0,2,0,0,0,2,0.3063,208.18
23,0,SemiSwipe,4,4,9028.4,5,1,0,0,4,0.2942,134.78
23,0,SemiSwipe,6,4,9544.9,6,0,0,0,6,0.4474,153.16
23,0,SemiSwipe,2,5,7855.5,2,0,0,0,2,0.2653,171.64
23,0,SemiSwipe,4,5,8425.7,5,1,0,0,4,0.4049,121.66
23,0,SemiSwipe,6,5,9767.4,7,1,0,0,6,0.3568,186.3
23,0,SemiSwipe,2,6,7087.8,2,0,0,0,2,0.4069,107.8
23,0,SemiSwipe,4,6,8311.3,5,1,0,1,5,0.4548,161.36
23,0,SemiSwipe,6,6,10379.1,6,0,0,0,6,0.007,226.37
23,0,SemiSwipe,2,7,6838.8,2,0,0,0,2,0.4094,122.25
23,0,SemiSwipe,4,7,8873.7,4,0,0,0,4,0.6668,151.89
23,0,SemiSwipe,6,7,9882.3,7,1,2,0,4,0.1728,179.26
23,0,SemiSwipe,2,8,6958.0,2,0,0,1,3,0.48,208.72
23,0,SemiSwipe,4,8,8659.2,4,0,0,1,5,0.5054,227.86
23,0,SemiSwipe,6,8,10349.8,6,0,1,1,6,0.6431,73.23
23,0,SemiSwipe,2,9,7042.8,2,0,0,0,2,0.2852,8.74
23,0,SemiSwipe,4,9,8308.1,4,0,0,0,4,0.3881,64.15
23,0,SemiSwipe,6,9,10616.1,6,0,0,1,7,0.4043,222.89
23,0,SemiSwipe,2,10,6031.5,2,0,0,0,2,0.1747,162.32
23,0,SemiSwipe,4,10,8619.2,4,0,0,0,4,0.3793,250.25
23,0,SemiSwipe,6,10,10183.1,7,1,1,0,5,0.3144,221.6
23,0,SemiSwipe,2,11,6064.1,2,0,0,0,2,0.3335,158.05
23,0,SemiSwipe,4,11,7749.0,4,0,0,0,4,0.5203,174.83
23,0,SemiSwipe,6,11,9998.5,6,0,0,0,6,0.4773,229.77
23,0,SemiSwipe,2,12,6502.9,3,1,0,0,2,0.2355,190.77
23,0,SemiSwipe,4,12,8447.1,4,0,0,0,4,0.4619,85.44
23,0,SemiSwipe,6,12,10024.9,6,0,0,1,7,0.2234,63.46
23,0,SemiSwipe,2,13,7965.8,2,0,0,1,3,0.4631,188.28
23,0,SemiSwipe,4,13,7973.4,4,0,0,0,4,0.6703,128.15
23,0,SemiSwipe,6,13,8783.8,6,0,0,0,6,0.4631,189.52
23,0,SemiSwipe,2,14,7202.6,2,0,0,0,2,0.3789,261.53
23,0,SemiSwipe,4,14,8577.8,4,0,0,0,4,0.4967,129.65
23,0,SemiSwipe,6,14,11017.9,7,1,0,0,6,0.2966,93.62
23,1,SemiDwell,2,0,7464.3,2,0,0,0,2,0.6824,189.1
23,1,SemiDwell,4,0,9443.6,4,0,0,0,4,0.4054,145.54
23,1,SemiDwell,6,0,9687.5,6,0,0,0,6,0.5531,132.94
23,1,SemiDwell,2,1,7367.6,2,0,0,0,2,0.5756,185.4
23,1,SemiDwell,4,1,8064.0,4,0,0,0,4,0.2256,227.61
23,1,SemiDwell,6,1,8178.3,6,0,0,0,6,0.636,157.5
23,1,SemiDwell,2,2,7118.9,2,0,0,1,3,0.4857,203.47
23,1,SemiDwell,4,2,7304.3,4,0,0,0,4,0.354,151.75
23,1,SemiDwell,6,2,9488.1,6,0,0,0,6,0.2013,216.05
23,1,SemiDwell,2,3,6618.8,2,0,0,0,2,0.3759,107.88
23,1,SemiDwell,4,3,9105.1,4,0,0,1,5,0.5032,47.77
23,1,SemiDwell,6,3,9114.9,6,0,0,0,6,0.4346,77.26
23,1,SemiDwell,2,4,7202.7,2,0,0,0,2,0.3468,184.18
23,1,SemiDwell,4,4,8656.6,4,0,0,1,5,0.2779,146.71
23,1,SemiDwell,6,4,9748.7,6,0,0,0,6,0.3068,190.33
23,1,SemiDwell,2,5,6857.3,2,0,0,0,2,0.4438,61.39
23,1,SemiDwell,4,5,8252.8,4,0,0,0,4,0.2162,226.55
23,1,SemiDwell,6,5,9004.4,6,0,0,0,6,0.312,130.87
23,1,SemiDwell,2,6,5828.3,2,0,0,0,2,0.3522,202.92
23,1,SemiDwell,4,6,7960.6,4,0,0,1,5,0.4246,58.87
23,1,SemiDwell,6,6,10069.7,7,1,0,1,7,0.3294,180.27
23,1,SemiDwell,2,7,6717.6,2,0,0,0,2,0.326,176.38
23,1,SemiDwell,4,7,8156.5,4,0,0,0,4,0.2285,149.55
23,1,SemiDwell,6,7,9508.0,6,0,0,1,7,0.4448,112.81
23,1,SemiDwell,2,8,7473.3,2,0,0,0,2,0.3118,230.34
23,1,SemiDwell,4,8,7841.1,5,1,0,0,4,0.8133,111.02
23,1,SemiDwell,6,8,8930.7,6,0,0,1,7,0.3541,221.92
23,1,SemiDwell,2,9,6655.4,2,0,0,0,2,0.4927,160.08
23,1,SemiDwell,4,9,8805.5,4,0,0,1,5,0.5781,187.53
23,1,SemiDwell,6,9,9588.9,7,1,1,0,5,0.3633,79.75
23,1,SemiDwell,2,10,6505.1,2,0,1,0,1,0.3988,144.24
23,1,SemiDwell,4,10,8488.2,4,0,0,0,4,0.5197,174.87
23,1,SemiDwell,6,10,10166.0,6,0,0,1,7,0.4566,139.68
23,1,SemiDwell,2,11,7380.0,2,0,0,0,2,0.364,33.97
23,1,SemiDwell,4,11,8257.3,4,0,0,1,5,0.6471,151.56
23,1,SemiDwell,6,11,10253.3,6,0,1,0,5,0.3752,18.13
23,1,SemiDwell,2,12,7182.7,2,0,0,0,2,0.6485,96.2
23,1,SemiDwell,4,12,7932.7,4,0,0,1,5,0.5428,173.97
23,1,SemiDwell,6,12,10063.4,6,0,0,0,6,0.4169,225.78
23,1,SemiDwell,2,13,7286.3,2,0,0,0,2,0.6237,149.55
23,1,SemiDwell,4,13,7859.8,4,0,0,0,4,0.6238,129.74
23,1,SemiDwell,6,13,9416.0,6,0,0,0,6,0.2024,147.84
23,1,SemiDwell,2,14,7287.6,2,0,0,0,2,0.7345,41.39
23,1,SemiDwell,4,14,7662.4,4,0,0,1,5,0.4264,18.99
23,1,SemiDwell,6,14,9749.0,6,0,0,0,6,0.2173,131.12
23,2,SemiTilt,2,0,8242.8,2,0,0,0,2,0.405,181.04
23,2,SemiTilt,4,0,9107.7,4,0,0,0,4,0.3741,213.33
23,2,SemiTilt,6,0,9284.1,6,0,1,1,6,0.2211,132.68
23,2,SemiTilt,2,1,7493.7,2,0,0,0,2,0.3409,152.26
23,2,SemiTilt,4,1,8113.1,5,1,0,0,4,0.2609,161.51
23,2,SemiTilt,6,1,10014.3,6,0,1,1,6,0.2632,97.26
23,2,SemiTilt,2,2,7503.4,2,0,0,0,2,0.3371,79.7
23,2,SemiTilt,4,2,8244.2,4,0,0,0,4,0.6428,123.12
23,2,SemiTilt,6,2,9568.4,6,0,0,1,7,0.2328,44.46
23,2,SemiTilt,2,3,7048.5,2,0,0,0,2,0.2148,248.98
23,2,SemiTilt,4,3,8299.1,5,1,0,0,4,0.4851,186.85
23,2,SemiTilt,6,3,9590.6,7,1,0,0,6,0.3056,91.72
23,2,SemiTilt,2,4,7533.2,2,0,0,0,2,0.1358,82.29
23,2,SemiTilt,4,4,9388.5,4,0,0,0,4,0.4799,137.8
23,2,SemiTilt,6,4,10784.1,6,0,0,0,6,0.5489,118.92
23,2,SemiTilt,2,5,6654.2,2,0,0,0,2,0.4458,94.22
23,2,SemiTilt,4,5,9445.9,4,0,0,0,4,0.4924,81.96
23,2,SemiTilt,6,5,10236.4,7,1,0,1,7,0.1016,156.72
23,2,SemiTilt,2,6,7537.7,2,0,0,1,3,0.0309,197.61
23,2,SemiTilt,4,6,9423.4,5,1,0,0,4,0.2602,186.66
23,2,SemiTilt,6,6,11198.9,7,1,0,0,6,0.4447,134.34
23,2,SemiTilt,2,7,8747.7,2,0,0,0,2,0.1954,154.36
23,2,SemiTilt,4,7,8747.3,5,1,0,1,5,0.5261,252.98
23,2,SemiTilt,6,7,9707.3,6,0,1,0,5,0.2632,134.38
23,2,SemiTilt,2,8,7829.2,2,0,0,0,2,0.4764,186.74
23,2,SemiTilt,4,8,9246.6,4,0,0,0,4,0.377,194.44
23,2,SemiTilt,6,8,10675.2,6,0,0,1,7,0.1444,109.26
23,2,SemiTilt,2,9,7287.4,2,0,0,0,2,0.3751,96.0
23,2,SemiTilt,4,9,8308.8,4,0,0,0,4,0.0539,122.18
23,2,SemiTilt,6,9,9236.0,6,0,0,1,7,0.3296,233.38
23,2,SemiTilt,2,10,6781.0,2,0,0,0,2,0.3269,70.87
23,2,SemiTilt,4,10,9108.0,5,1,0,0,4,0.4287,81.19
23,2,SemiTilt,6,10,9816.8,6,0,0,0,6,0.5061,142.15
23,2,SemiTilt,2,11,6825.6,2,0,0,0,2,0.2884,189.24
23,2,SemiTilt,4,11,8733.5,4,0,0,1,5,0.5439,137.76
23,2,SemiTilt,6,11,10491.3,6,0,0,0,6,0.4206,180.34
23,2,SemiTilt,2,12,7942.0,2,0,0,1,3,0.6144,180.08
23,2,SemiTilt,4,12,8847.2,4,0,0,0,4,0.2288,86.89
23,2,SemiTilt,6,12,9505.4,6,0,0,0,6,0.5562,50.34
23,2,SemiTilt,2,13,6395.9,2,0,0,0,2,0.4319,143.8
23,2,SemiTilt,4,13,8943.0,4,0,0,1,5,0.2881,206.91
23,2,SemiTilt,6,13,10986.8,6,0,0,0,6,0.4087,202.62
23,2,SemiTilt,2,14,7389.9,2,0,0,0,2,0.8687,251.61
23,2,SemiTilt,4,14,9609.8,4,0,0,1,5,0.2429,243.42
23,2,SemiTilt,6,14,11143.8,6,0,0,0,6,0.2064,217.61
23,3,SemiNDH,2,0,6364.8,2,0,0,0,2,0.3543,94.79
23,3,SemiNDH,4,0,7577.2,4,0,0,1,5,0.5041,159.42
23,3,SemiNDH,6,0,8887.1,7,1,0,0,6,0.3572,294.76
23,3,SemiNDH,2,1,7134.8,3,1,0,0,2,0.2395,60.22
23,3,SemiNDH,4,1,9692.5,4,0,0,1,5,0.1704,123.1
23,3,SemiNDH,6,1,9909.6,6,0,0,0,6,0.5214,153.77
23,3,SemiNDH,2,2,5348.1,2,0,0,0,2,0.3836,83.34
23,3,SemiNDH,4,2,6771.5,5,1,0,0,4,0.3825,138.35
23,3,SemiNDH,6,2,10165.1,6,0,0,0,6,0.0379,149.13
23,3,SemiNDH,2,3,5366.5,2,0,0,1,3,0.116,119.23
23,3,SemiNDH,4,3,7560.8,4,0,0,0,4,0.4833,91.38
23,3,SemiNDH,6,3,8852.0,6,0,1,0,5,0.2525,162.5
23,3,SemiNDH,2,4,6993.1,3,1,0,0,2,0.3505,188.58
23,3,SemiNDH,4,4,7658.0,4,0,0,0,4,0.5317,181.24
23,3,SemiNDH,6,4,9275.1,7,1,2,0,4,0.2098,32.07
23,3,SemiNDH,2,5,5660.1,2,0,0,1,3,0.3739,100.2
23,3,SemiNDH,4,5,8551.6,4,0,0,1,5,0.3705,221.73
23,3,SemiNDH,6,5,10773.9,6,0,0,1,7,0.556,107.0
23,3,SemiNDH,2,6,7069.5,2,0,0,0,2,0.4004,230.11
23,3,SemiNDH,4,6,7893.9,4,0,0,0,4,0.4992,145.65
23,3,SemiNDH,6,6,8931.8,7,1,0,0,6,0.6098,124.88
23,3,SemiNDH,2,7,6722.2,2,0,0,0,2,0.6601,224.38
23,3,SemiNDH,4,7,7269.1,4,0,1,0,3,0.4367,142.77
23,3,SemiNDH,6,7,8812.5,6,0,0,0,6,0.5108,209.79
23,3,SemiNDH,2,8,6817.2,2,0,0,0,2,0.2994,158.06
23,3,SemiNDH,4,8,8341.3,4,0,0,0,4,0.3684,173.29
23,3,SemiNDH,6,8,9562.1,6,0,0,0,6,0.6205,50.98
23,3,SemiNDH,2,9,6510.3,2,0,0,1,3,0.435,116.55
23,3,SemiNDH,4,9,7162.8,4,0,1,1,4,0.553,235.13
23,3,SemiNDH,6,9,9604.1,6,0,1,0,5,0.0027,120.53
23,3,SemiNDH,2,10,8335.9,2,0,0,0,2,0.5399,238.48
23,3,SemiNDH,4,10,7602.7,4,0,0,1,5,0.5373,92.91
23,3,SemiNDH,6,10,8691.5,7,1,0,0,6,0.388,156.53
23,3,SemiNDH,2,11,6125.7,3,1,0,0,2,0.5913,122.01
23,3,SemiNDH,4,11,8483.0,4,0,0,0,4,0.5811,169.16
23,3,SemiNDH,6,11,9146.2,6,0,0,1,7,0.2676,147.07
23,3,SemiNDH,2,12,5713.4,2,0,0,0,2,0.623,179.05
23,3,SemiNDH,4,12,7242.5,4,0,0,1,5,0.3257,132.84
23,3,SemiNDH,6,12,10829.3,6,0,0,0,6,0.2274,168.63
23,3,SemiNDH,2,13,7046.6,2,0,0,0,2,0.2749,238.39
23,3,SemiNDH,4,13,7786.9,5,1,0,0,4,0.2705,179.93
23,3,SemiNDH,6,13,8676.2,7,1,0,0,6,0.6502,118.33
23,3,SemiNDH,2,14,8005.1,2,0,0,0,2,0.4178,175.25
23,3,SemiNDH,4,14,8268.1,4,0,0,0,4,0.4938,250.03
23,3,SemiNDH,6,14,9089.1,7,1,1,0,5,0.3544,119.35
23,4,FullDH,2,0,6497.8,2,0,0,1,3,0.402,171.72
23,4,FullDH,4,0,8582.7,4,0,0,0,4,0.457,8.99
23,4,FullDH,6,0,8257.6,6,0,0,0,6,0.162,44.59
23,4,FullDH,2,1,6821.3,2,0,0,0,2,0.6637,157.81
23,4,FullDH,4,1,8823.4,4,0,0,0,4,0.3901,102.24
23,4,FullDH,6,1,8516.8,6,0,0,0,6,0.3366,150.98
23,4,FullDH,2,2,6387.1,2,0,0,1,3,0.4394,162.76
23,4,FullDH,4,2,8270.1,5,1,0,0,4,0.5064,198.38
23,4,FullDH,6,2,9942.6,6,0,0,0,6,0.1169,98.96
23,4,FullDH,2,3,6025.4,2,0,0,0,2,0.3591,184.76
23,4,FullDH,4,3,8379.7,5,1,0,0,4,0.3791,65.88
23,4,FullDH,6,3,9494.9,6,0,0,0,6,0.3839,178.38
23,4,FullDH,2,4,6970.2,2,0,0,0,2,0.6127,49.48
23,4,FullDH,4,4,8631.0,4,0,0,0,4,0.326,169.87
23,4,FullDH,6,4,9341.0,7,1,0,0,6,0.1838,63.02
23,4,FullDH,2,5,6252.3,2,0,0,0,2,0.424,164.04
23,4,FullDH,4,5,7129.1,4,0,0,1,5,0.4973,316.2
23,4,FullDH,6,5,10859.5,6,0,0,0,6,0.3995,90.93
23,4,FullDH,2,6,5088.1,2,0,0,0,2,0.2152,195.31
23,4,FullDH,4,6,8622.3,5,1,0,1,5,0.2113,108.35
23,4,FullDH,6,6,8590.2,6,0,0,0,6,0.6765,205.91
23,4,FullDH,2,7,7182.9,2,0,0,0,2,0.3695,113.37
23,4,FullDH,4,7,7677.7,4,0,0,0,4,0.7126,127.17
23,4,FullDH,6,7,9873.5,6,0,0,0,6,0.0729,135.93
23,4,FullDH,2,8,6741.3,2,0,0,0,2,0.3154,259.19
23,4,FullDH,4,8,7324.5,4,0,0,0,4,0.337,100.89
23,4,FullDH,6,8,8989.6,6,0,0,0,6,0.562,159.22
23,4,FullDH,2,9,6426.4,2,0,0,0,2,0.3153,116.47
23,4,FullDH,4,9,7261.3,5,1,1,0,3,0.5008,20.59
23,4,FullDH,6,9,8288.1,6,0,0,1,7,0.3169,143.76
23,4,FullDH,2,10,6011.5,2,0,0,0,2,0.1943,208.55
23,4,FullDH,4,10,7999.4,4,0,1,0,3,0.2494,222.37
23,4,FullDH,6,10,8424.8,6,0,0,0,6,0.183,170.98
23,4,FullDH,2,11,6130.9,2,0,0,1,3,0.1139,125.61
23,4,FullDH,4,11,8169.7,5,1,0,1,5,0.3954,213.49
23,4,FullDH,6,11,8571.4,6,0,0,1,7,0.2249,178.92
23,4,FullDH,2,12,6129.9,2,0,0,0,2,0.3686,211.66
23,4,FullDH,4,12,7189.4,4,0,0,1,5,0.4601,181.92
23,4,FullDH,6,12,9943.6,6,0,0,0,6,0.3439,160.09
23,4,FullDH,2,13,7658.5,3,1,1,0,1,0.0571,76.34
23,4,FullDH,4,13,9101.7,4,0,0,0,4,0.525,121.07
23,4,FullDH,6,13,9559.0,6,0,0,0,6,0.209,171.7
23,4,FullDH,2,14,6777.7,2,0,1,1,2,0.0447,158.37
23,4,FullDH,4,14,7809.0,4,0,0,0,4,0.4985,146.45
23,4,FullDH,6,14,9909.6,7,1,0,0,6,0.3316,245.9
24,0,SemiTilt,2,0,6352.6,2,0,0,0,2,0.6521,185.1
24,0,SemiTilt,4,0,7262.9,4,0,0,0,4,0.3852,231.29
24,0,SemiTilt,6,0,9200.0,6,0,0,0,6,0.5395,150.0
24,0,SemiTilt,2,1,6301.0,3,1,0,0,2,0.5957,45.87
24,0,SemiTilt,4,1,6427.2,4,0,0,1,5,0.4063,214.66
24,0,SemiTilt,6,1,8845.1,6,0,1,0,5,0.3116,162.91
24,0,SemiTilt,2,2,6684.0,2,0,0,0,2,0.4197,172.31
24,0,SemiTilt,4,2,7195.9,4,0,0,0,4,0.1,90.2
24,0,SemiTilt,6,2,8801.4,6,0,0,0,6,0.5777,247.58
24,0,SemiTilt,2,3,5784.4,3,1,0,0,2,0.4681,238.93
24,0,SemiTilt,4,3,7606.6,5,1,0,0,4,0.541,127.44
24,0,SemiTilt,6,3,9416.2,6,0,0,0,6,0.4776,107.55
24,0,SemiTilt,2,4,6600.7,2,0,0,0,2,0.384,185.96
24,0,SemiTilt,4,4,8676.7,4,0,0,0,4,0.013,204.75
24,0,SemiTilt,6,4,8789.2,6,0,1,0,5,0.2489,158.61
24,0,SemiTilt,2,5,5675.2,2,0,0,0,2,0.4179,116.46
24,0,SemiTilt,4,5,6234.1,4,0,0,0,4,0.5295,136.75
24,0,SemiTilt,6,5,8846.9,6,0,0,1,7,0.5197,243.4
24,0,SemiTilt,2,6,6788.8,3,1,0,0,2,0.4387,169.5
24,0,SemiTilt,4,6,8186.7,4,0,0,0,4,0.4937,172.27
24,0,SemiTilt,6,6,9588.6,6,0,0,1,7,0.2453,180.55
24,0,SemiTilt,2,7,6345.0,2,0,0,0,2,0.3186,62.45
24,0,SemiTilt,4,7,8374.5,5,1,0,0,4,0.4514,130.21
24,0,SemiTilt,6,7,9659.9,7,1,0,0,6,0.3959,102.29
24,0,SemiTilt,2,8,6395.1,2,0,0,0,2,0.2622,208.46
24,0,SemiTilt,4,8,6860.7,4,0,0,0,4,0.3699,78.66
24,0,SemiTilt,6,8,8378.8,6,0,0,0,6,0.3623,43.69
24,0,SemiTilt,2,9,5790.8,2,0,0,1,3,0.3396,179.99
24,0,SemiTilt,4,9,8020.4,5,1,1,0,3,0.4821,139.18
24,0,SemiTilt,6,9,9045.5,6,0,1,0,5,0.307,242.62
24,0,SemiTilt,2,10,6986.3,2,0,0,0,2,0.66,101.36
24,0,SemiTilt,4,10,6781.5,5,1,0,1,5,0.4424,158.68
24,0,SemiTilt,6,10,7952.9,6,0,0,0,6,0.7329,87.78
24,0,SemiTilt,2,11,7207.4,2,0,0,0,2,0.1994,117.66
24,0,SemiTilt,4,11,7616.9,4,0,0,0,4,0.6678,101.63
24,0,SemiTilt,6,11,9985.3,6,0,1,0,5,0.4321,170.15
24,0,SemiTilt,2,12,6636.6,2,0,0,0,2,0.1678,231.49
24,0,SemiTilt,4,12,8209.9,4,0,0,0,4,0.3382,142.74
24,0,SemiTilt,6,12,8269.7,6,0,0,1,7,0.4612,128.04
24,0,SemiTilt,2,13,6273.8,2,0,0,0,2,0.3371,156.59
24,0,SemiTilt,4,13,8844.8,5,1,0,0,4,0.3888,92.16
24,0,SemiTilt,6,13,10031.5,6,0,0,0,6,0.375,167.43
24,0,SemiTilt,2,14,5512.2,2,0,0,0,2,0.4147,216.66
24,0,SemiTilt,4,14,8598.4,4,0,0,0,4,0.3146,218.64
24,0,SemiTilt,6,14,9408.7,6,0,1,0,5,0.4582,33.5
24,1,SemiSwipe,2,0,5910.8,2,0,0,0,2,0.5641,161.17
24,1,SemiSwipe,4,0,7478.6,4,0,0,0,4,0.4742,190.66
24,1,SemiSwipe,6,0,9523.4,6,0,0,0,6,0.2249,194.54
24,1,SemiSwipe,2,1,7598.9,2,0,0,0,2,0.4375,266.9
24,1,SemiSwipe,4,1,8006.6,4,0,0,0,4,0.2322,220.23
24,1,SemiSwipe,6,1,7920.7,6,0,1,1,6,0.5766,41.66
24,1,SemiSwipe,2,2,5633.2,2,0,0,0,2,0.657,153.99
24,1,SemiSwipe,4,2,7204.8,4,0,0,0,4,0.7179,172.87
24,1,SemiSwipe,6,2,9024.6,7,1,0,0,6,0.4459,222.8
24,1,SemiSwipe,2,3,5865.5,2,0,0,0,2,0.2646,164.82
24,1,SemiSwipe,4,3,7062.0,4,0,0,0,4,0.4854,16.04
24,1,SemiSwipe,6,3,10001.8,7,1,0,1,7,0.0705,308.93
24,1,SemiSwipe,2,4,5809.2,3,1,0,0,2,0.5448,195.97
24,1,SemiSwipe,4,4,8272.0,4,0,0,0,4,0.4444,186.95
24,1,SemiSwipe,6,4,9019.9,6,0,1,0,5,0.5022,150.04
24,1,SemiSwipe,2,5,7148.4,2,0,0,0,2,0.4327,236.32
24,1,SemiSwipe,4,5,7582.3,5,1,0,1,5,0.3022,201.09
24,1,SemiSwipe,6,5,8141.0,6,0,0,0,6,0.4818,148.28
24,1,SemiSwipe,2,6,5550.3,2,0,0,0,2,0.0744,259.46
24,1,SemiSwipe,4,6,6829.2,4,0,0,0,4,0.3279,191.95
24,1,SemiSwipe,6,6,8502.1,7,1,1,0,5,0.5157,105.63
24,1,SemiSwipe,2,7,6180.1,2,0,0,0,2,0.4061,95.06
24,1,SemiSwipe,4,7,7087.8,4,0,1,0,3,0.5128,128.68
24,1,SemiSwipe,6,7,9680.7,6,0,1,1,6,0.4294,124.03
24,1,SemiSwipe,2,8,5633.0,4,2,0,0,2,0.3382,148.52
24,1,SemiSwipe,4,8,7713.6,4,0,0,0,4,0.666,183.27
24,1,SemiSwipe,6,8,10100.1,7,1,0,1,7,0.1921,63.65
24,1,SemiSwipe,2,9,5412.5,2,0,0,0,2,0.1817,155.36
24,1,SemiSwipe,4,9,5841.7,5,1,0,0,4,0.2399,74.82
24,1,SemiSwipe,6,9,10039.4,6,0,0,0,6,0.5884,158.09
24,1,SemiSwipe,2,10,6839.2,2,0,0,0,2,0.3647,197.24
24,1,SemiSwipe,4,10,6513.8,4,0,0,0,4,0.4564,152.94
24,1,SemiSwipe,6,10,8215.4,6,0,0,0,6,0.3794,80.09
24,1,SemiSwipe,2,11,6182.6,2,0,0,0,2,0.5672,163.42
24,1,SemiSwipe,4,11,6023.6,4,0,0,1,5,0.396,180.63
24,1,SemiSwipe,6,11,9077.5,6,0,0,0,6,0.5273,179.79
24,1,SemiSwipe,2,12,5982.4,2,0,0,0,2,0.4703,77.02
24,1,SemiSwipe,4,12,7880.3,4,0,0,0,4,0.7122,82.75
24,1,SemiSwipe,6,12,8928.3,7,1,0,0,6,0.259,105.22
24,1,SemiSwipe,2,13,6879.8,2,0,0,0,2,0.1984,148.33
24,1,SemiSwipe,4,13,7564.7,4,0,0,0,4,0.6092,153.28
24,1,SemiSwipe,6,13,9559.2,7,1,0,0,6,0.5532,182.47
24,1,SemiSwipe,2,14,6745.6,2,0,0,0,2,0.3896,126.38
24,1,SemiSwipe,4,14,8298.8,4,0,0,0,4,0.1698,101.15
24,1,SemiSwipe,6,14,7790.2,7,1,0,1,7,0.3865,86.11
24,2,FullDH,2,0,5859.2,2,0,1,0,1,0.4427,164.3
24,2,FullDH,4,0,6479.8,5,1,0,0,4,0.2523,226.22
24,2,FullDH,6,0,8479.2,6,0,0,0,6,0.2197,190.2
24,2,FullDH,2,1,5154.8,2,0,0,0,2,0.2367,177.61
24,2,FullDH,4,1,6092.5,4,0,0,0,4,0.4798,199.14
24,2,FullDH,6,1,8941.4,6,0,0,1,7,0.4985,143.82
24,2,FullDH,2,2,5592.8,2,0,0,0,2,0.2829,32.44
24,2,FullDH,4,2,6798.8,4,0,0,1,5,0.1346,38.39
24,2,FullDH,6,2,7431.1,6,0,0,0,6,0.5471,105.85
24,2,FullDH,2,3,5535.3,2,0,0,0,2,0.5138,107.79
24,2,FullDH,4,3,6325.7,5,1,0,0,4,0.3634,201.24
24,2,FullDH,6,3,9037.1,6,0,1,0,5,0.5183,108.96
24,2,FullDH,2,4,4301.4,2,0,0,0,2,0.1783,129.11
24,2,FullDH,4,4,6466.7,4,0,0,1,5,0.3352,221.67
24,2,FullDH,6,4,8049.4,6,0,0,0,6,0.4304,96.87
24,2,FullDH,2,5,6147.0,2,0,0,0,2,0.6624,166.14
24,2,FullDH,4,5,6692.6,4,0,0,1,5,0.4886,190.89
24,2,FullDH,6,5,8083.8,6,0,0,0,6,0.4045,84.21
24,2,FullDH,2,6,5304.3,2,0,1,1,2,0.2824,276.5
24,2,FullDH,4,6,6824.2,4,0,0,0,4,0.3284,278.06
24,2,FullDH,6,6,7582.2,7,1,0,1,7,0.3462,160.97
24,2,FullDH,2,7,5651.9,2,0,0,0,2,0.5517,57.3
24,2,FullDH,4,7,6629.3,4,0,0,0,4,0.4007,132.91
24,2,FullDH,6,7,7387.5,7,1,1,1,6,0.1609,154.18
24,2,FullDH,2,8,4770.2,2,0,0,0,2,0.5227,105.39
24,2,FullDH,4,8,7521.3,4,0,0,0,4,0.065,38.85
24,2,FullDH,6,8,8522.8,7,1,0,0,6,0.3998,125.01
24,2,FullDH,2,9,4859.6,2,0,0,1,3,0.16,119.03
24,2,FullDH,4,9,6482.9,4,0,1,1,4,0.3775,125.22
24,2,FullDH,6,9,7833.5,6,0,0,0,6,0.6154,124.25
24,2,FullDH,2,10,3945.1,2,0,0,0,2,0.3834,116.21
24,2,FullDH,4,10,7004.6,4,0,0,0,4,0.3944,81.9
24,2,FullDH,6,10,8010.3,7,1,0,1,7,0.4011,53.63
24,2,FullDH,2,11,5041.8,2,0,0,0,2,0.3456,102.51
24,2,FullDH,4,11,6599.1,5,1,0,0,4,0.4081,146.05
24,2,FullDH,6,11,9405.0,6,0,1,0,5,0.0856,176.16
24,2,FullDH,2,12,4509.7,3,1,0,0,2,0.456,161.57
24,2,FullDH,4,12,6186.3,6,2,1,0,3,0.3341,192.5
24,2,FullDH,6,12,7307.7,6,0,0,1,7,0.6154,85.05
24,2,FullDH,2,13,5084.3,2,0,0,0,2,0.4963,218.48
24,2,FullDH,4,13,5664.8,4,0,0,0,4,0.4335,124.68
24,2,FullDH,6,13,8412.6,6,0,0,0,6,0.2793,148.92
24,2,FullDH,2,14,5029.1,2,0,0,1,3,0.38,193.76
24,2,FullDH,4,14,6517.0,5,1,0,0,4,0.6491,135.99
24,2,FullDH,6,14,7016.1,7,1,0,0,6,0.391,282.04
24,3,SemiDwell,2,0,6030.9,2,0,0,1,3,0.2332,166.73
24,3,SemiDwell,4,0,6621.2,4,0,1,1,4,0.4847,140.76
24,3,SemiDwell,6,0,8699.5,6,0,0,1,7,0.1104,213.66
24,3,SemiDwell,2,1,5772.2,2,0,0,1,3,0.3902,15.96
24,3,SemiDwell,4,1,6132.6,4,0,0,0,4,0.5479,213.09
24,3,SemiDwell,6,1,9371.9,6,0,0,0,6,0.3442,131.24
24,3,SemiDwell,2,2,4767.9,3,1,0,0,2,0.2792,114.46
24,3,SemiDwell,4,2,7541.9,4,0,0,0,4,0.2892,97.66
24,3,SemiDwell,6,2,8419.1,6,0,0,0,6,0.3788,170.34
24,3,SemiDwell,2,3,6034.1,2,0,0,0,2,0.359,102.14
24,3,SemiDwell,4,3,7185.6,4,0,0,0,4,0.1834,94.34
24,3,SemiDwell,6,3,9190.9,7,1,0,0,6,0.3406,189.16
24,3,SemiDwell,2,4,6438.0,2,0,0,0,2,0.6008,255.06
24,3,SemiDwell,4,4,7320.0,4,0,0,1,5,0.3558,150.82
24,3,SemiDwell,6,4,8093.9,6,0,0,0,6,0.2292,38.6
24,3,SemiDwell,2,5,6451.7,2,0,0,0,2,0.5721,147.12
24,3,SemiDwell,4,5,7919.0,4,0,0,0,4,0.4878,208.47
24,3,SemiDwell,6,5,8138.4,6,0,0,0,6,0.3041,232.66
24,3,SemiDwell,2,6,6379.2,2,0,0,0,2,0.2808,200.66
24,3,SemiDwell,4,6,6482.9,4,0,0,0,4,0.2828,156.74
24,3,SemiDwell,6,6,8923.5,8,2,1,1,6,0.3233,153.14
24,3,SemiDwell,2,7,6637.5,2,0,0,0,2,0.3422,244.28
24,3,SemiDwell,4,7,6830.4,4,0,0,0,4,0.2025,190.97
24,3,SemiDwell,6,7,8377.6,7,1,0,1,7,0.352,156.98
24,3,SemiDwell,2,8,4820.6,2,0,0,0,2,0.3877,184.16
24,3,SemiDwell,4,8,7412.3,4,0,0,0,4,0.5508,204.3
24,3,SemiDwell,6,8,7992.8,6,0,0,1,7,0.4894,66.78
24,3,SemiDwell,2,9,5279.8,2,0,0,0,2,0.677,153.52
24,3,SemiDwell,4,9,7874.1,4,0,0,1,5,0.2304,109.33
24,3,SemiDwell,6,9,9160.9,6,0,0,0,6,0.3051,177.31
24,3,SemiDwell,2,10,5778.6,2,0,0,0,2,0.4067,181.19
24,3,SemiDwell,4,10,6876.4,4,0,0,0,4,0.3875,81.64
24,3,SemiDwell,6,10,8462.1,7,1,0,1,7,0.1707,107.6
24,3,SemiDwell,2,11,6474.1,2,0,0,0,2,0.5464,117.08
24,3,SemiDwell,4,11,7354.2,4,0,0,0,4,0.3269,89.0
24,3,SemiDwell,6,11,8686.4,7,1,1,0,5,0.2011,46.05
24,3,SemiDwell,2,12,7011.7,2,0,1,0,1,0.4221,134.14
24,3,SemiDwell,4,12,7285.2,4,0,0,0,4,0.6674,221.18
24,3,SemiDwell,6,12,8984.9,6,0,0,0,6,0.4294,241.86
24,3,SemiDwell,2,13,5714.2,2,0,0,1,3,0.374,101.95
24,3,SemiDwell,4,13,7574.7,5,1,0,1,5,0.4044,109.47
24,3,SemiDwell,6,13,8586.9,6,0,0,1,7,0.4384,87.38
24,3,SemiDwell,2,14,5016.5,2,0,0,0,2,0.5787,142.93
24,3,SemiDwell,4,14,6494.4,4,0,0,1,5,0.1925,122.44
24,3,SemiDwell,6,14,7476.7,7,1,0,0,6,0.3527,71.27
24,4,SemiNDH,2,0,5505.1,2,0,0,0,2,0.3202,110.21
24,4,SemiNDH,4,0,7473.2,4,0,1,1,4,0.6304,232.01
24,4,SemiNDH,6,0,7936.4,6,0,0,0,6,0.2949,157.74
24,4,SemiNDH,2,1,5892.0,2,0,0,0,2,0.625,2.35
24,4,SemiNDH,4,1,8136.0,4,0,0,0,4,0.4304,104.31
24,4,SemiNDH,6,1,8979.4,6,0,0,0,6,0.2095,200.81
24,4,SemiNDH,2,2,4645.1,2,0,0,0,2,0.3419,162.79
24,4,SemiNDH,4,2,7435.3,4,0,0,0,4,0.3961,115.05
24,4,SemiNDH,6,2,8779.7,6,0,0,0,6,0.3501,44.87
24,4,SemiNDH,2,3,4587.3,2,0,0,0,2,0.4232,163.2
24,4,SemiNDH,4,3,7660.4,4,0,0,0,4,0.3281,158.76
24,4,SemiNDH,6,3,8592.3,6,0,0,1,7,0.4212,70.81
24,4,SemiNDH,2,4,5168.5,2,0,0,0,2,0.312,157.66
24,4,SemiNDH,4,4,7080.6,4,0,0,1,5,0.4809,94.91
24,4,SemiNDH,6,4,7738.8,7,1,0,0,6,0.6565,200.57
24,4,SemiNDH,2,5,5297.9,2,0,0,0,2,0.3142,97.37
24,4,SemiNDH,4,5,7695.1,4,0,1,1,4,0.1484,112.78
24,4,SemiNDH,6,5,8896.3,6,0,1,0,5,0.4458,97.23
24,4,SemiNDH,2,6,5847.8,2,0,0,0,2,0.3688,171.38
24,4,SemiNDH,4,6,6763.7,5,1,1,0,3,0.6514,48.25
24,4,SemiNDH,6,6,8331.0,6,0,0,0,6,0.517,174.0
24,4,SemiNDH,2,7,5115.2,2,0,0,0,2,0.1806,196.23
24,4,SemiNDH,4,7,6851.2,4,0,0,0,4,0.0758,148.31
24,4,SemiNDH,6,7,7219.5,6,0,0,0,6,0.5797,103.04
24,4,SemiNDH,2,8,5292.7,2,0,0,0,2,0.8873,246.97
24,4,SemiNDH,4,8,7139.0,4,0,0,1,5,0.4069,156.33
24,4,SemiNDH,6,8,8887.2,6,0,1,0,5,0.4042,138.19
24,4,SemiNDH,2,9,6241.8,2,0,0,0,2,0.7837,96.61
24,4,SemiNDH,4,9,7602.7,5,1,0,1,5,0.3778,187.81
24,4,SemiNDH,6,9,8702.2,7,1,0,0,6,0.2589,250.91
24,4,SemiNDH,2,10,5903.1,3,1,0,0,2,0.2369,168.87
24,4,SemiNDH,4,10,6506.9,4,0,0,0,4,0.6,54.12
24,4,SemiNDH,6,10,8583.9,6,0,0,1,7,0.5052,179.55
24,4,SemiNDH,2,11,5540.3,3,1,0,0,2,0.2328,172.88
24,4,SemiNDH,4,11,7203.8,4,0,0,0,4,0.4701,102.36
24,4,SemiNDH,6,11,8431.6,6,0,0,0,6,0.5557,151.21
24,4,SemiNDH,2,12,6024.3,2,0,0,0,2,0.3755,117.43
24,4,SemiNDH,4,12,6807.4,5,1,0,0,4,0.3607,18.25
24,4,SemiNDH,6,12,9634.0,7,1,0,0,6,0.4788,122.44
24,4,SemiNDH,2,13,5667.4,2,0,1,0,1,0.3896,43.99
24,4,SemiNDH,4,13,6713.1,4,0,0,1,5,0.306,154.49
24,4,SemiNDH,6,13,8729.0,7,1,0,0,6,0.0027,94.16
24,4,SemiNDH,2,14,6247.1,3,1,1,0,1,0.6017,153.14
24,4,SemiNDH,4,14,5987.0,4,0,0,0,4,0.5084,37.69
24,4,SemiNDH,6,14,7416.2,6,0,0,0,6,0.38,162.03
25,0,SemiDwell,2,0,7041.0,2,0,1,0,1,0.5985,303.04
25,0,SemiDwell,4,0,8483.7,4,0,0,1,5,0.096,134.99
25,0,SemiDwell,6,0,9873.7,6,0,0,0,6,0.2382,146.17
25,0,SemiDwell,2,1,7399.6,2,0,0,0,2,0.4391,206.84
25,0,SemiDwell,4,1,7598.7,4,0,0,0,4,0.1044,208.28
25,0,SemiDwell,6,1,9089.1,8,2,0,1,7,0.521,157.96
25,0,SemiDwell,2,2,7521.9,2,0,0,0,2,0.5557,223.76
25,0,SemiDwell,4,2,8716.9,4,0,0,0,4,0.3042,153.77
25,0,SemiDwell,6,2,9484.5,6,0,0,0,6,0.3604,209.64
25,0,SemiDwell,2,3,6070.5,2,0,0,0,2,0.3607,53.53
25,0,SemiDwell,4,3,7771.2,4,0,0,0,4,0.3899,134.34
25,0,SemiDwell,6,3,9246.2,6,0,1,0,5,0.3546,232.61
25,0,SemiDwell,2,4,8089.3,2,0,0,0,2,0.6484,134.84
25,0,SemiDwell,4,4,8932.5,4,0,0,0,4,0.2689,95.22
25,0,SemiDwell,6,4,9879.3,6,0,0,0,6,0.4939,40.17
25,0,SemiDwell,2,5,6968.9,2,0,0,0,2,0.3701,52.42
25,0,SemiDwell,4,5,8622.9,4,0,0,0,4,0.5938,46.13
25,0,SemiDwell,6,5,9128.8,6,0,0,1,7,0.4629,122.02
25,0,SemiDwell,2,6,7104.2,2,0,0,0,2,0.253,130.58
25,0,SemiDwell,4,6,7658.9,4,0,0,0,4,0.3237,100.14
25,0,SemiDwell,6,6,10406.3,6,0,0,0,6,0.0173,122.2
25,0,SemiDwell,2,7,7668.3,3,1,0,1,3,0.6001,58.57
25,0,SemiDwell,4,7,7548.2,4,0,0,0,4,0.4648,247.95
25,0,SemiDwell,6,7,9792.0,6,0,0,0,6,0.7161,163.08
25,0,SemiDwell,2,8,6406.0,3,1,0,0,2,0.5251,174.59
25,0,SemiDwell,4,8,8705.5,4,0,0,0,4,0.5411,196.54
25,0,SemiDwell,6,8,9518.4,6,0,0,0,6,0.3928,108.86
25,0,SemiDwell,2,9,7358.9,2,0,0,0,2,0.2739,145.0
25,0,SemiDwell,4,9,7709.3,4,0,0,1,5,0.5799,121.59
25,0,SemiDwell,6,9,8839.4,7,1,1,0,5,0.5211,40.11
25,0,SemiDwell,2,10,7190.8,2,0,0,0,2,0.3573,148.34
25,0,SemiDwell,4,10,8039.5,5,1,0,0,4,0.4252,73.66
25,0,SemiDwell,6,10,10135.9,6,0,1,0,5,0.1292,153.25
25,0,SemiDwell,2,11,6313.3,3,1,0,0,2,0.494,26.73
25,0,SemiDwell,4,11,8412.4,4,0,0,0,4,0.5861,206.99
25,0,SemiDwell,6,11,9086.9,6,0,1,0,5,0.473,197.06
25,0,SemiDwell,2,12,7110.0,2,0,0,0,2,0.2263,149.41
25,0,SemiDwell,4,12,7740.5,4,0,0,1,5,0.4971,134.2
25,0,SemiDwell,6,12,10745.1,6,0,1,0,5,0.0254,198.95
25,0,SemiDwell,2,13,7421.1,2,0,0,0,2,0.6998,123.6
25,0,SemiDwell,4,13,8351.0,5,1,0,0,4,0.3608,136.03
25,0,SemiDwell,6,13,10108.1,6,0,0,1,7,0.5293,68.07
25,0,SemiDwell,2,14,6275.3,2,0,0,0,2,0.4142,225.89
25,0,SemiDwell,4,14,8167.8,4,0,0,0,4,0.6181,167.78
25,0,SemiDwell,6,14,9771.6,6,0,1,1,6,0.298,224.15
25,1,SemiSwipe,2,0,7456.3,2,0,0,0,2,0.5014,241.62
25,1,SemiSwipe,4,0,9229.0,4,0,0,1,5,0.5427,120.25
25,1,SemiSwipe,6,0,10643.4,7,1,0,0,6,0.4883,182.15
25,1,SemiSwipe,2,1,7062.0,3,1,0,0,2,0.1324,159.07
25,1,SemiSwipe,4,1,8130.4,4,0,0,0,4,0.1904,185.42
25,1,SemiSwipe,6,1,9105.8,6,0,0,0,6,0.4465,154.12
25,1,SemiSwipe,2,2,7637.5,2,0,0,0,2,0.3093,145.99
25,1,SemiSwipe,4,2,7947.1,5,1,0,1,5,0.7422,149.98
25,1,SemiSwipe,6,2,10343.0,6,0,0,1,7,0.3883,134.67
25,1,SemiSwipe,2,3,8071.1,2,0,0,0,2,0.3617,194.86
25,1,SemiSwipe,4,3,8569.0,4,0,0,1,5,0.5351,119.89
25,1,SemiSwipe,6,3,9533.8,6,0,0,0,6,0.4936,249.4
25,1,SemiSwipe,2,4,6109.5,2,0,0,1,3,0.6523,240.21
25,1,SemiSwipe,4,4,8578.1,5,1,0,0,4,0.4236,153.58
25,1,SemiSwipe,6,4,10116.1,6,0,0,1,7,0.354,254.21
25,1,SemiSwipe,2,5,6909.4,2,0,0,0,2,0.392,195.6
25,1,SemiSwipe,4,5,8198.9,4,0,0,1,5,0.3712,127.27
25,1,SemiSwipe,6,5,10026.1,7,1,0,0,6,0.6134,207.41
25,1,SemiSwipe,2,6,7124.8,2,0,0,0,2,0.3067,47.05
25,1,SemiSwipe,4,6,8809.4,4,0,0,0,4,0.4535,96.2
25,1,SemiSwipe,6,6,11552.5,6,0,0,0,6,0.5605,164.58
25,1,SemiSwipe,2,7,7078.0,2,0,0,0,2,0.1171,148.94
25,1,SemiSwipe,4,7,8002.9,4,0,0,1,5,0.2778,133.07
25,1,SemiSwipe,6,7,10222.2,6,0,1,0,5,0.7622,179.88
25,1,SemiSwipe,2,8,7116.9,2,0,0,1,3,0.4249,149.02
25,1,SemiSwipe,4,8,8414.6,4,0,0,0,4,0.7434,126.25
25,1,SemiSwipe,6,8,9957.6,6,0,0,0,6,0.3555,167.96
25,1,SemiSwipe,2,9,7378.2,2,0,0,0,2,0.2302,67.43
25,1,SemiSwipe,4,9,9337.2,4,0,0,0,4,0.364,98.25
25,1,SemiSwipe,6,9,10075.4,6,0,1,0,5,0.2799,198.23
25,1,SemiSwipe,2,10,7563.5,2,0,0,0,2,0.3761,217.9
25,1,SemiSwipe,4,10,7923.2,4,0,0,1,5,0.3801,145.28
25,1,SemiSwipe,6,10,10030.5,6,0,0,0,6,0.5592,191.95
25,1,SemiSwipe,2,11,6942.3,2,0,0,1,3,0.538,185.36
25,1,SemiSwipe,4,11,9008.2,4,0,0,0,4,0.1082,140.74
25,1,SemiSwipe,6,11,9305.3,6,0,0,0,6,0.3484,185.56
25,1,SemiSwipe,2,12,6803.3,3,1,0,0,2,0.4674,136.82
25,1,SemiSwipe,4,12,8408.0,5,1,1,0,3,0.4112,119.51
25,1,SemiSwipe,6,12,9841.9,6,0,0,0,6,0.3691,82.29
25,1,SemiSwipe,2,13,7537.6,2,0,0,1,3,0.3989,193.35
25,1,SemiSwipe,4,13,8848.2,4,0,0,0,4,0.6024,79.6
25,1,SemiSwipe,6,13,9604.0,6,0,0,0,6,0.1741,136.36
25,1,SemiSwipe,2,14,7663.7,2,0,0,0,2,0.4482,105.97
25,1,SemiSwipe,4,14,8935.8,4,0,0,1,5,0.6923,66.74
25,1,SemiSwipe,6,14,10076.5,6,0,0,1,7,0.3791,215.22
25,2,SemiNDH,2,0,6646.1,3,1,0,0,2,0.5792,51.1
25,2,SemiNDH,4,0,7369.9,4,0,0,0,4,0.3325,89.81
25,2,SemiNDH,6,0,9725.2,7,1,0,0,6,0.1351,129.58
25,2,SemiNDH,2,1,5440.3,2,0,0,0,2,0.5578,165.02
25,2,SemiNDH,4,1,8530.3,4,0,0,0,4,0.2842,222.01
25,2,SemiNDH,6,1,9920.3,6,0,1,0,5,0.3477,210.12
25,2,SemiNDH,2,2,7018.4,2,0,1,0,1,0.7847,222.99
25,2,SemiNDH,4,2,7706.8,4,0,0,0,4,0.2206,180.94
25,2,SemiNDH,6,2,9056.9,6,0,0,0,6,0.4578,145.88
25,2,SemiNDH,2,3,7510.3,2,0,0,0,2,0.1553,236.03
25,2,SemiNDH,4,3,8870.7,4,0,0,0,4,0.6135,254.69
25,2,SemiNDH,6,3,9348.1,6,0,1,0,5,0.365,67.66
25,2,SemiNDH,2,4,6919.5,3,1,0,0,2,0.3903,261.02
25,2,SemiNDH,4,4,7568.2,4,0,0,1,5,0.4134,163.71
25,2,SemiNDH,6,4,10243.7,7,1,0,0,6,0.3739,81.8
25,2,SemiNDH,2,5,7270.7,2,0,0,0,2,0.4824,77.16
25,2,SemiNDH,4,5,7467.5,4,0,0,1,5,0.0017,108.29
25,2,SemiNDH,6,5,10793.7,6,0,0,0,6,0.4959,240.62
25,2,SemiNDH,2,6,7853.0,2,0,0,0,2,0.5203,148.0
25,2,SemiNDH,4,6,8908.7,5,1,1,0,3,0.4544,203.66
25,2,SemiNDH,6,6,10639.5,6,0,0,0,6,0.2327,47.25
25,2,SemiNDH,2,7,6791.3,2,0,0,0,2,0.534,115.64
25,2,SemiNDH,4,7,7736.9,4,0,0,0,4,0.4445,80.85
25,2,SemiNDH,6,7,9794.8,6,0,1,1,6,0.2684,171.59
25,2,SemiNDH,2,8,7013.1,2,0,0,0,2,0.4344,63.46
25,2,SemiNDH,4,8,7722.8,4,0,0,1,5,0.654,165.34
25,2,SemiNDH,6,8,9091.6,6,0,1,0,5,0.4057,168.05
25,2,SemiNDH,2,9,6015.9,2,0,0,0,2,0.3306,161.6
25,2,SemiNDH,4,9,8112.7,4,0,1,1,4,0.3131,153.51
25,2,SemiNDH,6,9,9113.9,6,0,0,1,7,0.2942,139.47
25,2,SemiNDH,2,10,7019.0,2,0,0,1,3,0.5392,186.93
25,2,SemiNDH,4,10,7756.5,4,0,0,1,5,0.3822,254.42
25,2,SemiNDH,6,10,9740.7,6,0,2,0,4,0.0736,167.73
25,2,SemiNDH,2,11,6758.9,2,0,0,1,3,0.1372,9.68
25,2,SemiNDH,4,11,8502.8,4,0,0,1,5,0.4263,26.39
25,2,SemiNDH,6,11,9968.2,6,0,1,1,6,0.1496,166.78
25,2,SemiNDH,2,12,7704.6,2,0,0,0,2,0.3919,256.35
25,2,SemiNDH,4,12,8057.9,4,0,0,0,4,0.3845,35.02
25,2,SemiNDH,6,12,9907.4,6,0,0,0,6,0.4195,131.1
25,2,SemiNDH,2,13,6985.4,2,0,0,0,2,0.3389,169.5
25,2,SemiNDH,4,13,9159.6,4,0,1,0,3,0.4986,185.67
25,2,SemiNDH,6,13,10436.5,6,0,0,1,7,0.4232,109.08
25,2,SemiNDH,2,14,6844.9,2,0,0,0,2,0.4499,239.96
25,2,SemiNDH,4,14,9053.1,4,0,0,0,4,0.4577,72.57
25,2,SemiNDH,6,14,10058.0,7,1,0,0,6,0.5272,150.11
25,3,SemiTilt,2,0,7865.8,2,0,0,1,3,0.2006,135.67
25,3,SemiTilt,4,0,8580.4,4,0,1,0,3,0.1478,219.65
25,3,SemiTilt,6,0,10239.3,6,0,0,0,6,0.429,166.19
25,3,SemiTilt,2,1,8777.4,2,0,0,0,2,0.5847,186.35
25,3,SemiTilt,4,1,8562.3,4,0,0,0,4,0.2094,138.24
25,3,SemiTilt,6,1,10820.6,8,2,0,0,6,0.1614,309.15
25,3,SemiTilt,2,2,8580.7,2,0,0,0,2,0.5314,209.81
25,3,SemiTilt,4,2,9195.0,4,0,0,0,4,0.4713,66.38
25,3,SemiTilt,6,2,10547.5,8,2,0,0,6,0.3201,55.54
25,3,SemiTilt,2,3,6616.7,2,0,0,0,2,0.4403,173.73
25,3,SemiTilt,4,3,9487.4,4,0,0,1,5,0.2599,192.25
25,3,SemiTilt,6,3,10915.5,6,0,0,0,6,0.2146,185.09
25,3,SemiTilt,2,4,7110.2,3,1,0,1,3,0.4519,133.83
25,3,SemiTilt,4,4,9179.4,4,0,0,0,4,0.6287,247.43
25,3,SemiTilt,6,4,9923.7,6,0,0,0,6,0.1817,61.19
25,3,SemiTilt,2,5,7678.2,2,0,0,0,2,0.2597,82.43
25,3,SemiTilt,4,5,8745.6,4,0,1,1,4,0.5261,150.74
25,3,SemiTilt,6,5,11051.9,6,0,0,1,7,0.57,81.22
25,3,SemiTilt,2,6,7608.9,2,0,0,1,3,0.6311,89.51
25,3,SemiTilt,4,6,8208.7,5,1,0,0,4,0.0665,125.16
25,3,SemiTilt,6,6,9790.9,6,0,1,0,5,0.3569,154.14
25,3,SemiTilt,2,7,6797.7,2,0,0,1,3,0.2713,259.78
25,3,SemiTilt,4,7,8493.0,4,0,0,0,4,0.379,65.14
25,3,SemiTilt,6,7,10577.4,7,1,0,0,6,0.2103,120.21
25,3,SemiTilt,2,8,6874.6,2,0,0,0,2,0.4019,98.01
25,3,SemiTilt,4,8,8814.1,6,2,0,0,4,0.3213,209.25
25,3,SemiTilt,6,8,9993.5,6,0,0,0,6,0.1624,92.09
25,3,SemiTilt,2,9,6882.5,2,0,0,0,2,0.2812,115.68
25,3,SemiTilt,4,9,9365.6,4,0,0,0,4,0.3652,113.28
25,3,SemiTilt,6,9,10259.4,7,1,0,0,6,0.4953,175.07
25,3,SemiTilt,2,10,7055.5,2,0,0,0,2,0.4459,92.99
25,3,SemiTilt,4,10,8619.6,4,0,0,0,4,0.3903,280.6
25,3,SemiTilt,6,10,10001.1,6,0,0,0,6,0.3261,89.73
25,3,SemiTilt,2,11,7768.6,2,0,0,0,2,0.6583,83.82
25,3,SemiTilt,4,11,8748.6,5,1,0,0,4,0.4482,48.43
25,3,SemiTilt,6,11,9731.1,6,0,0,0,6,0.2082,73.11
25,3,SemiTilt,2,12,7970.9,2,0,0,1,3,0.4769,67.05
25,3,SemiTilt,4,12,9189.7,4,0,0,0,4,0.5826,276.3
25,3,SemiTilt,6,12,9969.3,7,1,0,0,6,0.4949,138.24
25,3,SemiTilt,2,13,6946.2,2,0,0,0,2,0.3423,102.83
25,3,SemiTilt,4,13,8827.9,4,0,0,0,4,0.1829,139.03
25,3,SemiTilt,6,13,10965.8,6,0,0,0,6,0.4497,20.7
25,3,SemiTilt,2,14,7387.5,2,0,0,0,2,0.5896,200.67
25,3,SemiTilt,4,14,7262.1,4,0,0,0,4,0.4742,133.84
25,3,SemiTilt,6,14,10275.8,7,1,0,0,6,0.6577,186.54
25,4,FullDH,2,0,6311.3,2,0,0,0,2,0.2945,244.34
25,4,FullDH,4,0,7252.9,5,1,0,1,5,0.6212,223.01
25,4,FullDH,6,0,9836.4,6,0,0,1,7,0.6943,207.87
25,4,FullDH,2,1,6150.9,2,0,0,0,2,0.3939,215.45
25,4,FullDH,4,1,8075.9,4,0,0,0,4,0.2166,185.15
25,4,FullDH,6,1,9347.6,6,0,0,1,7,0.2161,196.82
25,4,FullDH,2,2,6251.6,2,0,0,0,2,0.6359,45.87
25,4,FullDH,4,2,7379.0,4,0,0,0,4,0.2564,124.42
25,4,FullDH,6,2,9308.7,6,0,0,1,7,0.3408,107.68
25,4,FullDH,2,3,6979.5,2,0,0,1,3,0.2514,66.37
25,4,FullDH,4,3,7811.3,4,0,0,1,5,0.5337,24.43
25,4,FullDH,6,3,10305.5,6,0,0,0,6,0.3277,184.27
25,4,FullDH,2,4,6669.2,2,0,0,0,2,0.32,90.03
25,4,FullDH,4,4,6749.4,5,1,0,0,4,0.5227,146.16
25,4,FullDH,6,4,9620.7,6,0,0,0,6,0.1887,146.12
25,4,FullDH,2,5,6596.8,2,0,0,0,2,0.3133,93.86
25,4,FullDH,4,5,7706.6,4,0,0,0,4,0.4155,111.38
25,4,FullDH,6,5,9399.0,6,0,0,1,7,0.2972,205.96
25,4,FullDH,2,6,7263.3,3,1,0,0,2,0.7238,202.71
25,4,FullDH,4,6,9028.2,4,0,0,0,4,0.5299,134.34
25,4,FullDH,6,6,8686.9,6,0,0,1,7,0.4492,13.6
25,4,FullDH,2,7,6701.4,2,0,0,0,2,0.2725,189.8
25,4,FullDH,4,7,7861.1,4,0,0,1,5,0.0917,125.73
25,4,FullDH,6,7,9239.7,7,1,0,1,7,0.5155,218.99
25,4,FullDH,2,8,6162.1,2,0,0,0,2,0.3275,229.34
25,4,FullDH,4,8,8445.1,4,0,0,0,4,0.4317,206.82
25,4,FullDH,6,8,8858.6,6,0,0,1,7,0.483,175.71
25,4,FullDH,2,9,6203.4,2,0,0,0,2,0.458,89.31
25,4,FullDH,4,9,7512.1,4,0,0,0,4,0.373,125.71
25,4,FullDH,6,9,9834.8,7,1,0,0,6,0.5604,308.9
25,4,FullDH,2,10,5958.8,2,0,0,0,2,0.2802,147.29
25,4,FullDH,4,10,8185.9,5,1,1,1,4,0.222,240.08
25,4,FullDH,6,10,8142.9,6,0,0,1,7,0.153,211.28
25,4,FullDH,2,11,6390.8,2,0,0,0,2,0.2415,223.43
25,4,FullDH,4,11,8707.8,4,0,0,0,4,0.5035,110.14
25,4,FullDH,6,11,7695.8,6,0,1,0,5,0.3947,129.36
25,4,FullDH,2,12,6407.5,2,0,0,0,2,0.569,227.67
25,4,FullDH,4,12,7965.0,4,0,0,0,4,0.2438,223.44
25,4,FullDH,6,12,9534.7,6,0,0,0,6,0.3153,107.4
25,4,FullDH,2,13,6932.1,2,0,0,1,3,0.5697,164.2
25,4,FullDH,4,13,8474.1,4,0,0,1,5,0.3269,78.0
25,4,FullDH,6,13,8850.3,6,0,0,1,7,0.3908,173.88
25,4,FullDH,2,14,6393.9,2,0,0,1,3,0.5169,120.66
25,4,FullDH,4,14,8419.9,4,0,0,0,4,0.5521,164.5
25,4,FullDH,6,14,8735.0,6,0,0,1,7,0.2005,203.44
26,0,SemiSwipe,2,0,6706.2,2,0,0,0,2,0.428,11.97
26,0,SemiSwipe,4,0,8603.8,5,1,0,0,4,0.5386,189.53
26,0,SemiSwipe,6,0,9433.5,7,1,0,0,6,0.2427,106.93
26,0,SemiSwipe,2,1,7391.8,2,0,0,0,2,0.4975,83.43
26,0,SemiSwipe,4,1,7677.2,4,0,0,1,5,0.6023,158.32
26,0,SemiSwipe,6,1,9329.0,6,0,0,0,6,0.2774,220.03
26,0,SemiSwipe,2,2,5752.4,2,0,0,0,2,0.3575,77.95
26,0,SemiSwipe,4,2,7084.3,4,0,0,0,4,0.6866,218.95
26,0,SemiSwipe,6,2,10061.8,6,0,0,0,6,0.3577,88.8
26,0,SemiSwipe,2,3,7646.7,2,0,0,0,2,0.4931,130.67
26,0,SemiSwipe,4,3,8033.3,4,0,1,0,3,0.4229,165.73
26,0,SemiSwipe,6,3,9060.2,6,0,0,0,6,0.3707,112.98
26,0,SemiSwipe,2,4,6867.6,2,0,0,0,2,0.3451,160.73
26,0,SemiSwipe,4,4,7843.0,4,0,0,0,4,0.1898,90.71
26,0,SemiSwipe,6,4,10139.0,6,0,0,0,6,0.3618,170.09
26,0,SemiSwipe,2,5,6314.1,2,0,0,1,3,0.3033,120.73
26,0,SemiSwipe,4,5,8816.6,4,0,0,0,4,0.6184,211.62
26,0,SemiSwipe,6,5,9821.7,8,2,0,1,7,0.5953,116.13
26,0,SemiSwipe,2,6,7568.6,3,1,0,0,2,0.4241,117.92
26,0,SemiSwipe,4,6,7851.8,5,1,1,1,4,0.8461,73.71
26,0,SemiSwipe,6,6,9694.6,6,0,0,0,6,0.7215,86.27
26,0,SemiSwipe,2,7,6169.8,2,0,0,1,3,0.5184,113.83
26,0,SemiSwipe,4,7,8696.7,4,0,0,0,4,0.4489,258.69
26,0,SemiSwipe,6,7,10378.1,6,0,1,1,6,0.3249,80.33
26,0,SemiSwipe,2,8,6261.9,2,0,0,1,3,0.3353,235.19
26,0,SemiSwipe,4,8,7864.4,5,1,0,0,4,0.5196,233.58
26,0,SemiSwipe,6,8,10408.0,6,0,0,0,6,0.5002,96.9
26,0,SemiSwipe,2,9,6909.5,3,1,0,0,2,0.2043,134.36
26,0,SemiSwipe,4,9,7764.6,4,0,0,0,4,0.6419,183.59
26,0,SemiSwipe,6,9,9518.0,6,0,0,1,7,0.3695,98.91
26,0,SemiSwipe,2,10,5633.1,2,0,0,0,2,0.3578,194.44
26,0,SemiSwipe,4,10,8069.4,4,0,0,0,4,0.4233,172.5
26,0,SemiSwipe,6,10,8332.7,6,0,0,0,6,0.3581,233.25
26,0,SemiSwipe,2,11,6810.1,2,0,0,0,2,0.4091,128.97
26,0,SemiSwipe,4,11,7805.7,4,0,0,0,4,0.3309,141.14
26,0,SemiSwipe,6,11,9568.3,6,0,0,0,6,0.2336,175.06
26,0,SemiSwipe,2,12,6001.7,2,0,0,1,3,0.3649,145.22
26,0,SemiSwipe,4,12,8207.4,4,0,0,0,4,0.4781,232.75
26,0,SemiSwipe,6,12,10028.3,6,0,0,0,6,0.3947,49.77
26,0,SemiSwipe,2,13,6780.3,2,0,0,0,2,0.3847,175.15
26,0,SemiSwipe,4,13,8741.8,4,0,0,0,4,0.3456,111.79
26,0,SemiSwipe,6,13,9147.6,6,0,0,0,6,0.4837,95.47
26,0,SemiSwipe,2,14,7111.6,2,0,0,0,2,0.3944,110.47
26,0,SemiSwipe,4,14,7388.7,4,0,0,0,4,0.4873,161.4
26,0,SemiSwipe,6,14,9074.7,6,0,0,0,6,0.5761,216.5
26,1,SemiTilt,2,0,7686.2,2,0,0,0,2,0.6209,81.53
26,1,SemiTilt,4,0,8596.6,4,0,0,0,4,0.5296,162.55
26,1,SemiTilt,6,0,10063.3,6,0,1,0,5,0.7041,190.13
26,1,SemiTilt,2,1,6610.4,2,0,0,0,2,0.4106,171.06
26,1,SemiTilt,4,1,8652.1,4,0,0,0,4,0.5769,162.25
26,1,SemiTilt,6,1,9940.5,6,0,0,1,7,0.483,162.41
26,1,SemiTilt,2,2,6805.0,2,0,1,1,2,0.2114,115.71
26,1,SemiTilt,4,2,7184.0,5,1,0,0,4,0.3098,239.83
26,1,SemiTilt,6,2,8776.2,6,0,0,1,7,0.0975,186.76
26,1,SemiTilt,2,3,7370.7,2,0,0,0,2,0.5694,150.37
26,1,SemiTilt,4,3,7746.2,4,0,0,0,4,0.5634,60.37
26,1,SemiTilt,6,3,9581.9,7,1,1,0,5,0.3315,132.79
26,1,SemiTilt,2,4,6936.5,2,0,0,1,3,0.5545,198.1
26,1,SemiTilt,4,4,7463.6,4,0,0,0,4,0.5455,129.74
26,1,SemiTilt,6,4,10072.3,7,1,0,0,6,0.1293,161.1
26,1,SemiTilt,2,5,7481.0,3,1,0,0,2,0.2631,208.64
26,1,SemiTilt,4,5,8970.4,4,0,0,0,4,0.1079,207.42
26,1,SemiTilt,6,5,9497.0,6,0,0,0,6,0.5772,242.69
26,1,SemiTilt,2,6,6699.5,2,0,0,0,2,0.2627,121.74
26,1,SemiTilt,4,6,8172.0,4,0,0,1,5,0.403,218.65
26,1,SemiTilt,6,6,9564.5,7,1,0,1,7,0.3078,136.79
26,1,SemiTilt,2,7,6553.1,2,0,0,0,2,0.4393,228.48
26,1,SemiTilt,4,7,8131.0,4,0,0,0,4,0.3711,197.89
26,1,SemiTilt,6,7,9671.0,6,0,0,0,6,0.3522,153.01
26,1,SemiTilt,2,8,6962.9,2,0,0,1,3,0.4482,116.67
26,1,SemiTilt,4,8,8624.6,4,0,0,1,5,0.2959,127.62
26,1,SemiTilt,6,8,9881.8,6,0,0,0,6,0.3022,340.95
26,1,SemiTilt,2,9,7239.8,2,0,0,0,2,0.4562,60.11
26,1,SemiTilt,4,9,9406.1,4,0,0,0,4,0.1271,207.2
26,1,SemiTilt,6,9,8581.8,6,0,0,1,7,0.3275,202.41
26,1,SemiTilt,2,10,7405.9,2,0,0,0,2,0.4622,165.22
26,1,SemiTilt,4,10,8676.8,4,0,0,0,4,0.3561,135.14
26,1,SemiTilt,6,10,9801.8,6,0,0,0,6,0.6832,193.5
26,1,SemiTilt,2,11,7678.1,2,0,0,0,2,0.4008,310.17
26,1,SemiTilt,4,11,7973.7,4,0,0,0,4,0.325,125.13
26,1,SemiTilt,6,11,10029.3,6,0,0,1,7,0.4888,161.68
26,1,SemiTilt,2,12,6884.0,2,0,0,1,3,0.2727,211.94
26,1,SemiTilt,4,12,8616.7,4,0,1,0,3,0.4459,101.83
26,1,SemiTilt,6,12,10436.2,7,1,1,0,5,0.4657,197.94
26,1,SemiTilt,2,13,6268.8,2,0,0,0,2,0.5771,100.61
26,1,SemiTilt,4,13,8167.7,4,0,0,0,4,0.2296,240.45
26,1,SemiTilt,6,13,9382.6,6,0,0,0,6,0.5325,256.74
26,1,SemiTilt,2,14,6755.2,2,0,0,0,2,0.2516,284.76
26,1,SemiTilt,4,14,9276.4,4,0,0,1,5,0.2159,115.17
26,1,SemiTilt,6,14,8916.6,6,0,0,1,7,0.5088,111.04
26,2,SemiDwell,2,0,6064.2,2,0,0,0,2,0.5497,125.49
26,2,SemiDwell,4,0,7338.8,4,0,0,1,5,0.0761,171.22
26,2,SemiDwell,6,0,8986.1,6,0,0,0,6,0.3128,143.04
26,2,SemiDwell,2,1,5352.7,2,0,0,0,2,0.4562,207.88
26,2,SemiDwell,4,1,8031.9,4,0,0,0,4,0.4822,176.78
26,2,SemiDwell,6,1,9647.8,6,0,0,1,7,0.6593,78.49
26,2,SemiDwell,2,2,6613.9,2,0,0,1,3,0.537,144.39
26,2,SemiDwell,4,2,7948.7,5,1,0,0,4,0.3159,137.75
26,2,SemiDwell,6,2,8591.7,6,0,0,1,7,0.3206,183.75
26,2,SemiDwell,2,3,5927.5,2,0,0,0,2,0.2883,131.73
26,2,SemiDwell,4,3,7983.0,4,0,0,0,4,0.4879,94.91
26,2,SemiDwell,6,3,8661.6,6,0,0,1,7,0.464,139.17
26,2,SemiDwell,2,4,6703.3,3,1,0,0,2,0.4275,273.45
26,2,SemiDwell,4,4,8038.9,4,0,1,0,3,0.3754,228.63
26,2,SemiDwell,6,4,8557.1,6,0,0,1,7,0.4024,89.28
26,2,SemiDwell,2,5,5867.9,2,0,1,0,1,0.237,186.75
26,2,SemiDwell,4,5,7879.4,4,0,0,1,5,0.4696,107.11
26,2,SemiDwell,6,5,9780.5,6,0,0,1,7,0.455,68.39
26,2,SemiDwell,2,6,6367.4,2,0,0,0,2,0.2878,116.16
26,2,SemiDwell,4,6,7661.8,4,0,0,0,4,0.361,168.41
26,2,SemiDwell,6,6,8408.0,6,0,0,1,7,0.3581,131.37
26,2,SemiDwell,2,7,5733.7,2,0,0,1,3,0.3853,178.54
26,2,SemiDwell,4,7,7528.5,4,0,0,0,4,0.3384,102.44
26,2,SemiDwell,6,7,9243.3,8,2,0,1,7,0.292,155.53
26,2,SemiDwell,2,8,6147.2,2,0,0,0,2,0.5296,168.75
26,2,SemiDwell,4,8,8104.4,4,0,0,1,5,0.3258,69.39
26,2,SemiDwell,6,8,9135.0,6,0,0,0,6,0.1842,67.96
26,2,SemiDwell,2,9,6442.4,2,0,0,1,3,0.2565,199.74
26,2,SemiDwell,4,9,8266.6,4,0,0,0,4,0.4462,232.68
26,2,SemiDwell,6,9,8611.0,6,0,0,1,7,0.365,142.78
26,2,SemiDwell,2,10,6235.1,2,0,0,1,3,0.4978,278.84
26,2,SemiDwell,4,10,8095.8,5,1,0,1,5,0.4354,113.98
26,2,SemiDwell,6,10,8025.4,7,1,0,1,7,0.5657,168.48
26,2,SemiDwell,2,11,5903.8,2,0,0,0,2,0.3976,177.82
26,2,SemiDwell,4,11,7434.0,4,0,0,1,5,0.0215,201.69
26,2,SemiDwell,6,11,8711.0,6,0,0,0,6,0.451,191.79
26,2,SemiDwell,2,12,6247.1,2,0,0,1,3,0.4297,159.69
26,2,SemiDwell,4,12,8226.4,4,0,0,0,4,0.518,169.04
26,2,SemiDwell,6,12,9323.4,7,1,1,0,5,0.2391,138.59
26,2,SemiDwell,2,13,6632.0,3,1,0,0,2,0.5342,152.26
26,2,SemiDwell,4,13,8550.7,4,0,0,0,4,0.4643,122.7
26,2,SemiDwell,6,13,9738.1,6,0,0,0,6,0.5133,190.75
26,2,SemiDwell,2,14,6201.0,2,0,0,0,2,0.4183,201.37
26,2,SemiDwell,4,14,7291.2,4,0,0,0,4,0.4504,97.84
26,2,SemiDwell,6,14,8975.4,6,0,0,0,6,0.4034,136.21
26,3,FullDH,2,0,5482.6,2,0,0,0,2,0.2309,175.04
26,3,FullDH,4,0,7440.5,4,0,0,0,4,0.2302,116.67
26,3,FullDH,6,0,8518.1,6,0,0,0,6,0.4281,61.72
26,3,FullDH,2,1,5720.1,2,0,0,0,2,0.5866,173.81
26,3,FullDH,4,1,7342.9,4,0,0,1,5,0.4231,196.77
26,3,FullDH,6,1,8293.2,7,1,0,0,6,0.5795,106.83
26,3,FullDH,2,2,5522.5,4,2,0,0,2,0.2056,152.17
26,3,FullDH,4,2,6948.1,4,0,0,0,4,0.5147,143.5
26,3,FullDH,6,2,9121.7,6,0,0,0,6,0.0552,186.04
26,3,FullDH,2,3,5061.2,2,0,0,0,2,0.3876,97.88
26,3,FullDH,4,3,6726.2,4,0,0,1,5,0.2058,122.18
26,3,FullDH,6,3,8640.1,6,0,0,0,6,0.1699,244.67
26,3,FullDH,2,4,6135.0,2,0,0,0,2,0.4518,165.63
26,3,FullDH,4,4,7901.6,4,0,0,0,4,0.5793,139.93
26,3,FullDH,6,4,8470.9,7,1,1,0,5,0.3052,216.02
26,3,FullDH,2,5,5726.1,2,0,1,1,2,0.223,0.69
26,3,FullDH,4,5,6873.1,4,0,0,1,5,0.5402,281.61
26,3,FullDH,6,5,8826.7,6,0,1,0,5,0.4289,136.89
26,3,FullDH,2,6,6277.3,2,0,0,0,2,0.6728,85.66
26,3,FullDH,4,6,6358.1,4,0,0,0,4,0.4144,221.18
26,3,FullDH,6,6,9431.0,6,0,1,1,6,0.6763,153.54
26,3,FullDH,2,7,6139.8,2,0,0,0,2,0.3837,99.1
26,3,FullDH,4,7,5611.2,4,0,0,1,5,0.1573,122.9
26,3,FullDH,6,7,7960.9,6,0,0,0,6,0.0294,126.56
26,3,FullDH,2,8,6003.9,2,0,0,0,2,0.4153,159.89
26,3,FullDH,4,8,6641.0,4,0,1,0,3,0.1224,100.65
26,3,FullDH,6,8,8234.9,6,0,0,0,6,0.7399,98.19
26,3,FullDH,2,9,4721.2,3,1,0,0,2,0.3554,148.77
26,3,FullDH,4,9,6600.4,4,0,0,0,4,0.5832,189.67
26,3,FullDH,6,9,8850.0,6,0,0,0,6,0.4985,147.39
26,3,FullDH,2,10,5626.4,2,0,1,0,1,0.4078,109.86
26,3,FullDH,4,10,6262.4,5,1,0,1,5,0.4686,87.41
26,3,FullDH,6,10,8269.6,6,0,0,0,6,0.6145,187.98
26,3,FullDH,2,11,5265.2,2,0,0,0,2,0.7469,92.55
26,3,FullDH,4,11,6895.0,4,0,0,0,4,0.5392,128.81
26,3,FullDH,6,11,8247.0,6,0,0,1,7,0.1281,165.25
26,3,FullDH,2,12,5901.4,3,1,0,0,2,0.4681,106.6
26,3,FullDH,4,12,7065.4,4,0,0,0,4,0.2437,192.42
26,3,FullDH,6,12,8670.8,6,0,1,0,5,0.6056,191.27
26,3,FullDH,2,13,5809.1,2,0,1,0,1,0.2639,124.75
26,3,FullDH,4,13,7294.5,4,0,0,0,4,0.3801,279.76
26,3,FullDH,6,13,8835.3,6,0,1,0,5,0.5442,77.94
26,3,FullDH,2,14,5534.2,2,0,0,1,3,0.222,177.07
26,3,FullDH,4,14,7690.7,4,0,0,0,4,0.4975,117.33
26,3,FullDH,6,14,9291.2,7,1,0,0,6,0.5466,273.78
26,4,SemiNDH,2,0,5272.4,2,0,0,0,2,0.1968,178.95
26,4,SemiNDH,4,0,7410.7,4,0,0,0,4,0.5594,134.09
26,4,SemiNDH,6,0,9014.0,6,0,0,0,6,0.396,144.13
26,4,SemiNDH,2,1,5560.3,2,0,0,0,2,0.4486,178.46
26,4,SemiNDH,4,1,7962.6,4,0,0,0,4,0.1879,252.91
26,4,SemiNDH,6,1,9167.3,6,0,0,0,6,0.1611,267.76
26,4,SemiNDH,2,2,6266.4,2,0,0,0,2,0.395,173.85
26,4,SemiNDH,4,2,6457.1,4,0,0,1,5,0.6332,25.67
26,4,SemiNDH,6,2,8713.8,6,0,1,1,6,0.5509,160.1
26,4,SemiNDH,2,3,5538.5,3,1,0,1,3,0.3557,207.76
26,4,SemiNDH,4,3,8174.3,4,0,0,0,4,0.4445,164.47
26,4,SemiNDH,6,3,7768.4,6,0,0,1,7,0.2507,161.13
26,4,SemiNDH,2,4,6101.1,2,0,0,0,2,0.5325,57.91
26,4,SemiNDH,4,4,8103.8,4,0,0,0,4,0.3166,50.91
26,4,SemiNDH,6,4,8846.2,6,0,0,0,6,0.2979,133.86
26,4,SemiNDH,2,5,6257.1,2,0,0,1,3,0.5455,164.02
26,4,SemiNDH,4,5,6707.6,5,1,0,0,4,0.477,241.22
26,4,SemiNDH,6,5,8690.8,6,0,0,0,6,0.1667,200.67
26,4,SemiNDH,2,6,6055.4,2,0,0,0,2,0.4736,133.75
26,4,SemiNDH,4,6,7525.2,4,0,0,1,5,0.4171,217.29
26,4,SemiNDH,6,6,7938.7,6,0,0,1,7,0.1467,188.98
26,4,SemiNDH,2,7,5733.6,2,0,0,1,3,0.333,66.75
26,4,SemiNDH,4,7,7073.6,4,0,0,1,5,0.5404,183.76
26,4,SemiNDH,6,7,8826.1,6,0,0,0,6,0.2118,192.64
26,4,SemiNDH,2,8,6166.5,2,0,1,0,1,0.3161,146.98
26,4,SemiNDH,4,8,8256.7,4,0,0,0,4,0.3813,180.91
26,4,SemiNDH,6,8,9455.8,6,0,0,1,7,0.2917,142.98
26,4,SemiNDH,2,9,6326.4,2,0,0,0,2,0.3367,124.58
26,4,SemiNDH,4,9,7495.1,4,0,0,0,4,0.3026,123.82
26,4,SemiNDH,6,9,8498.0,6,0,0,0,6,0.1463,86.85
26,4,SemiNDH,2,10,6833.3,2,0,0,0,2,0.178,144.04
26,4,SemiNDH,4,10,6660.6,4,0,0,0,4,0.0756,173.09
26,4,SemiNDH,6,10,8708.7,6,0,0,0,6,0.3907,134.4
26,4,SemiNDH,2,11,8036.8,2,0,0,0,2,0.3308,183.18
26,4,SemiNDH,4,11,7146.4,4,0,2,0,2,0.5055,186.08
26,4,SemiNDH,6,11,8565.9,6,0,0,0,6,0.5093,172.26
26,4,SemiNDH,2,12,6107.2,2,0,0,1,3,0.5075,265.84
26,4,SemiNDH,4,12,6644.0,4,0,0,0,4,0.4672,174.18
26,4,SemiNDH,6,12,8417.3,7,1,0,1,7,0.4998,105.95
26,4,SemiNDH,2,13,6531.3,2,0,0,0,2,0.3884,139.18
26,4,SemiNDH,4,13,7501.6,4,0,0,1,5,0.3938,210.71
26,4,SemiNDH,6,13,9737.5,6,0,1,1,6,0.5571,138.2
26,4,SemiNDH,2,14,5389.8,2,0,0,0,2,0.3851,180.93
26,4,SemiNDH,4,14,7147.4,5,1,0,0,4,0.7579,113.86
26,4,SemiNDH,6,14,9095.0,6,0,0,0,6,0.3609,236.73
27,0,SemiTilt,2,0,6971.2,2,0,0,0,2,0.6536,87.51
27,0,SemiTilt,4,0,8339.3,4,0,0,0,4,0.2118,150.15
27,0,SemiTilt,6,0,9424.7,6,0,0,1,7,0.4157,120.58
27,0,SemiTilt,2,1,8147.8,2,0,0,0,2,0.4186,170.64
27,0,SemiTilt,4,1,9105.6,4,0,0,0,4,0.3451,128.92
27,0,SemiTilt,6,1,10055.0,6,0,1,1,6,0.2918,174.33
27,0,SemiTilt,2,2,7780.2,2,0,0,0,2,0.2873,41.32
27,0,SemiTilt,4,2,8998.1,4,0,0,0,4,0.3318,101.41
27,0,SemiTilt,6,2,9696.0,6,0,0,0,6,0.6207,138.85
27,0,SemiTilt,2,3,7833.7,3,1,0,0,2,0.2474,129.18
27,0,SemiTilt,4,3,8567.3,4,0,0,0,4,0.3238,192.1
27,0,SemiTilt,6,3,9570.9,7,1,0,0,6,0.3762,180.41
27,0,SemiTilt,2,4,7754.1,2,0,0,0,2,0.604,91.99
27,0,SemiTilt,4,4,9262.0,4,0,0,1,5,0.5469,232.35
27,0,SemiTilt,6,4,10710.4,6,0,0,0,6,0.3935,211.22
27,0,SemiTilt,2,5,6736.6,2,0,0,0,2,0.561,186.16
27,0,SemiTilt,4,5,9023.0,4,0,0,0,4,0.0924,90.48
27,0,SemiTilt,6,5,9914.6,6,0,0,0,6,0.4318,236.47
27,0,SemiTilt,2,6,7303.6,2,0,0,0,2,0.3446,140.31
27,0,SemiTilt,4,6,8293.2,4,0,0,0,4,0.2939,205.37
27,0,SemiTilt,6,6,10849.7,7,1,0,0,6,0.236,134.39
27,0,SemiTilt,2,7,6084.2,3,1,0,0,2,0.3527,65.56
27,0,SemiTilt,4,7,8833.5,4,0,0,0,4,0.6557,113.12
27,0,SemiTilt,6,7,10411.1,6,0,1,0,5,0.5662,216.33
27,0,SemiTilt,2,8,7919.7,2,0,0,0,2,0.2148,142.81
27,0,SemiTilt,4,8,8729.4,4,0,1,0,3,0.5655,148.33
27,0,SemiTilt,6,8,11689.4,6,0,0,0,6,0.4958,160.44
27,0,SemiTilt,2,9,8228.3,2,0,0,1,3,0.4029,91.58
27,0,SemiTilt,4,9,8673.1,4,0,0,1,5,0.5532,183.15
27,0,SemiTilt,6,9,10312.9,7,1,0,1,7,0.3954,148.67
27,0,SemiTilt,2,10,7073.7,2,0,0,0,2,0.5975,170.91
27,0,SemiTilt,4,10,8826.2,4,0,0,0,4,0.3634,150.69
27,0,SemiTilt,6,10,10450.9,6,0,0,0,6,0.1546,157.6
27,0,SemiTilt,2,11,8043.0,2,0,0,0,2,0.5866,182.03
27,0,SemiTilt,4,11,8832.0,4,0,0,1,5,0.1867,53.52
27,0,SemiTilt,6,11,9527.7,7,1,0,0,6,0.235,230.94
27,0,SemiTilt,2,12,8087.1,2,0,0,0,2,0.519,183.1
27,0,SemiTilt,4,12,8881.4,5,1,0,0,4,0.4652,229.23
27,0,SemiTilt,6,12,11083.1,6,0,1,0,5,0.2199,69.71
27,0,SemiTilt,2,13,7000.0,2,0,0,1,3,0.4949,26.09
27,0,SemiTilt,4,13,8357.2,4,0,0,1,5,0.0882,139.27
27,0,SemiTilt,6,13,10330.2,6,0,0,1,7,0.16,189.72
27,0,SemiTilt,2,14,7252.9,3,1,0,1,3,0.5403,146.28
27,0,SemiTilt,4,14,8577.1,4,0,0,1,5,0.3397,135.58
27,0,SemiTilt,6,14,10087.7,6,0,0,0,6,0.5554,174.56
27,1,FullDH,2,0,6188.0,2,0,0,0,2,0.5095,143.9
27,1,FullDH,4,0,8518.0,4,0,0,0,4,0.4087,37.5
27,1,FullDH,6,0,9586.8,6,0,0,0,6,0.2033,167.32
27,1,FullDH,2,1,6369.6,3,1,0,0,2,0.2953,158.64
27,1,FullDH,4,1,7943.4,4,0,0,0,4,0.4911,77.13
27,1,FullDH,6,1,9143.0,7,1,0,0,6,0.4028,74.24
27,1,FullDH,2,2,7519.0,2,0,0,0,2,0.5214,70.4
27,1,FullDH,4,2,8432.7,4,0,0,0,4,0.2243,168.97
27,1,FullDH,6,2,9291.8,6,0,0,0,6,0.5457,200.57
27,1,FullDH,2,3,5772.6,2,0,0,0,2,0.3636,168.83
27,1,FullDH,4,3,8074.2,5,1,0,1,5,0.4853,51.96
27,1,FullDH,6,3,9243.1,7,1,1,1,6,0.6486,125.01
27,1,FullDH,2,4,5849.1,2,0,0,0,2,0.1607,50.25
27,1,FullDH,4,4,6486.3,4,0,1,0,3,0.2785,156.14
27,1,FullDH,6,4,9054.4,6,0,0,0,6,0.5851,91.12
27,1,FullDH,2,5,5915.6,3,1,0,0,2,0.1965,207.04
27,1,FullDH,4,5,7167.6,4,0,0,0,4,0.3807,196.7
27,1,FullDH,6,5,10005.8,6,0,0,0,6,0.473,143.06
27,1,FullDH,2,6,6425.0,2,0,0,0,2,0.648,123.04
27,1,FullDH,4,6,8561.8,4,0,0,0,4,0.3454,223.74
27,1,FullDH,6,6,10770.3,8,2,1,1,6,0.193,190.11
27,1,FullDH,2,7,6879.8,2,0,0,1,3,0.4098,66.88
27,1,FullDH,4,7,7626.3,4,0,1,0,3,0.4073,166.1
27,1,FullDH,6,7,9049.5,6,0,0,1,7,0.3433,87.11
27,1,FullDH,2,8,6706.5,2,0,0,0,2,0.4082,153.03
27,1,FullDH,4,8,8648.0,4,0,0,1,5,0.3405,87.44
27,1,FullDH,6,8,8633.8,6,0,0,0,6,0.4932,60.55
27,1,FullDH,2,9,5644.0,2,0,0,1,3,0.295,180.43
27,1,FullDH,4,9,7344.8,4,0,0,0,4,0.2809,60.2
27,1,FullDH,6,9,8915.7,6,0,0,1,7,0.7448,131.98
27,1,FullDH,2,10,6838.3,3,1,0,1,3,0.3485,325.39
27,1,FullDH,4,10,7427.8,4,0,0,1,5,0.5627,199.2
27,1,FullDH,6,10,9621.3,7,1,0,0,6,0.5794,166.66
27,1,FullDH,2,11,6025.1,2,0,0,0,2,0.3084,162.66
27,1,FullDH,4,11,7320.1,4,0,0,0,4,0.6805,152.74
27,1,FullDH,6,11,8679.5,6,0,0,1,7,0.3814,162.43
27,1,FullDH,2,12,5792.0,2,0,0,0,2,0.4396,130.66
27,1,FullDH,4,12,8828.6,4,0,0,0,4,0.3835,171.34
27,1,FullDH,6,12,9618.9,6,0,0,0,6,0.6648,180.66
27,1,FullDH,2,13,6165.6,2,0,0,0,2,0.3208,203.64
27,1,FullDH,4,13,8315.1,4,0,1,0,3,0.7217,201.61
27,1,FullDH,6,13,8532.0,6,0,0,0,6,0.3594,142.91
27,1,FullDH,2,14,6702.8,2,0,0,0,2,0.4772,71.8
27,1,FullDH,4,14,8683.8,4,0,0,0,4,0.5047,116.19
27,1,FullDH,6,14,8700.5,6,0,0,1,7,0.6182,152.37
27,2,SemiSwipe,2,0,7199.2,2,0,0,0,2,0.1647,243.82
27,2,SemiSwipe,4,0,7468.0,5,1,0,0,4,0.3617,87.3
27,2,SemiSwipe,6,0,9510.4,7,1,1,0,5,0.1034,202.49
27,2,SemiSwipe,2,1,6459.3,2,0,0,0,2,0.1745,64.08
27,2,SemiSwipe,4,1,9591.6,4,0,0,1,5,0.6105,119.49
27,2,SemiSwipe,6,1,10353.5,6,0,1,0,5,0.536,91.73
27,2,SemiSwipe,2,2,7767.5,2,0,1,0,1,0.5241,193.42
27,2,SemiSwipe,4,2,8799.7,4,0,0,1,5,0.4696,231.66
27,2,SemiSwipe,6,2,10219.2,6,0,0,1,7,0.5517,175.33
27,2,SemiSwipe,2,3,7314.6,2,0,1,1,2,0.4904,170.24
27,2,SemiSwipe,4,3,9326.2,4,0,0,0,4,0.5136,184.21
27,2,SemiSwipe,6,3,10454.5,7,1,0,0,6,0.3293,221.7
27,2,SemiSwipe,2,4,5591.8,2,0,0,0,2,0.2621,193.99
27,2,SemiSwipe,4,4,8134.3,5,1,0,0,4,0.4578,243.82
27,2,SemiSwipe,6,4,10827.2,6,0,0,0,6,0.4689,115.0
27,2,SemiSwipe,2,5,7137.9,2,0,1,0,1,0.469,176.38
27,2,SemiSwipe,4,5,8015.2,4,0,0,0,4,0.526,146.36
27,2,SemiSwipe,6,5,10085.9,6,0,0,1,7,0.3309,37.38
27,2,SemiSwipe,2,6,7548.6,4,2,0,0,2,0.3865,277.96
27,2,SemiSwipe,4,6,9100.3,4,0,1,0,3,0.136,107.08
27,2,SemiSwipe,6,6,9198.1,6,0,0,0,6,0.5206,135.37
27,2,SemiSwipe,2,7,7677.0,2,0,0,1,3,0.6869,225.43
27,2,SemiSwipe,4,7,9532.2,4,0,0,1,5,0.6512,68.72
27,2,SemiSwipe,6,7,9479.5,6,0,0,0,6,0.606,145.46
27,2,SemiSwipe,2,8,7215.8,2,0,0,0,2,0.4774,43.15
27,2,SemiSwipe,4,8,9005.6,4,0,0,1,5,0.3526,103.59
27,2,SemiSwipe,6,8,10442.2,6,0,0,0,6,0.1924,97.69
27,2,SemiSwipe,2,9,8168.5,2,0,1,1,2,0.4955,140.25
27,2,SemiSwipe,4,9,8456.2,4,0,0,0,4,0.4896,75.31
27,2,SemiSwipe,6,9,8023.0,7,1,0,1,7,0.5217,116.4
27,2,SemiSwipe,2,10,7614.0,2,0,0,0,2,0.2395,215.92
27,2,SemiSwipe,4,10,8738.7,5,1,0,1,5,0.302,165.56
27,2,SemiSwipe,6,10,10217.7,7,1,0,0,6,0.4456,191.12
27,2,SemiSwipe,2,11,7853.6,2,0,0,0,2,0.3024,116.9
27,2,SemiSwipe,4,11,8123.4,4,0,0,0,4,0.6063,149.42
27,2,SemiSwipe,6,11,9435.2,6,0,0,0,6,0.1716,67.51
27,2,SemiSwipe,2,12,7524.9,2,0,0,0,2,0.4298,75.93
27,2,SemiSwipe,4,12,9038.9,4,0,0,0,4,0.4941,71.89
27,2,SemiSwipe,6,12,9697.9,6,0,0,0,6,0.2821,185.53
27,2,SemiSwipe,2,13,8245.4,2,0,0,0,2,0.6591,291.42
27,2,SemiSwipe,4,13,7972.2,6,2,1,0,3,0.3749,82.71
27,2,SemiSwipe,6,13,10044.4,6,0,0,0,6,0.3439,178.39
27,2,SemiSwipe,2,14,6647.8,2,0,0,0,2,0.454,146.2
27,2,SemiSwipe,4,14,9305.6,4,0,0,1,5,0.2998,177.81
27,2,SemiSwipe,6,14,8958.2,6,0,0,0,6,0.2106,174.44
27,3,SemiNDH,2,0,6245.5,2,0,0,1,3,0.2181,202.71
27,3,SemiNDH,4,0,8167.8,5,1,0,1,5,0.4251,185.52
27,3,SemiNDH,6,0,8978.3,6,0,1,1,6,0.3214,69.64
27,3,SemiNDH,2,1,7242.0,2,0,0,0,2,0.3162,105.07
27,3,SemiNDH,4,1,8141.3,4,0,1,0,3,0.3315,111.55
27,3,SemiNDH,6,1,9801.2,6,0,0,0,6,0.245,231.64
27,3,SemiNDH,2,2,7114.4,2,0,0,0,2,0.3098,189.27
27,3,SemiNDH,4,2,8598.4,4,0,0,0,4,0.5505,322.88
27,3,SemiNDH,6,2,9382.6,6,0,0,0,6,0.4004,244.45
27,3,SemiNDH,2,3,6286.9,2,0,0,1,3,0.2398,157.25
27,3,SemiNDH,4,3,7838.8,4,0,1,1,4,0.4811,193.49
27,3,SemiNDH,6,3,10370.0,6,0,0,0,6,0.5251,290.17
27,3,SemiNDH,2,4,6817.3,2,0,0,0,2,0.3869,163.44
27,3,SemiNDH,4,4,7767.6,4,0,0,1,5,0.299,147.87
27,3,SemiNDH,6,4,9521.0,6,0,0,0,6,0.4645,103.08
27,3,SemiNDH,2,5,5294.0,2,0,0,0,2,0.4666,39.91
27,3,SemiNDH,4,5,7985.5,4,0,0,1,5,0.3612,144.72
27,3,SemiNDH,6,5,8613.3,6,0,0,0,6,0.6711,72.73
27,3,SemiNDH,2,6,6811.6,2,0,0,0,2,0.5198,167.36
27,3,SemiNDH,4,6,7172.0,4,0,0,1,5,0.5132,170.09
27,3,SemiNDH,6,6,9005.7,6,0,0,0,6,0.254,92.66
27,3,SemiNDH,2,7,7670.0,3,1,0,0,2,0.5205,228.65
27,3,SemiNDH,4,7,8215.3,4,0,0,0,4,0.0194,42.16
27,3,SemiNDH,6,7,10142.4,6,0,1,0,5,0.3705,150.14
27,3,SemiNDH,2,8,6521.3,2,0,0,0,2,0.4788,155.07
27,3,SemiNDH,4,8,8135.6,4,0,0,0,4,0.6784,287.14
27,3,SemiNDH,6,8,9934.0,6,0,1,0,5,0.5854,134.31
27,3,SemiNDH,2,9,5683.2,2,0,0,0,2,0.3722,175.27
27,3,SemiNDH,4,9,7805.8,4,0,0,1,5,0.1088,100.86
27,3,SemiNDH,6,9,8235.1,6,0,0,0,6,0.4658,127.05
27,3,SemiNDH,2,10,5762.2,2,0,0,0,2,0.149,87.37
27,3,SemiNDH,4,10,8055.4,4,0,0,0,4,0.2417,186.0
27,3,SemiNDH,6,10,9175.9,6,0,0,1,7,0.5975,255.63
27,3,SemiNDH,2,11,7138.8,2,0,0,0,2,0.349,54.73
27,3,SemiNDH,4,11,7240.1,4,0,0,0,4,0.5043,170.89
27,3,SemiNDH,6,11,8708.6,7,1,0,0,6,0.391,93.39
27,3,SemiNDH,2,12,6846.7,2,0,0,0,2,0.2694,156.87
27,3,SemiNDH,4,12,7801.1,4,0,0,0,4,0.4428,114.88
27,3,SemiNDH,6,12,10266.4,6,0,1,0,5,0.6531,240.09
27,3,SemiNDH,2,13,6410.7,2,0,0,1,3,0.4467,153.19
27,3,SemiNDH,4,13,8586.8,5,1,0,0,4,0.1642,160.67
27,3,SemiNDH,6,13,9061.0,6,0,0,0,6,0.4671,203.71
27,3,SemiNDH,2,14,6747.7,2,0,0,0,2,0.4012,147.98
27,3,SemiNDH,4,14,7947.4,4,0,0,0,4,0.2097,201.36
27,3,SemiNDH,6,14,8924.5,6,0,0,0,6,0.6419,166.43
27,4,SemiDwell,2,0,7519.4,2,0,0,0,2,0.474,112.32
27,4,SemiDwell,4,0,8146.4,4,0,0,1,5,0.1855,212.64
27,4,SemiDwell,6,0,10463.4,6,0,0,1,7,0.5151,138.53
27,4,SemiDwell,2,1,6037.2,2,0,1,0,1,0.6463,205.51
27,4,SemiDwell,4,1,9077.9,4,0,0,0,4,0.2559,66.85
27,4,SemiDwell,6,1,9868.2,7,1,0,0,6,0.5554,152.18
27,4,SemiDwell,2,2,7595.7,2,0,0,0,2,0.409,135.17
27,4,SemiDwell,4,2,7897.3,5,1,0,0,4,0.1573,193.41
27,4,SemiDwell,6,2,10179.4,7,1,0,0,6,0.7228,253.43
27,4,SemiDwell,2,3,7784.4,2,0,0,0,2,0.4234,206.83
27,4,SemiDwell,4,3,7853.8,5,1,0,0,4,0.4375,115.81
27,4,SemiDwell,6,3,9652.6,6,0,0,1,7,0.4625,151.11
27,4,SemiDwell,2,4,6592.1,3,1,0,0,2,0.3294,155.49
27,4,SemiDwell,4,4,6959.6,4,0,0,0,4,0.2164,111.56
27,4,SemiDwell,6,4,8808.8,6,0,0,1,7,0.4426,114.14
27,4,SemiDwell,2,5,6254.4,2,0,0,0,2,0.4834,253.74
27,4,SemiDwell,4,5,8695.4,4,0,0,1,5,0.3204,118.42
27,4,SemiDwell,6,5,8985.2,6,0,0,0,6,0.2764,170.27
27,4,SemiDwell,2,6,6182.2,2,0,0,0,2,0.4245,143.87
27,4,SemiDwell,4,6,8192.4,4,0,0,0,4,0.402,243.83
27,4,SemiDwell,6,6,9126.0,7,1,0,0,6,0.3698,87.89
27,4,SemiDwell,2,7,6908.3,2,0,0,0,2,0.5007,175.41
27,4,SemiDwell,4,7,8240.8,5,1,0,0,4,0.206,33.05
27,4,SemiDwell,6,7,9331.7,6,0,0,1,7,0.218,135.12
27,4,SemiDwell,2,8,7289.8,3,1,0,0,2,0.3379,159.02
27,4,SemiDwell,4,8,8647.9,4,0,0,0,4,0.4493,219.53
27,4,SemiDwell,6,8,9334.5,6,0,0,0,6,0.2477,198.36
27,4,SemiDwell,2,9,7745.7,2,0,0,0,2,0.4406,240.42
27,4,SemiDwell,4,9,8744.1,4,0,0,1,5,0.3909,130.69
27,4,SemiDwell,6,9,10102.4,6,0,1,1,6,0.3986,62.73
27,4,SemiDwell,2,10,6636.4,2,0,0,0,2,0.2652,178.84
27,4,SemiDwell,4,10,7896.8,4,0,0,0,4,0.239,132.3
27,4,SemiDwell,6,10,9688.9,7,1,0,1,7,0.3579,168.31
27,4,SemiDwell,2,11,6740.7,3,1,0,1,3,0.1174,195.59
27,4,SemiDwell,4,11,7694.7,5,1,0,0,4,0.5126,197.76
27,4,SemiDwell,6,11,9037.3,6,0,1,0,5,0.5136,100.39
27,4,SemiDwell,2,12,6997.6,2,0,0,1,3,0.3206,181.64
27,4,SemiDwell,4,12,8187.1,4,0,0,0,4,0.3466,173.51
27,4,SemiDwell,6,12,9362.3,6,0,0,0,6,0.4057,103.24
27,4,SemiDwell,2,13,6470.0,2,0,1,1,2,0.6192,25.2
27,4,SemiDwell,4,13,8534.3,4,0,0,0,4,0.4027,105.15
27,4,SemiDwell,6,13,9302.7,6,0,0,0,6,0.2504,198.53
27,4,SemiDwell,2,14,7094.6,2,0,0,0,2,0.3621,161.82
27,4,SemiDwell,4,14,7757.2,5,1,0,0,4,0.5336,108.27
27,4,SemiDwell,6,14,10644.6,6,0,0,0,6,0.4255,105.73
28,0,FullDH,2,0,5233.2,2,0,0,0,2,0.3359,13.3
28,0,FullDH,4,0,6350.3,4,0,0,0,4,0.3105,230.72
28,0,FullDH,6,0,6673.9,6,0,0,0,6,0.6957,11.83
28,0,FullDH,2,1,5055.2,2,0,0,0,2,0.3246,159.54
28,0,FullDH,4,1,5243.7,4,0,0,1,5,0.5149,77.05
28,0,FullDH,6,1,7496.3,6,0,0,1,7,0.3612,60.65
28,0,FullDH,2,2,5259.4,2,0,0,0,2,0.3697,172.93
28,0,FullDH,4,2,6400.6,4,0,0,0,4,0.5753,200.09
28,0,FullDH,6,2,9193.9,6,0,0,0,6,0.734,128.64
28,0,FullDH,2,3,4995.2,2,0,0,0,2,0.3854,90.05
28,0,FullDH,4,3,7030.3,4,0,0,1,5,0.3465,178.47
28,0,FullDH,6,3,7689.1,6,0,0,0,6,0.5,130.96
28,0,FullDH,2,4,4827.8,2,0,0,1,3,0.5732,152.54
28,0,FullDH,4,4,6178.0,4,0,0,0,4,0.4918,193.01
28,0,FullDH,6,4,7548.5,6,0,0,0,6,0.3144,228.31
28,0,FullDH,2,5,5268.7,2,0,0,0,2,0.5373,166.2
28,0,FullDH,4,5,5375.2,4,0,0,0,4,0.2571,113.65
28,0,FullDH,6,5,7880.5,6,0,0,0,6,0.7689,123.67
28,0,FullDH,2,6,5992.4,2,0,0,1,3,0.409,92.28
28,0,FullDH,4,6,6470.0,4,0,0,0,4,0.257,155.72
28,0,FullDH,6,6,7926.7,6,0,0,0,6,0.5114,90.72
28,0,FullDH,2,7,5780.5,2,0,0,0,2,0.4493,92.55
28,0,FullDH,4,7,7533.2,5,1,0,0,4,0.2897,203.5
28,0,FullDH,6,7,8319.1,6,0,0,1,7,0.0921,228.99
28,0,FullDH,2,8,5414.1,4,2,0,0,2,0.4845,138.6
28,0,FullDH,4,8,6698.1,4,0,0,0,4,0.4723,73.41
28,0,FullDH,6,8,9249.0,6,0,1,0,5,0.5774,164.08
28,0,FullDH,2,9,4686.0,2,0,1,0,1,0.4337,121.45
28,0,FullDH,4,9,7754.1,5,1,0,0,4,0.3473,70.29
28,0,FullDH,6,9,8367.2,7,1,1,1,6,0.4435,133.7
28,0,FullDH,2,10,6075.8,5,3,0,0,2,0.3821,86.67
28,0,FullDH,4,10,7206.9,4,0,0,0,4,0.4103,203.92
28,0,FullDH,6,10,7138.3,6,0,0,0,6,0.4698,113.78
28,0,FullDH,2,11,5395.5,2,0,0,0,2,0.3344,272.57
28,0,FullDH,4,11,7575.2,5,1,0,0,4,0.1293,118.12
28,0,FullDH,6,11,7859.3,7,1,0,0,6,0.34,209.43
28,0,FullDH,2,12,4788.7,2,0,0,0,2,0.355,176.11
28,0,FullDH,4,12,6622.0,4,0,0,1,5,0.554,63.53
28,0,FullDH,6,12,8461.1,7,1,0,1,7,0.3233,137.8
28,0,FullDH,2,13,5381.5,2,0,0,1,3,0.2129,160.7
28,0,FullDH,4,13,7090.3,4,0,0,0,4,0.4737,147.02
28,0,FullDH,6,13,9606.2,7,1,0,0,6,0.371,17.86
28,0,FullDH,2,14,4860.9,2,0,0,0,2,0.5709,236.97
28,0,FullDH,4,14,6375.7,4,0,0,0,4,0.3077,127.93
28,0,FullDH,6,14,8494.2,6,0,0,1,7,0.2127,117.51
28,1,SemiNDH,2,0,5968.5,2,0,0,1,3,0.4404,79.67
28,1,SemiNDH,4,0,6137.5,4,0,0,1,5,0.4512,172.6
28,1,SemiNDH,6,0,8900.7,7,1,0,0,6,0.3701,40.87
28,1,SemiNDH,2,1,4671.7,2,0,0,0,2,0.2004,244.05
28,1,SemiNDH,4,1,6623.6,4,0,0,0,4,0.5466,199.47
28,1,SemiNDH,6,1,8776.6,6,0,0,0,6,0.7423,124.45
28,1,SemiNDH,2,2,5941.2,3,1,0,0,2,0.528,207.14
28,1,SemiNDH,4,2,7071.5,4,0,0,0,4,0.1615,141.44
28,1,SemiNDH,6,2,8750.7,7,1,0,0,6,0.3242,65.12
28,1,SemiNDH,2,3,5126.0,2,0,0,0,2,0.4295,83.08
28,1,SemiNDH,4,3,7387.6,5,1,0,1,5,0.4679,155.96
28,1,SemiNDH,6,3,8458.0,7,1,1,0,5,0.3989,165.25
28,1,SemiNDH,2,4,5358.0,2,0,0,0,2,0.423,131.54
28,1,SemiNDH,4,4,6844.6,4,0,0,0,4,0.271,235.21
28,1,SemiNDH,6,4,9741.7,6,0,0,0,6,0.523,75.03
28,1,SemiNDH,2,5,4612.7,2,0,0,0,2,0.0461,47.24
28,1,SemiNDH,4,5,6380.6,5,1,0,0,4,0.4431,162.31
28,1,SemiNDH,6,5,8606.0,6,0,0,0,6,0.505,170.39
28,1,SemiNDH,2,6,5542.5,3,1,0,1,3,0.4542,93.93
28,1,SemiNDH,4,6,6455.4,4,0,0,0,4,0.5954,69.27
28,1,SemiNDH,6,6,9398.5,6,0,0,1,7,0.347,187.02
28,1,SemiNDH,2,7,4666.6,2,0,0,0,2,0.5305,115.17
28,1,SemiNDH,4,7,6785.1,4,0,0,0,4,0.3976,102.35
28,1,SemiNDH,6,7,8815.0,6,0,0,1,7,0.3903,100.07
28,1,SemiNDH,2,8,5201.7,2,0,1,0,1,0.1673,137.21
28,1,SemiNDH,4,8,6924.2,5,1,0,0,4,0.5795,187.53
28,1,SemiNDH,6,8,8583.7,6,0,0,0,6,0.5818,263.07
28,1,SemiNDH,2,9,5447.1,2,0,0,0,2,0.6114,168.52
28,1,SemiNDH,4,9,7251.1,4,0,0,1,5,0.5826,94.8
28,1,SemiNDH,6,9,7060.6,7,1,0,1,7,0.446,23.56
28,1,SemiNDH,2,10,5740.4,2,0,0,0,2,0.2431,178.85
28,1,SemiNDH,4,10,6640.5,4,0,0,1,5,0.3057,54.12
28,1,SemiNDH,6,10,7805.4,6,0,0,1,7,0.0812,201.22
28,1,SemiNDH,2,11,6019.1,2,0,0,0,2,0.3598,152.74
28,1,SemiNDH,4,11,6510.9,5,1,1,1,4,0.5713,18.26
28,1,SemiNDH,6,11,8863.6,7,1,1,0,5,0.2742,78.14
28,1,SemiNDH,2,12,5572.6,2,0,0,0,2,0.326,232.32
28,1,SemiNDH,4,12,6880.7,4,0,0,0,4,0.6163,124.38
28,1,SemiNDH,6,12,8990.9,6,0,0,0,6,0.7172,157.58
28,1,SemiNDH,2,13,5017.1,2,0,1,1,2,0.2403,247.72
28,1,SemiNDH,4,13,5010.6,5,1,1,0,3,0.4938,109.46
28,1,SemiNDH,6,13,9168.0,6,0,0,0,6,0.7432,172.41
28,1,SemiNDH,2,14,6193.5,2,0,0,0,2,0.467,206.16
28,1,SemiNDH,4,14,6860.6,5,1,0,1,5,0.1358,177.37
28,1,SemiNDH,6,14,7792.0,6,0,0,0,6,0.6454,111.66
28,2,SemiTilt,2,0,6982.8,2,0,0,1,3,0.0759,175.56
28,2,SemiTilt,4,0,7082.6,4,0,1,1,4,0.44,274.65
28,2,SemiTilt,6,0,9185.7,6,0,1,0,5,0.6319,116.04
28,2,SemiTilt,2,1,6739.6,3,1,0,0,2,0.2535,130.1
28,2,SemiTilt,4,1,9114.9,4,0,0,1,5,0.5116,140.85
28,2,SemiTilt,6,1,9596.0,7,1,0,0,6,0.5731,171.72
28,2,SemiTilt,2,2,6860.3,2,0,0,1,3,0.2869,127.73
28,2,SemiTilt,4,2,7229.5,4,0,2,0,2,0.1725,104.29
28,2,SemiTilt,6,2,8619.7,6,0,0,0,6,0.3066,127.54
28,2,SemiTilt,2,3,6600.9,2,0,0,1,3,0.3595,177.75
28,2,SemiTilt,4,3,9006.4,4,0,0,0,4,0.4096,110.54
28,2,SemiTilt,6,3,8567.5,9,3,1,1,6,0.3016,238.78
28,2,SemiTilt,2,4,6752.8,3,1,0,0,2,0.3107,126.34
28,2,SemiTilt,4,4,7456.3,4,0,0,0,4,0.3796,153.84
28,2,SemiTilt,6,4,10282.1,8,2,0,0,6,0.3122,129.62
28,2,SemiTilt,2,5,4616.3,2,0,0,0,2,0.7611,87.09
28,2,SemiTilt,4,5,7343.4,4,0,0,0,4,0.4314,93.11
28,2,SemiTilt,6,5,9511.8,6,0,0,0,6,0.4706,235.0
28,2,SemiTilt,2,6,6301.1,2,0,0,0,2,0.4488,209.32
28,2,SemiTilt,4,6,8054.6,4,0,0,0,4,0.0417,113.69
28,2,SemiTilt,6,6,9657.2,6,0,1,1,6,0.2819,123.47
28,2,SemiTilt,2,7,6649.5,2,0,0,0,2,0.1627,119.91
28,2,SemiTilt,4,7,8453.8,4,0,0,0,4,0.1997,89.6
28,2,SemiTilt,6,7,9304.4,6,0,1,0,5,0.3163,144.49
28,2,SemiTilt,2,8,6890.6,2,0,0,0,2,0.258,156.21
28,2,SemiTilt,4,8,8135.0,4,0,0,0,4,0.4651,132.39
28,2,SemiTilt,6,8,8297.3,6,0,0,0,6,0.3753,80.12
28,2,SemiTilt,2,9,5699.1,2,0,1,1,2,0.4051,78.61
28,2,SemiTilt,4,9,8401.6,4,0,0,0,4,0.5442,198.49
28,2,SemiTilt,6,9,8953.8,6,0,0,1,7,0.45,218.72
28,2,SemiTilt,2,10,6202.8,2,0,0,1,3,0.3749,51.35
28,2,SemiTilt,4,10,6759.7,4,0,0,0,4,0.2095,217.62
28,2,SemiTilt,6,10,9696.4,7,1,0,0,6,0.5899,146.45
28,2,SemiTilt,2,11,6646.9,2,0,1,1,2,0.4931,149.68
28,2,SemiTilt,4,11,7514.3,4,0,0,0,4,0.3766,256.25
28,2,SemiTilt,6,11,8142.4,6,0,0,0,6,0.2668,202.19
28,2,SemiTilt,2,12,6744.2,2,0,0,1,3,0.2867,100.51
28,2,SemiTilt,4,12,8144.3,4,0,1,0,3,0.5838,105.36
28,2,SemiTilt,6,12,9664.2,6,0,0,0,6,0.4974,196.38
28,2,SemiTilt,2,13,6991.0,2,0,0,0,2,0.4021,167.85
28,2,SemiTilt,4,13,6868.3,5,1,0,1,5,0.5152,232.75
28,2,SemiTilt,6,13,8637.3,6,0,0,1,7,0.6301,87.3
28,2,SemiTilt,2,14,5778.8,2,0,0,1,3,0.5159,75.23
28,2,SemiTilt,4,14,7885.2,4,0,0,0,4,0.4159,203.73
28,2,SemiTilt,6,14,9275.8,6,0,0,1,7,0.2888,108.57
28,3,SemiDwell,2,0,6052.4,2,0,0,1,3,0.4213,109.6
28,3,SemiDwell,4,0,7757.3,4,0,0,0,4,0.1081,192.2
28,3,SemiDwell,6,0,8847.5,6,0,0,0,6,0.369,186.78
28,3,SemiDwell,2,1,5458.5,2,0,0,0,2,0.0867,149.35
28,3,SemiDwell,4,1,7029.1,4,0,0,0,4,0.3142,110.7
28,3,SemiDwell,6,1,8795.5,7,1,1,0,5,0.4222,175.86
28,3,SemiDwell,2,2,5602.2,2,0,1,1,2,0.2826,204.12
28,3,SemiDwell,4,2,6869.3,4,0,0,0,4,0.7526,87.25
28,3,SemiDwell,6,2,8627.4,6,0,0,0,6,0.2726,123.24
28,3,SemiDwell,2,3,6239.7,2,0,0,0,2,0.4143,73.42
28,3,SemiDwell,4,3,6369.8,4,0,1,0,3,0.4291,247.47
28,3,SemiDwell,6,3,9401.5,6,0,0,0,6,0.5247,201.56
28,3,SemiDwell,2,4,4698.7,2,0,0,0,2,0.4456,216.71
28,3,SemiDwell,4,4,6823.8,4,0,0,0,4,0.3902,166.88
28,3,SemiDwell,6,4,8663.2,7,1,0,0,6,0.8468,217.16
28,3,SemiDwell,2,5,5480.4,2,0,0,1,3,0.2264,120.15
28,3,SemiDwell,4,5,7569.5,4,0,0,1,5,0.4462,47.44
28,3,SemiDwell,6,5,8318.6,6,0,0,0,6,0.153,122.89
28,3,SemiDwell,2,6,5428.8,2,0,0,0,2,0.2677,163.96
28,3,SemiDwell,4,6,7404.5,4,0,0,1,5,0.2364,132.06
28,3,SemiDwell,6,6,8182.5,6,0,0,0,6,0.5863,24.12
28,3,SemiDwell,2,7,5672.5,2,0,0,0,2,0.438,160.06
28,3,SemiDwell,4,7,7226.1,4,0,0,1,5,0.2667,253.01
28,3,SemiDwell,6,7,8690.5,6,0,0,1,7,0.1234,103.88
28,3,SemiDwell,2,8,6624.7,2,0,0,0,2,0.1318,25.56
28,3,SemiDwell,4,8,7060.0,4,0,0,0,4,0.184,162.14
28,3,SemiDwell,6,8,9154.9,6,0,0,0,6,0.4519,176.8
28,3,SemiDwell,2,9,5882.7,2,0,0,0,2,0.3139,158.75
28,3,SemiDwell,4,9,7310.8,4,0,0,0,4,0.5462,190.36
28,3,SemiDwell,6,9,8559.1,6,0,0,0,6,0.6204,151.01
28,3,SemiDwell,2,10,5506.6,3,1,0,0,2,0.3477,86.89
28,3,SemiDwell,4,10,8268.0,4,0,0,0,4,0.3967,118.59
28,3,SemiDwell,6,10,8483.7,7,1,0,0,6,0.2275,61.39
28,3,SemiDwell,2,11,6003.6,3,1,0,0,2,0.651,58.56
28,3,SemiDwell,4,11,8393.4,4,0,0,1,5,0.6156,321.54
28,3,SemiDwell,6,11,8925.1,7,1,0,0,6,0.4959,77.09
28,3,SemiDwell,2,12,5714.9,2,0,0,0,2,0.4342,209.84
28,3,SemiDwell,4,12,7429.4,4,0,0,1,5,0.4695,193.99
28,3,SemiDwell,6,12,7938.3,8,2,0,1,7,0.3972,180.35
28,3,SemiDwell,2,13,5765.3,2,0,0,1,3,0.6735,96.73
28,3,SemiDwell,4,13,8300.3,4,0,0,0,4,0.569,210.86
28,3,SemiDwell,6,13,8502.5,6,0,0,0,6,0.4377,156.09
28,3,SemiDwell,2,14,5592.8,2,0,0,0,2,0.4773,154.17
28,3,SemiDwell,4,14,6760.0,4,0,1,0,3,0.6451,123.17
28,3,SemiDwell,6,14,7815.0,6,0,0,1,7,0.5333,78.32
28,4,SemiSwipe,2,0,7071.4,2,0,0,0,2,0.1254,195.79
28,4,SemiSwipe,4,0,7340.5,4,0,0,0,4,0.4873,204.46
28,4,SemiSwipe,6,0,9880.5,6,0,0,1,7,0.2655,125.14
28,4,SemiSwipe,2,1,5496.3,3,1,0,1,3,0.5157,96.03
28,4,SemiSwipe,4,1,7389.8,5,1,0,0,4,0.1949,184.59
28,4,SemiSwipe,6,1,8531.6,7,1,0,0,6,0.4411,15.26
28,4,SemiSwipe,2,2,6186.4,2,0,0,0,2,0.4041,116.52
28,4,SemiSwipe,4,2,7987.4,4,0,1,0,3,0.3648,187.83
28,4,SemiSwipe,6,2,8624.6,7,1,0,0,6,0.3647,91.68
28,4,SemiSwipe,2,3,6250.2,2,0,0,0,2,0.3202,183.47
28,4,SemiSwipe,4,3,7326.1,4,0,0,0,4,0.1392,262.44
28,4,SemiSwipe,6,3,8163.2,6,0,0,0,6,0.4697,174.75
28,4,SemiSwipe,2,4,6388.2,2,0,0,1,3,0.4812,104.53
28,4,SemiSwipe,4,4,6522.8,4,0,0,1,5,0.6022,209.39
28,4,SemiSwipe,6,4,8448.9,7,1,0,1,7,0.1827,183.87
28,4,SemiSwipe,2,5,5195.0,2,0,0,0,2,0.3231,157.53
28,4,SemiSwipe,4,5,5655.2,4,0,0,0,4,0.3021,123.94
28,4,SemiSwipe,6,5,10009.4,7,1,0,0,6,0.2465,187.07
28,4,SemiSwipe,2,6,7127.8,2,0,0,0,2,0.5422,164.88
28,4,SemiSwipe,4,6,7009.6,5,1,0,1,5,0.4668,121.84
28,4,SemiSwipe,6,6,9401.5,6,0,1,0,5,0.4285,83.31
28,4,SemiSwipe,2,7,6105.1,2,0,0,0,2,0.44,134.87
28,4,SemiSwipe,4,7,7725.1,5,1,0,0,4,0.724,122.51
28,4,SemiSwipe,6,7,8814.8,6,0,0,0,6,0.6217,62.34
28,4,SemiSwipe,2,8,5120.5,2,0,1,0,1,0.2357,196.31
28,4,SemiSwipe,4,8,8425.0,4,0,0,0,4,0.4898,205.42
28,4,SemiSwipe,6,8,9456.6,6,0,0,0,6,0.4751,198.06
28,4,SemiSwipe,2,9,6467.9,2,0,1,0,1,0.5438,101.16
28,4,SemiSwipe,4,9,7274.6,4,0,0,0,4,0.6262,187.52
28,4,SemiSwipe,6,9,8729.7,6,0,0,0,6,0.2943,115.26
28,4,SemiSwipe,2,10,6323.6,2,0,1,1,2,0.1111,159.59
28,4,SemiSwipe,4,10,7296.4,4,0,0,0,4,0.5554,212.34
28,4,SemiSwipe,6,10,9021.5,8,2,0,1,7,0.3381,5.16
28,4,SemiSwipe,2,11,6140.5,2,0,0,0,2,0.5956,57.71
28,4,SemiSwipe,4,11,7967.4,5,1,0,0,4,0.6028,84.62
28,4,SemiSwipe,6,11,7914.5,6,0,0,0,6,0.2255,129.91
28,4,SemiSwipe,2,12,4351.6,3,1,0,1,3,0.4181,207.7
28,4,SemiSwipe,4,12,7329.9,6,2,0,0,4,0.2891,67.89
28,4,SemiSwipe,6,12,8279.0,6,0,0,0,6,0.3158,83.28
28,4,SemiSwipe,2,13,6859.0,2,0,0,0,2,0.278,180.94
28,4,SemiSwipe,4,13,8138.0,5,1,0,0,4,0.409,246.72
28,4,SemiSwipe,6,13,9143.2,7,1,0,0,6,0.5249,101.62
28,4,SemiSwipe,2,14,5995.6,2,0,0,1,3,0.3605,257.04
28,4,SemiSwipe,4,14,8564.2,4,0,0,1,5,0.3504,236.42
28,4,SemiSwipe,6,14,7733.9,6,0,0,0,6,0.5316,161.68
29,0,SemiNDH,2,0,6577.2,2,0,1,1,2,0.0323,119.47
29,0,SemiNDH,4,0,7450.7,4,0,0,0,4,0.6386,103.12
29,0,SemiNDH,6,0,7918.8,7,1,0,0,6,0.5611,217.23
29,0,SemiNDH,2,1,6021.0,2,0,0,1,3,0.4008,225.56
29,0,SemiNDH,4,1,7990.0,5,1,0,0,4,0.4359,246.94
29,0,SemiNDH,6,1,8016.1,6,0,0,0,6,0.4146,126.72
29,0,SemiNDH,2,2,7032.7,2,0,1,0,1,0.1512,130.18
29,0,SemiNDH,4,2,7562.6,4,0,0,0,4,0.1992,85.65
29,0,SemiNDH,6,2,8737.5,7,1,0,0,6,0.4968,219.24
29,0,SemiNDH,2,3,6623.0,2,0,0,0,2,0.345,211.04
29,0,SemiNDH,4,3,8834.3,5,1,0,0,4,0.3103,305.25
29,0,SemiNDH,6,3,9448.7,11,5,0,3,9,0.3419,38.96
29,0,SemiNDH,2,4,5667.9,2,0,0,1,3,0.258,158.87
29,0,SemiNDH,4,4,8563.0,4,0,1,0,3,0.1814,149.07
29,0,SemiNDH,6,4,7943.9,6,0,0,0,6,0.1983,148.44
29,0,SemiNDH,2,5,6817.5,2,0,0,1,3,0.5007,108.43
29,0,SemiNDH,4,5,6617.1,4,0,1,0,3,0.4487,209.92
29,0,SemiNDH,6,5,8826.4,7,1,0,0,6,0.3172,163.89
29,0,SemiNDH,2,6,5580.1,2,0,0,0,2,0.3281,101.46
29,0,SemiNDH,4,6,7925.9,4,0,0,0,4,0.6343,198.26
29,0,SemiNDH,6,6,10692.0,6,0,0,1,7,0.3559,109.68
29,0,SemiNDH,2,7,5763.6,2,0,1,1,2,0.4474,144.33
29,0,SemiNDH,4,7,8139.3,6,2,0,0,4,0.3194,192.63
29,0,SemiNDH,6,7,9427.2,6,0,0,1,7,0.4977,157.6
29,0,SemiNDH,2,8,5445.3,2,0,0,0,2,0.464,139.06
29,0,SemiNDH,4,8,6956.2,5,1,0,1,5,0.4344,132.36
29,0,SemiNDH,6,8,9844.1,6,0,1,0,5,0.3801,93.22
29,0,SemiNDH,2,9,6418.3,2,0,0,1,3,0.3169,128.5
29,0,SemiNDH,4,9,8487.0,4,0,0,1,5,0.3365,61.59
29,0,SemiNDH,6,9,9269.2,6,0,0,0,6,0.4259,182.71
29,0,SemiNDH,2,10,6829.8,2,0,0,0,2,0.3919,126.71
29,0,SemiNDH,4,10,7949.4,6,2,0,0,4,0.0135,202.91
29,0,SemiNDH,6,10,10132.3,6,0,1,0,5,0.2956,192.44
29,0,SemiNDH,2,11,6213.5,3,1,0,0,2,0.3526,227.29
29,0,SemiNDH,4,11,8018.2,4,0,0,0,4,0.5367,156.08
29,0,SemiNDH,6,11,9293.5,7,1,0,0,6,0.1618,82.42
29,0,SemiNDH,2,12,7783.0,2,0,0,1,3,0.3214,167.24
29,0,SemiNDH,4,12,7962.4,4,0,0,0,4,0.4547,97.92
29,0,SemiNDH,6,12,9417.5,6,0,1,0,5,0.2838,119.28
29,0,SemiNDH,2,13,7162.0,3,1,0,0,2,0.3786,182.93
29,0,SemiNDH,4,13,7263.9,5,1,0,0,4,0.373,130.41
29,0,SemiNDH,6,13,9513.0,6,0,0,0,6,0.6074,77.74
29,0,SemiNDH,2,14,6477.2,2,0,0,0,2,0.2957,59.76
29,0,SemiNDH,4,14,8245.6,4,0,0,0,4,0.449,262.12
29,0,SemiNDH,6,14,8342.2,6,0,0,0,6,0.4731,125.46
29,1,SemiDwell,2,0,6063.2,3,1,0,0,2,0.3755,35.36
29,1,SemiDwell,4,0,8386.9,4,0,0,0,4,0.2609,139.77
29,1,SemiDwell,6,0,9455.8,7,1,2,0,4,0.3349,245.1
29,1,SemiDwell,2,1,5892.4,2,0,0,0,2,0.2857,112.53
29,1,SemiDwell,4,1,8384.0,4,0,0,0,4,0.7589,217.13
29,1,SemiDwell,6,1,9602.4,6,0,0,0,6,0.2373,142.05
29,1,SemiDwell,2,2,6790.3,2,0,0,0,2,0.33,168.3
29,1,SemiDwell,4,2,7670.6,4,0,0,0,4,0.0977,186.22
29,1,SemiDwell,6,2,10237.8,6,0,0,0,6,0.1756,155.8
29,1,SemiDwell,2,3,6174.3,2,0,0,1,3,0.5183,140.45
29,1,SemiDwell,4,3,8106.3,4,0,0,0,4,0.3815,153.61
29,1,SemiDwell,6,3,8556.4,9,3,0,0,6,0.2704,182.04
29,1,SemiDwell,2,4,6536.0,2,0,0,0,2,0.5487,160.74
29,1,SemiDwell,4,4,8426.4,4,0,0,0,4,0.3598,101.69
29,1,SemiDwell,6,4,8918.7,6,0,0,0,6,0.354,68.15
29,1,SemiDwell,2,5,6527.0,2,0,0,0,2,0.2036,65.38
29,1,SemiDwell,4,5,8372.7,4,0,0,0,4,0.4027,119.91
29,1,SemiDwell,6,5,8813.4,6,0,0,1,7,0.1236,174.58
29,1,SemiDwell,2,6,6336.9,2,0,0,0,2,0.5115,157.76
29,1,SemiDwell,4,6,7342.8,4,0,0,1,5,0.7796,53.8
29,1,SemiDwell,6,6,10495.7,6,0,0,1,7,0.608,59.63
29,1,SemiDwell,2,7,6981.3,3,1,0,0,2,0.3347,121.54
29,1,SemiDwell,4,7,7904.9,4,0,0,0,4,0.3276,98.39
29,1,SemiDwell,6,7,9578.3,6,0,0,0,6,0.5312,278.13
29,1,SemiDwell,2,8,6814.5,2,0,0,0,2,0.1801,64.31
29,1,SemiDwell,4,8,8233.8,4,0,0,0,4,0.4476,155.4
29,1,SemiDwell,6,8,8808.2,7,1,0,0,6,0.5363,173.55
29,1,SemiDwell,2,9,6296.4,2,0,0,0,2,0.1131,127.94
29,1,SemiDwell,4,9,6902.2,4,0,0,0,4,0.3177,184.28
29,1,SemiDwell,6,9,10051.2,6,0,1,0,5,0.4058,172.55
29,1,SemiDwell,2,10,6665.0,2,0,0,0,2,0.4611,79.06
29,1,SemiDwell,4,10,8528.1,5,1,0,0,4,0.9464,85.54
29,1,SemiDwell,6,10,9733.5,6,0,0,0,6,0.4706,62.01
29,1,SemiDwell,2,11,6168.0,2,0,0,0,2,0.299,269.58
29,1,SemiDwell,4,11,8402.3,5,1,0,0,4,0.2324,149.89
29,1,SemiDwell,6,11,9759.8,6,0,0,1,7,0.4649,169.03
29,1,SemiDwell,2,12,6251.0,2,0,0,0,2,0.2983,204.78
29,1,SemiDwell,4,12,7997.2,4,0,0,1,5,0.4165,163.99
29,1,SemiDwell,6,12,10062.5,6,0,0,0,6,0.5491,214.41
29,1,SemiDwell,2,13,6490.6,2,0,0,0,2,0.4925,188.08
29,1,SemiDwell,4,13,7470.1,5,1,0,0,4,0.3045,112.77
29,1,SemiDwell,6,13,10103.7,6,0,0,0,6,0.3818,84.87
29,1,SemiDwell,2,14,6239.6,2,0,0,0,2,0.2461,123.96
29,1,SemiDwell,4,14,8478.2,4,0,0,0,4,0.2512,144.37
29,1,SemiDwell,6,14,8775.2,7,1,0,1,7,0.333,219.1
29,2,FullDH,2,0,6618.9,2,0,0,0,2,0.2174,211.19
29,2,FullDH,4,0,6866.5,4,0,0,0,4,0.3539,172.36
29,2,FullDH,6,0,9096.9,6,0,0,1,7,0.3817,244.14
29,2,FullDH,2,1,6035.9,2,0,0,0,2,0.3451,189.63
29,2,FullDH,4,1,7689.7,6,2,0,0,4,0.2875,186.25
29,2,FullDH,6,1,7941.4,6,0,0,0,6,0.6399,149.36
29,2,FullDH,2,2,6618.2,3,1,0,0,2,0.3572,44.29
29,2,FullDH,4,2,7106.7,4,0,1,0,3,0.3586,234.06
29,2,FullDH,6,2,8645.8,6,0,0,0,6,0.4877,156.88
29,2,FullDH,2,3,5334.4,2,0,0,0,2,0.5011,97.22
29,2,FullDH,4,3,8079.3,4,0,0,1,5,0.6354,127.77
29,2,FullDH,6,3,9836.7,7,1,0,0,6,0.5315,45.17
29,2,FullDH,2,4,7158.8,2,0,1,0,1,0.5125,113.7
29,2,FullDH,4,4,8174.9,6,2,0,0,4,0.6609,130.03
29,2,FullDH,6,4,8780.3,7,1,0,0,6,0.3199,79.89
29,2,FullDH,2,5,5770.0,2,0,1,0,1,0.2634,130.63
29,2,FullDH,4,5,7612.2,5,1,0,0,4,0.6578,173.37
29,2,FullDH,6,5,10558.5,6,0,1,0,5,0.3654,106.9
29,2,FullDH,2,6,5998.3,2,0,0,0,2,0.387,60.12
29,2,FullDH,4,6,7177.7,5,1,0,0,4,0.6056,103.7
29,2,FullDH,6,6,9679.5,6,0,0,0,6,0.5348,125.01
29,2,FullDH,2,7,5135.9,2,0,0,1,3,0.4933,175.47
29,2,FullDH,4,7,7151.1,4,0,0,0,4,0.2983,84.6
29,2,FullDH,6,7,8627.6,6,0,0,0,6,0.2466,211.25
29,2,FullDH,2,8,6004.5,2,0,0,0,2,0.6244,127.04
29,2,FullDH,4,8,7394.7,4,0,0,0,4,0.5005,209.29
29,2,FullDH,6,8,8874.2,6,0,1,0,5,0.1435,66.06
29,2,FullDH,2,9,5105.0,5,3,0,1,3,0.512,181.48
29,2,FullDH,4,9,8046.8,4,0,1,0,3,0.261,153.26
29,2,FullDH,6,9,10978.4,6,0,0,0,6,0.5015,156.64
29,2,FullDH,2,10,5859.7,2,0,0,0,2,0.4962,124.77
29,2,FullDH,4,10,7931.0,4,0,0,1,5,0.4604,242.59
29,2,FullDH,6,10,9640.7,6,0,0,0,6,0.1739,49.77
29,2,FullDH,2,11,6325.0,2,0,0,0,2,0.3462,128.23
29,2,FullDH,4,11,6893.8,5,1,0,0,4,0.527,130.48
29,2,FullDH,6,11,8486.5,6,0,0,0,6,0.4961,215.73
29,2,FullDH,2,12,6005.8,2,0,1,0,1,0.3012,111.39
29,2,FullDH,4,12,8365.4,4,0,0,1,5,0.3101,105.08
29,2,FullDH,6,12,8949.5,6,0,0,0,6,0.4547,241.83
29,2,FullDH,2,13,4982.3,2,0,0,0,2,0.3354,210.58
29,2,FullDH,4,13,7453.6,4,0,0,0,4,0.2928,132.16
29,2,FullDH,6,13,8990.3,7,1,0,0,6,0.3365,163.32
29,2,FullDH,2,14,6403.5,2,0,0,1,3,0.3962,88.79
29,2,FullDH,4,14,7059.5,4,0,0,0,4,0.4918,109.81
29,2,FullDH,6,14,9361.8,6,0,1,0,5,0.6558,36.24
29,3,SemiSwipe,2,0,7423.6,3,1,0,0,2,0.2642,175.14
29,3,SemiSwipe,4,0,7980.3,4,0,0,1,5,0.4028,232.77
29,3,SemiSwipe,6,0,9622.0,6,0,0,0,6,0.1204,101.43
29,3,SemiSwipe,2,1,7518.2,2,0,0,1,3,0.4153,212.49
29,3,SemiSwipe,4,1,7819.3,5,1,0,1,5,0.5323,133.67
29,3,SemiSwipe,6,1,9978.8,6,0,0,0,6,0.2,84.53
29,3,SemiSwipe,2,2,6263.2,2,0,0,0,2,0.2542,135.87
29,3,SemiSwipe,4,2,8390.1,4,0,0,0,4,0.7158,187.29
29,3,SemiSwipe,6,2,9332.3,6,0,0,0,6,0.4617,104.16
29,3,SemiSwipe,2,3,7142.3,2,0,0,1,3,0.2702,149.34
29,3,SemiSwipe,4,3,7396.2,5,1,0,0,4,0.457,105.58
29,3,SemiSwipe,6,3,8134.0,7,1,1,1,6,0.3584,15.57
29,3,SemiSwipe,2,4,6440.8,2,0,0,0,2,0.262,153.9
29,3,SemiSwipe,4,4,9006.4,4,0,1,0,3,0.4979,114.26
29,3,SemiSwipe,6,4,9097.5,7,1,0,0,6,0.1245,145.48
29,3,SemiSwipe,2,5,6788.3,2,0,0,0,2,0.3243,93.04
29,3,SemiSwipe,4,5,7095.7,4,0,0,0,4,0.4484,65.23
29,3,SemiSwipe,6,5,8623.5,6,0,2,0,4,0.5122,206.94
29,3,SemiSwipe,2,6,7483.6,2,0,0,0,2,0.1877,39.66
29,3,SemiSwipe,4,6,9370.7,5,1,0,1,5,0.3022,250.7
29,3,SemiSwipe,6,6,9849.4,6,0,0,1,7,0.4338,168.77
29,3,SemiSwipe,2,7,6910.2,4,2,0,1,3,0.3657,42.1
29,3,SemiSwipe,4,7,8066.7,6,2,0,1,5,0.8735,139.55
29,3,SemiSwipe,6,7,9156.6,7,1,0,1,7,0.5762,152.27
29,3,SemiSwipe,2,8,5979.9,2,0,0,0,2,0.3504,179.07
29,3,SemiSwipe,4,8,8326.2,4,0,0,0,4,0.3527,144.53
29,3,SemiSwipe,6,8,9543.4,6,0,0,0,6,0.5571,63.22
29,3,SemiSwipe,2,9,6707.7,2,0,0,0,2,0.3048,15.45
29,3,SemiSwipe,4,9,8899.3,5,1,0,0,4,0.0903,194.49
29,3,SemiSwipe,6,9,10476.0,6,0,0,0,6,0.221,173.16
29,3,SemiSwipe,2,10,6740.0,2,0,0,0,2,0.2626,75.93
29,3,SemiSwipe,4,10,8497.8,5,1,0,0,4,0.3774,73.96
29,3,SemiSwipe,6,10,9045.6,7,1,0,0,6,0.3942,60.48
29,3,SemiSwipe,2,11,7579.4,2,0,0,0,2,0.375,183.34
29,3,SemiSwipe,4,11,8387.2,5,1,0,0,4,0.3019,194.27
29,3,SemiSwipe,6,11,8488.5,7,1,0,0,6,0.3241,235.32
29,3,SemiSwipe,2,12,6916.8,2,0,0,0,2,0.2879,71.38
29,3,SemiSwipe,4,12,7797.4,5,1,0,0,4,0.4389,147.24
29,3,SemiSwipe,6,12,9937.9,6,0,1,0,5,0.7338,230.42
29,3,SemiSwipe,2,13,7151.1,2,0,0,0,2,0.7148,145.54
29,3,SemiSwipe,4,13,7778.8,4,0,0,0,4,0.131,233.32
29,3,SemiSwipe,6,13,10359.9,6,0,0,0,6,0.3558,221.7
29,3,SemiSwipe,2,14,6833.7,2,0,0,1,3,0.4865,61.54
29,3,SemiSwipe,4,14,6822.6,4,0,0,0,4,0.4039,257.84
29,3,SemiSwipe,6,14,9091.4,6,0,0,0,6,0.6029,198.0
29,4,SemiTilt,2,0,7690.8,2,0,0,1,3,0.1127,190.54
29,4,SemiTilt,4,0,8046.7,4,0,0,1,5,0.6518,142.35
29,4,SemiTilt,6,0,10063.8,7,1,1,1,6,0.4702,87.75
29,4,SemiTilt,2,1,7210.0,2,0,0,0,2,0.5095,176.8
29,4,SemiTilt,4,1,9090.1,5,1,1,0,3,0.6928,163.53
29,4,SemiTilt,6,1,9448.0,6,0,0,0,6,0.3641,48.7
29,4,SemiTilt,2,2,7204.5,2,0,0,0,2,0.3161,52.67
29,4,SemiTilt,4,2,7814.7,5,1,0,0,4,0.4573,179.42
29,4,SemiTilt,6,2,11203.6,6,0,0,1,7,0.2905,78.38
29,4,SemiTilt,2,3,8030.5,2,0,0,0,2,0.5503,194.36
29,4,SemiTilt,4,3,8527.8,4,0,0,0,4,0.4084,149.82
29,4,SemiTilt,6,3,10376.4,7,1,1,0,5,0.1286,214.7
29,4,SemiTilt,2,4,7659.8,2,0,0,0,2,0.5845,76.33
29,4,SemiTilt,4,4,8407.7,4,0,0,0,4,0.3196,176.29
29,4,SemiTilt,6,4,10297.9,7,1,0,0,6,0.5474,87.61
29,4,SemiTilt,2,5,6902.1,2,0,0,1,3,0.3816,123.43
29,4,SemiTilt,4,5,8542.7,4,0,1,0,3,0.193,151.1
29,4,SemiTilt,6,5,10798.6,6,0,0,0,6,0.1489,110.17
29,4,SemiTilt,2,6,7460.4,2,0,0,1,3,0.7279,67.88
29,4,SemiTilt,4,6,8029.3,4,0,0,0,4,0.6277,12.11
29,4,SemiTilt,6,6,10724.0,6,0,0,1,7,0.3891,129.16
29,4,SemiTilt,2,7,6864.8,2,0,0,0,2,0.3331,208.0
29,4,SemiTilt,4,7,8893.6,4,0,1,0,3,0.5002,151.12
29,4,SemiTilt,6,7,9994.8,6,0,0,1,7,0.1386,68.82
29,4,SemiTilt,2,8,6954.2,2,0,0,0,2,0.2751,75.71
29,4,SemiTilt,4,8,8605.4,4,0,0,0,4,0.3067,88.09
29,4,SemiTilt,6,8,9056.5,7,1,0,0,6,0.3752,148.52
29,4,SemiTilt,2,9,7389.9,2,0,1,0,1,0.4235,140.55
29,4,SemiTilt,4,9,8477.0,4,0,0,1,5,0.3194,173.51
29,4,SemiTilt,6,9,10622.1,6,0,0,1,7,0.4355,150.86
29,4,SemiTilt,2,10,6633.3,2,0,0,0,2,0.2286,298.51
29,4,SemiTilt,4,10,9015.4,4,0,0,0,4,0.321,308.6
29,4,SemiTilt,6,10,10287.3,6,0,1,0,5,0.6277,256.15
29,4,SemiTilt,2,11,8154.9,2,0,0,0,2,0.2144,162.1
29,4,SemiTilt,4,11,8552.8,4,0,0,0,4,0.6649,165.56
29,4,SemiTilt,6,11,9992.2,6,0,0,0,6,0.3607,232.41
29,4,SemiTilt,2,12,7276.9,3,1,0,0,2,0.2315,150.65
29,4,SemiTilt,4,12,9856.9,4,0,0,0,4,0.1747,160.51
29,4,SemiTilt,6,12,10583.6,7,1,0,0,6,0.2957,110.87
29,4,SemiTilt,2,13,6851.6,3,1,0,0,2,0.4347,147.08
29,4,SemiTilt,4,13,8944.6,4,0,1,0,3,0.1837,58.75
29,4,SemiTilt,6,13,9999.0,7,1,0,1,7,0.4065,41.72
29,4,SemiTilt,2,14,6356.5,2,0,0,1,3,0.0166,41.27
29,4,SemiTilt,4,14,7230.1,6,2,0,2,6,0.2142,158.22
29,4,SemiTilt,6,14,9710.9,6,0,1,0,5,0.4396,111.92
