participant,block,technique,target_number,repetition,tct_ms,n_subselections,n_distractors_subselected,n_targets_missed,n_distractors_final,n_grouped_final,hand_movement_m,hand_rotation_deg
0,0,FullDH,2,0,4380.8,2,0,0,1,3,0.3907,133.73
0,0,FullDH,4,0,3813.3,4,0,1,0,3,0.1924,248.48
0,0,FullDH,6,0,5246.1,6,0,0,0,6,0.4622,168.97
0,0,FullDH,2,1,4571.9,2,0,0,0,2,0.4507,170.23
0,0,FullDH,4,1,4865.1,4,0,0,1,5,0.2347,98.05
0,0,FullDH,6,1,4787.9,6,0,0,0,6,0.3507,70.07
0,0,FullDH,2,2,5138.3,2,0,0,0,2,0.4068,160.11
0,0,FullDH,4,2,4666.5,5,1,0,0,4,0.3618,125.47
0,0,FullDH,6,2,4465.6,6,0,0,0,6,0.492,161.66
0,0,FullDH,2,3,4200.4,2,0,0,1,3,0.3516,188.06
0,0,FullDH,4,3,5108.9,4,0,0,0,4,0.5538,123.44
0,0,FullDH,6,3,4967.8,6,0,0,1,7,0.3442,155.25
0,0,FullDH,2,4,4803.5,2,0,0,1,3,0.441,194.47
0,0,FullDH,4,4,5052.8,4,0,0,1,5,0.3998,173.95
0,0,FullDH,6,4,5796.9,6,0,1,1,6,0.3436,141.59
0,0,FullDH,2,5,4405.5,3,1,0,0,2,0.3376,176.04
0,0,FullDH,4,5,5061.5,4,0,0,0,4,0.3362,67.28
0,0,FullDH,6,5,3968.1,6,0,1,0,5,0.4235,181.02
0,0,FullDH,2,6,3876.7,2,0,0,1,3,0.0899,207.65
0,0,FullDH,4,6,4618.2,4,0,0,0,4,0.5207,94.86
0,0,FullDH,6,6,3714.3,7,1,0,0,6,0.4297,227.38
0,0,FullDH,2,7,4671.0,2,0,0,0,2,0.4539,237.26
0,0,FullDH,4,7,4333.4,4,0,0,0,4,0.8299,132.44
0,0,FullDH,6,7,4630.8,7,1,1,0,5,0.3702,203.44
0,0,FullDH,2,8,3699.9,2,0,0,0,2,0.4329,138.6
0,0,FullDH,4,8,4186.8,4,0,0,0,4,0.2567,70.5
0,0,FullDH,6,8,4773.6,6,0,0,0,6,0.639,157.18
0,0,FullDH,2,9,4622.3,2,0,0,0,2,0.1749,240.11
0,0,FullDH,4,9,5083.3,4,0,0,0,4,0.3125,127.21
0,0,FullDH,6,9,4790.3,6,0,0,0,6,0.1495,169.25
0,0,FullDH,2,10,4512.1,3,1,0,0,2,0.4323,119.75
0,0,FullDH,4,10,2603.3,4,0,0,0,4,0.5522,52.7
0,0,FullDH,6,10,4334.4,6,0,2,0,4,0.3573,213.03
0,0,FullDH,2,11,4860.3,2,0,0,1,3,0.2575,108.28
0,0,FullDH,4,11,4677.6,4,0,1,0,3,0.488,176.51
0,0,FullDH,6,11,3827.3,6,0,0,0,6,0.4306,101.84
0,0,FullDH,2,12,3641.6,2,0,0,0,2,0.4351,95.78
0,0,FullDH,4,12,4068.7,4,0,0,0,4,0.476,140.06
0,0,FullDH,6,12,4776.4,6,0,0,0,6,0.3599,129.59
0,0,FullDH,2,13,5620.2,2,0,0,1,3,0.6163,182.6
0,0,FullDH,4,13,4875.4,4,0,0,0,4,0.6706,181.66
0,0,FullDH,6,13,3364.8,8,2,2,0,4,0.395,88.75
0,0,FullDH,2,14,3349.1,2,0,0,0,2,0.2871,260.63
0,0,FullDH,4,14,4867.3,4,0,0,0,4,0.2993,159.31
0,0,FullDH,6,14,3657.6,6,0,0,1,7,0.2089,195.89
0,1,SemiTilt,2,0,5344.6,2,0,0,0,2,0.3759,219.52
0,1,SemiTilt,4,0,4291.2,4,0,0,0,4,0.4974,138.57
0,1,SemiTilt,6,0,4102.7,6,0,0,0,6,0.1971,191.84
0,1,SemiTilt,2,1,4291.5,2,0,1,1,2,0.2284,182.31
0,1,SemiTilt,4,1,4058.4,5,1,0,0,4,0.4146,100.58
0,1,SemiTilt,6,1,4341.9,6,0,0,1,7,0.4921,126.78
0,1,SemiTilt,2,2,4562.4,2,0,0,0,2,0.4725,205.0
0,1,SemiTilt,4,2,3975.5,4,0,0,0,4,0.4048,149.23
0,1,SemiTilt,6,2,4681.1,6,0,0,0,6,0.304,147.6
0,1,SemiTilt,2,3,4495.1,2,0,0,0,2,0.5843,84.23
0,1,SemiTilt,4,3,4803.3,4,0,0,0,4,0.4128,126.65
0,1,SemiTilt,6,3,4494.6,6,0,1,0,5,0.4783,196.26
0,1,SemiTilt,2,4,3977.9,2,0,0,0,2,0.0044,134.55
0,1,SemiTilt,4,4,4542.2,4,0,0,0,4,0.3913,81.45
0,1,SemiTilt,6,4,4199.5,7,1,1,0,5,0.5648,261.21
0,1,SemiTilt,2,5,5259.9,2,0,0,0,2,0.4439,133.11
0,1,SemiTilt,4,5,4507.2,4,0,0,0,4,0.5959,164.91
0,1,SemiTilt,6,5,4384.7,6,0,0,0,6,0.2313,6.22
0,1,SemiTilt,2,6,5191.1,2,0,0,0,2,0.2333,195.19
0,1,SemiTilt,4,6,4444.1,4,0,0,1,5,0.3208,144.16
0,1,SemiTilt,6,6,4732.0,6,0,0,0,6,0.4696,150.4
0,1,SemiTilt,2,7,5097.2,2,0,0,1,3,0.3611,172.3
0,1,SemiTilt,4,7,5283.9,4,0,0,0,4,0.3699,145.41
0,1,SemiTilt,6,7,4703.4,6,0,1,0,5,0.3371,152.81
0,1,SemiTilt,2,8,5075.4,2,0,0,1,3,0.4511,254.02
0,1,SemiTilt,4,8,4419.2,4,0,0,0,4,0.2876,145.64
0,1,SemiTilt,6,8,3922.2,6,0,0,1,7,0.2536,128.68
0,1,SemiTilt,2,9,4481.7,2,0,0,0,2,0.4257,107.94
0,1,SemiTilt,4,9,4205.5,5,1,0,0,4,0.5555,151.39
0,1,SemiTilt,6,9,5072.3,6,0,0,0,6,0.5397,58.99
0,1,SemiTilt,2,10,6238.7,2,0,0,1,3,0.3801,158.14
0,1,SemiTilt,4,10,4195.1,4,0,0,1,5,0.3725,186.85
0,1,SemiTilt,6,10,4824.3,6,0,0,1,7,0.4162,122.36
0,1,SemiTilt,2,11,4586.2,3,1,0,0,2,0.1943,107.27
0,1,SemiTilt,4,11,5010.0,4,0,0,0,4,0.3702,187.38
0,1,SemiTilt,6,11,4194.9,7,1,0,0,6,0.5041,61.37
0,1,SemiTilt,2,12,4602.3,2,0,0,0,2,0.47,191.19
0,1,SemiTilt,4,12,4314.8,5,1,0,0,4,0.656,135.77
0,1,SemiTilt,6,12,3352.4,6,0,1,0,5,0.1615,231.9
0,1,SemiTilt,2,13,4077.1,2,0,1,0,1,0.145,207.47
0,1,SemiTilt,4,13,4533.6,4,0,0,1,5,0.4055,135.3
0,1,SemiTilt,6,13,3277.0,8,2,0,1,7,0.4081,34.58
0,1,SemiTilt,2,14,4049.4,2,0,0,1,3,0.2178,135.35
0,1,SemiTilt,4,14,5151.7,4,0,0,0,4,0.4265,83.12
0,1,SemiTilt,6,14,4922.4,6,0,0,0,6,0.4327,141.91
0,2,SemiNDH,2,0,5344.5,2,0,0,0,2,0.2928,173.41
0,2,SemiNDH,4,0,4618.2,4,0,0,0,4,0.4098,237.61
0,2,SemiNDH,6,0,5377.2,6,0,0,0,6,0.4756,170.33
0,2,SemiNDH,2,1,5190.0,2,0,0,0,2,0.4166,149.34
0,2,SemiNDH,4,1,4414.0,4,0,0,0,4,0.1199,95.02
0,2,SemiNDH,6,1,4572.8,7,1,0,0,6,0.4602,111.02
0,2,SemiNDH,2,2,3452.9,2,0,0,1,3,0.4956,112.29
0,2,SemiNDH,4,2,4623.3,4,0,0,0,4,0.4339,86.14
0,2,SemiNDH,6,2,4083.9,6,0,1,0,5,0.2578,77.23
0,2,SemiNDH,2,3,3076.0,2,0,0,0,2,0.1769,106.48
0,2,SemiNDH,4,3,4315.7,4,0,0,0,4,0.3732,56.46
0,2,SemiNDH,6,3,4021.9,6,0,1,0,5,0.2487,146.03
0,2,SemiNDH,2,4,3499.3,2,0,0,0,2,0.0854,128.29
0,2,SemiNDH,4,4,4500.8,6,2,0,1,5,0.5149,103.12
0,2,SemiNDH,6,4,4065.3,6,0,0,0,6,0.5391,84.82
0,2,SemiNDH,2,5,4197.9,2,0,0,0,2,0.3743,60.55
0,2,SemiNDH,4,5,5434.0,4,0,0,0,4,0.5195,204.97
0,2,SemiNDH,6,5,2931.9,7,1,1,0,5,0.3549,132.18
0,2,SemiNDH,2,6,4121.9,2,0,0,0,2,0.4053,160.23
0,2,SemiNDH,4,6,4510.4,4,0,0,0,4,0.1738,20.54
0,2,SemiNDH,6,6,4327.7,7,1,0,1,7,0.2639,137.3
0,2,SemiNDH,2,7,6125.6,2,0,0,0,2,0.2333,193.83
0,2,SemiNDH,4,7,4260.3,5,1,0,0,4,0.6339,187.95
0,2,SemiNDH,6,7,4804.0,6,0,0,1,7,0.0015,229.75
0,2,SemiNDH,2,8,5133.2,2,0,0,0,2,0.5882,160.09
0,2,SemiNDH,4,8,4530.9,4,0,0,0,4,0.6307,15.71
0,2,SemiNDH,6,8,4266.5,6,0,0,1,7,0.4828,129.02
0,2,SemiNDH,2,9,4456.1,2,0,0,0,2,0.249,135.0
0,2,SemiNDH,4,9,4825.5,4,0,0,0,4,0.23,131.94
0,2,SemiNDH,6,9,4584.1,6,0,0,0,6,0.5122,162.98
0,2,SemiNDH,2,10,3820.9,2,0,0,0,2,0.3906,163.09
0,2,SemiNDH,4,10,4145.5,4,0,0,0,4,0.3724,237.74
0,2,SemiNDH,6,10,4180.4,6,0,0,0,6,0.4204,172.01
0,2,SemiNDH,2,11,4108.4,2,0,0,1,3,0.3342,32.33
0,2,SemiNDH,4,11,4867.3,4,0,0,0,4,0.2507,175.1
0,2,SemiNDH,6,11,3562.4,6,0,0,0,6,0.5995,160.19
0,2,SemiNDH,2,12,5151.6,2,0,0,0,2,0.3218,131.3
0,2,SemiNDH,4,12,5078.7,4,0,0,0,4,0.3951,91.92
0,2,SemiNDH,6,12,4939.3,6,0,0,0,6,0.7352,69.77
0,2,SemiNDH,2,13,4402.9,2,0,0,0,2,0.7441,201.25
0,2,SemiNDH,4,13,3841.6,4,0,0,0,4,0.1902,129.19
0,2,SemiNDH,6,13,4275.2,7,1,0,0,6,0.376,113.15
0,2,SemiNDH,2,14,4791.1,2,0,0,0,2,0.3169,173.46
0,2,SemiNDH,4,14,3815.8,4,0,0,0,4,0.5199,224.13
0,2,SemiNDH,6,14,4782.7,6,0,0,0,6,0.3324,191.02
0,3,SemiSwipe,2,0,4514.0,2,0,0,0,2,0.3284,214.55
0,3,SemiSwipe,4,0,3639.7,4,0,0,0,4,0.4052,249.89
0,3,SemiSwipe,6,0,4171.5,6,0,0,0,6,0.5057,246.12
0,3,SemiSwipe,2,1,4266.1,2,0,0,0,2,0.3652,68.28
0,3,SemiSwipe,4,1,5150.9,5,1,0,1,5,0.3598,198.15
0,3,SemiSwipe,6,1,5066.3,6,0,0,0,6,0.3348,51.64
0,3,SemiSwipe,2,2,4220.1,3,1,0,0,2,0.5514,68.99
0,3,SemiSwipe,4,2,4505.5,4,0,0,1,5,0.4709,221.41
0,3,SemiSwipe,6,2,5373.3,6,0,1,0,5,0.3004,175.31
0,3,SemiSwipe,2,3,4834.6,3,1,0,0,2,0.429,73.71
0,3,SemiSwipe,4,3,3869.7,4,0,0,0,4,0.3981,190.0
0,3,SemiSwipe,6,3,4583.7,6,0,0,1,7,0.5901,160.06
0,3,SemiSwipe,2,4,3997.8,2,0,0,0,2,0.6648,93.06
0,3,SemiSwipe,4,4,4139.7,6,2,0,2,6,0.2365,87.4
0,3,SemiSwipe,6,4,4118.8,6,0,0,1,7,0.3959,135.57
0,3,SemiSwipe,2,5,5156.3,2,0,0,0,2,0.4607,128.83
0,3,SemiSwipe,4,5,3512.3,5,1,0,0,4,0.4477,223.98
0,3,SemiSwipe,6,5,4805.2,6,0,0,0,6,0.5611,139.76
0,3,SemiSwipe,2,6,5218.3,2,0,0,0,2,0.2991,176.63
0,3,SemiSwipe,4,6,3536.0,5,1,0,0,4,0.5954,187.62
0,3,SemiSwipe,6,6,5221.1,6,0,0,0,6,0.6882,186.86
0,3,SemiSwipe,2,7,4839.1,3,1,0,0,2,0.1359,89.61
0,3,SemiSwipe,4,7,4257.0,4,0,0,0,4,0.3443,144.4
0,3,SemiSwipe,6,7,5651.9,6,0,0,1,7,0.524,199.67
0,3,SemiSwipe,2,8,3111.1,2,0,0,0,2,0.4306,127.21
0,3,SemiSwipe,4,8,4530.4,4,0,0,0,4,0.3044,115.6
0,3,SemiSwipe,6,8,5387.5,6,0,0,1,7,0.4254,203.24
0,3,SemiSwipe,2,9,4543.4,2,0,0,1,3,0.4663,77.79
0,3,SemiSwipe,4,9,4803.1,4,0,0,0,4,0.6735,198.54
0,3,SemiSwipe,6,9,4392.6,6,0,0,0,6,0.1143,130.28
0,3,SemiSwipe,2,10,4865.2,2,0,0,1,3,0.4755,137.95
0,3,SemiSwipe,4,10,4262.4,4,0,0,0,4,0.374,150.07
0,3,SemiSwipe,6,10,4249.8,6,0,0,0,6,0.6767,220.02
0,3,SemiSwipe,2,11,4514.9,2,0,0,0,2,0.2551,208.23
0,3,SemiSwipe,4,11,4735.6,4,0,0,0,4,0.3786,111.24
0,3,SemiSwipe,6,11,4535.0,6,0,0,1,7,0.5244,133.03
0,3,SemiSwipe,2,12,3988.8,2,0,0,0,2,0.2703,203.4
0,3,SemiSwipe,4,12,4757.2,4,0,0,0,4,0.34,92.84
0,3,SemiSwipe,6,12,4418.8,7,1,0,0,6,0.3824,97.56
0,3,SemiSwipe,2,13,4172.5,2,0,0,0,2,0.3867,59.17
0,3,SemiSwipe,4,13,4163.6,4,0,0,0,4,0.3133,203.98
0,3,SemiSwipe,6,13,4343.6,7,1,0,1,7,0.51,221.9
0,3,SemiSwipe,2,14,3786.0,2,0,0,1,3,0.7081,175.21
0,3,SemiSwipe,4,14,5086.3,4,0,0,0,4,0.4464,201.02
0,3,SemiSwipe,6,14,4950.3,6,0,0,0,6,0.6741,120.53
0,4,SemiDwell,2,0,4668.9,3,1,0,0,2,0.5086,195.22
0,4,SemiDwell,4,0,4038.4,4,0,0,0,4,0.2908,93.33
0,4,SemiDwell,6,0,4391.8,6,0,0,0,6,0.4616,167.17
0,4,SemiDwell,2,1,4883.2,2,0,0,1,3,0.4962,61.48
0,4,SemiDwell,4,1,4200.7,4,0,0,0,4,0.6273,141.79
0,4,SemiDwell,6,1,5255.9,6,0,0,0,6,0.095,143.32
0,4,SemiDwell,2,2,4247.1,2,0,0,0,2,0.564,105.84
0,4,SemiDwell,4,2,4222.5,4,0,0,0,4,0.4302,140.2
0,4,SemiDwell,6,2,4676.2,7,1,0,0,6,0.4877,152.14
0,4,SemiDwell,2,3,5171.9,2,0,0,0,2,0.3927,242.55
0,4,SemiDwell,4,3,5949.1,4,0,0,0,4,0.5801,149.13
0,4,SemiDwell,6,3,4664.1,7,1,0,1,7,0.4522,105.7
0,4,SemiDwell,2,4,4630.2,2,0,0,1,3,0.1837,119.79
0,4,SemiDwell,4,4,5679.3,5,1,1,0,3,0.1602,223.86
0,4,SemiDwell,6,4,4442.8,7,1,0,1,7,0.3677,108.95
0,4,SemiDwell,2,5,4207.6,2,0,0,0,2,0.6391,230.93
0,4,SemiDwell,4,5,4636.6,4,0,0,0,4,0.4057,238.7
0,4,SemiDwell,6,5,3968.1,7,1,0,0,6,0.5399,164.77
0,4,SemiDwell,2,6,4390.2,2,0,0,0,2,0.2499,186.15
0,4,SemiDwell,4,6,5276.2,5,1,0,0,4,0.5555,161.26
0,4,SemiDwell,6,6,5218.6,7,1,1,0,5,0.4451,204.87
0,4,SemiDwell,2,7,3847.4,2,0,0,0,2,0.1994,148.67
0,4,SemiDwell,4,7,4095.3,4,0,0,0,4,0.3659,120.9
0,4,SemiDwell,6,7,4671.8,6,0,0,0,6,0.4399,117.73
0,4,SemiDwell,2,8,5023.8,3,1,0,1,3,0.1471,112.92
0,4,SemiDwell,4,8,4650.4,4,0,0,0,4,0.3963,228.15
0,4,SemiDwell,6,8,3926.8,7,1,1,1,6,0.3494,184.47
0,4,SemiDwell,2,9,4547.2,2,0,0,0,2,0.5293,176.48
0,4,SemiDwell,4,9,4374.1,4,0,0,0,4,0.4892,234.29
0,4,SemiDwell,6,9,3904.9,6,0,0,1,7,0.4059,51.1
0,4,SemiDwell,2,10,3895.3,2,0,0,1,3,0.5288,168.31
0,4,SemiDwell,4,10,5810.4,4,0,0,0,4,0.5525,143.74
0,4,SemiDwell,6,10,4990.3,6,0,0,0,6,0.3137,87.57
0,4,SemiDwell,2,11,4858.6,2,0,0,1,3,0.3397,268.05
0,4,SemiDwell,4,11,4630.3,4,0,0,0,4,0.1672,20.94
0,4,SemiDwell,6,11,4761.2,6,0,0,0,6,0.2359,264.39
0,4,SemiDwell,2,12,4796.7,2,0,0,1,3,0.4247,38.49
0,4,SemiDwell,4,12,5457.6,4,0,0,1,5,0.4489,140.31
0,4,SemiDwell,6,12,3474.0,6,0,0,0,6,0.6189,270.25
0,4,SemiDwell,2,13,4637.0,2,0,0,0,2,0.4366,107.03
0,4,SemiDwell,4,13,3882.3,4,0,0,0,4,0.6068,138.79
0,4,SemiDwell,6,13,4367.5,6,0,0,0,6,0.2125,95.91
0,4,SemiDwell,2,14,5148.0,2,0,0,0,2,0.3221,95.46
0,4,SemiDwell,4,14,3668.5,4,0,1,0,3,0.4181,174.97
0,4,SemiDwell,6,14,5656.5,6,0,0,0,6,0.3598,252.83
1,0,SemiNDH,2,0,6617.0,2,0,0,0,2,0.3994,158.63
1,0,SemiNDH,4,0,6294.7,4,0,0,0,4,0.3555,59.01
1,0,SemiNDH,6,0,7160.3,7,1,1,1,6,0.1252,122.04
1,0,SemiNDH,2,1,5930.9,2,0,0,0,2,0.5477,228.65
1,0,SemiNDH,4,1,6394.2,4,0,0,0,4,0.339,227.9
1,0,SemiNDH,6,1,5203.3,7,1,0,1,7,0.6007,177.91
1,0,SemiNDH,2,2,6937.4,2,0,0,1,3,0.2476,77.58
1,0,SemiNDH,4,2,6885.9,4,0,0,1,5,0.4417,298.72
1,0,SemiNDH,6,2,6850.6,6,0,0,0,6,0.2034,190.9
1,0,SemiNDH,2,3,5368.3,2,0,0,1,3,0.3255,159.6
1,0,SemiNDH,4,3,6636.1,4,0,0,0,4,0.3352,84.89
1,0,SemiNDH,6,3,7111.2,6,0,0,0,6,0.4121,221.44
1,0,SemiNDH,2,4,6581.1,2,0,0,0,2,0.5435,60.21
1,0,SemiNDH,4,4,5943.0,4,0,0,0,4,0.5138,65.53
1,0,SemiNDH,6,4,7091.5,6,0,1,0,5,0.5042,104.81
1,0,SemiNDH,2,5,5961.2,2,0,0,1,3,0.6445,128.41
1,0,SemiNDH,4,5,7594.6,4,0,0,1,5,0.4776,60.61
1,0,SemiNDH,6,5,7246.4,7,1,0,0,6,0.49,156.01
1,0,SemiNDH,2,6,7325.4,2,0,0,0,2,0.3069,180.28
1,0,SemiNDH,4,6,6773.9,5,1,0,1,5,0.5159,10.55
1,0,SemiNDH,6,6,5597.4,7,1,0,0,6,0.3699,84.13
1,0,SemiNDH,2,7,6321.5,2,0,0,1,3,0.4106,198.49
1,0,SemiNDH,4,7,6223.1,4,0,0,1,5,0.5204,139.43
1,0,SemiNDH,6,7,7531.2,6,0,0,1,7,0.473,127.1
1,0,SemiNDH,2,8,7929.4,2,0,0,0,2,0.4845,180.66
1,0,SemiNDH,4,8,7379.7,4,0,0,0,4,0.3141,218.15
1,0,SemiNDH,6,8,6892.9,6,0,0,0,6,0.303,176.89
1,0,SemiNDH,2,9,5236.3,2,0,0,0,2,0.2705,234.35
1,0,SemiNDH,4,9,7720.5,4,0,0,0,4,0.3769,118.68
1,0,SemiNDH,6,9,7019.5,7,1,0,0,6,0.5585,149.49
1,0,SemiNDH,2,10,6670.2,2,0,1,0,1,0.4842,171.53
1,0,SemiNDH,4,10,6104.8,4,0,0,0,4,0.5545,64.07
1,0,SemiNDH,6,10,7223.9,9,3,0,1,7,0.4492,47.28
1,0,SemiNDH,2,11,6957.4,2,0,0,0,2,0.13,210.93
1,0,SemiNDH,4,11,7022.4,5,1,1,0,3,0.3531,171.8
1,0,SemiNDH,6,11,7601.9,7,1,0,0,6,0.3869,152.98
1,0,SemiNDH,2,12,6288.0,2,0,0,0,2,0.4709,57.55
1,0,SemiNDH,4,12,6966.7,5,1,0,0,4,0.2163,155.94
1,0,SemiNDH,6,12,7276.7,6,0,0,0,6,0.3296,215.92
1,0,SemiNDH,2,13,7275.6,2,0,1,0,1,0.793,133.54
1,0,SemiNDH,4,13,6678.9,4,0,0,0,4,0.345,139.49
1,0,SemiNDH,6,13,7129.9,6,0,0,0,6,0.4974,107.28
1,0,SemiNDH,2,14,6567.4,2,0,0,0,2,0.5849,288.58
1,0,SemiNDH,4,14,6159.0,4,0,0,0,4,0.4439,218.37
1,0,SemiNDH,6,14,6471.4,6,0,0,0,6,0.3488,176.27
1,1,FullDH,2,0,7141.0,2,0,0,0,2,0.4228,210.44
1,1,FullDH,4,0,6254.7,4,0,1,1,4,0.2333,266.38
1,1,FullDH,6,0,5640.7,6,0,0,1,7,0.5593,96.76
1,1,FullDH,2,1,6368.5,2,0,0,0,2,0.6179,156.78
1,1,FullDH,4,1,5368.7,4,0,0,1,5,0.2702,80.93
1,1,FullDH,6,1,6113.9,6,0,0,1,7,0.2654,180.48
1,1,FullDH,2,2,5998.3,2,0,0,0,2,0.692,109.55
1,1,FullDH,4,2,6897.3,4,0,0,0,4,0.4686,168.37
1,1,FullDH,6,2,8118.3,6,0,0,0,6,0.2943,122.78
1,1,FullDH,2,3,6641.5,2,0,1,0,1,0.1545,122.26
1,1,FullDH,4,3,5941.6,4,0,1,0,3,0.5402,79.8
1,1,FullDH,6,3,6010.9,7,1,0,0,6,0.6438,237.58
1,1,FullDH,2,4,5218.4,2,0,0,0,2,0.4841,142.33
1,1,FullDH,4,4,7328.0,5,1,0,0,4,0.3432,146.07
1,1,FullDH,6,4,6701.1,6,0,1,0,5,0.3956,245.46
1,1,FullDH,2,5,5910.8,2,0,0,0,2,0.3197,92.35
1,1,FullDH,4,5,6400.4,4,0,0,0,4,0.3835,165.61
1,1,FullDH,6,5,7015.0,6,0,1,1,6,0.2168,135.14
1,1,FullDH,2,6,6096.8,2,0,0,1,3,0.462,223.04
1,1,FullDH,4,6,5951.0,5,1,0,0,4,0.3724,145.87
1,1,FullDH,6,6,6195.6,6,0,0,0,6,0.2683,60.05
1,1,FullDH,2,7,5896.8,2,0,0,0,2,0.6015,70.05
1,1,FullDH,4,7,6147.7,4,0,0,1,5,0.2569,127.66
1,1,FullDH,6,7,6484.6,6,0,0,0,6,0.522,194.13
1,1,FullDH,2,8,6760.6,2,0,0,1,3,0.2414,184.84
1,1,FullDH,4,8,7777.5,4,0,0,0,4,0.3606,107.84
1,1,FullDH,6,8,7832.0,6,0,0,0,6,0.4294,208.72
1,1,FullDH,2,9,6626.9,2,0,0,0,2,0.4333,191.69
1,1,FullDH,4,9,7295.3,4,0,0,0,4,0.2886,70.74
1,1,FullDH,6,9,6574.3,6,0,0,0,6,0.5292,273.24
1,1,FullDH,2,10,6891.2,2,0,0,1,3,0.5589,114.88
1,1,FullDH,4,10,5702.9,4,0,0,0,4,0.0241,201.63
1,1,FullDH,6,10,6301.6,6,0,0,1,7,0.2613,98.45
1,1,FullDH,2,11,6304.0,2,0,0,1,3,0.6907,169.98
1,1,FullDH,4,11,6705.3,4,0,0,1,5,0.4572,98.01
1,1,FullDH,6,11,5324.9,6,0,0,0,6,0.55,98.97
1,1,FullDH,2,12,6599.5,2,0,0,0,2,0.5024,175.26
1,1,FullDH,4,12,6179.4,5,1,1,0,3,0.2798,186.02
1,1,FullDH,6,12,6335.7,6,0,0,0,6,0.4383,257.41
1,1,FullDH,2,13,6856.8,2,0,0,0,2,0.5737,193.0
1,1,FullDH,4,13,6982.8,4,0,0,0,4,0.3542,208.16
1,1,FullDH,6,13,6802.0,6,0,0,0,6,0.3756,197.88
1,1,FullDH,2,14,6254.0,2,0,0,0,2,0.5355,150.61
1,1,FullDH,4,14,6046.3,5,1,0,0,4,0.5237,200.51
1,1,FullDH,6,14,6506.9,7,1,0,1,7,0.2928,88.42
1,2,SemiDwell,2,0,6472.7,2,0,0,1,3,0.295,120.74
1,2,SemiDwell,4,0,7037.3,4,0,0,0,4,0.4514,142.72
1,2,SemiDwell,6,0,6960.2,6,0,0,0,6,0.2764,127.38
1,2,SemiDwell,2,1,6407.4,2,0,0,0,2,0.23,214.98
1,2,SemiDwell,4,1,6701.8,4,0,0,0,4,0.6094,141.11
1,2,SemiDwell,6,1,7269.1,7,1,0,1,7,0.3684,218.16
1,2,SemiDwell,2,2,6029.5,2,0,0,0,2,0.577,121.42
1,2,SemiDwell,4,2,6258.8,4,0,1,1,4,0.4866,94.55
1,2,SemiDwell,6,2,8018.8,6,0,1,0,5,0.4426,184.25
1,2,SemiDwell,2,3,7313.4,2,0,0,0,2,0.4178,264.54
1,2,SemiDwell,4,3,6250.8,5,1,0,0,4,0.649,131.42
1,2,SemiDwell,6,3,6685.2,7,1,1,1,6,0.18,188.25
1,2,SemiDwell,2,4,6252.2,2,0,0,0,2,0.4851,222.9
1,2,SemiDwell,4,4,6208.4,4,0,0,1,5,0.1981,170.98
1,2,SemiDwell,6,4,6621.8,6,0,1,1,6,0.366,96.89
1,2,SemiDwell,2,5,6773.9,2,0,0,1,3,0.6144,149.54
1,2,SemiDwell,4,5,7015.5,4,0,0,1,5,0.4877,135.83
1,2,SemiDwell,6,5,6000.7,7,1,0,0,6,0.3921,74.75
1,2,SemiDwell,2,6,6772.9,2,0,0,0,2,0.5826,102.92
1,2,SemiDwell,4,6,7223.8,4,0,0,0,4,0.1323,127.64
1,2,SemiDwell,6,6,6376.7,6,0,1,1,6,0.4448,156.6
1,2,SemiDwell,2,7,6142.8,2,0,0,0,2,0.6452,96.38
1,2,SemiDwell,4,7,6460.3,4,0,1,0,3,0.4131,137.72
1,2,SemiDwell,6,7,6579.9,6,0,0,0,6,0.261,98.69
1,2,SemiDwell,2,8,6815.2,2,0,0,1,3,0.5001,162.77
1,2,SemiDwell,4,8,7007.3,4,0,0,0,4,0.4819,183.58
1,2,SemiDwell,6,8,7027.5,6,0,0,1,7,0.2043,163.53
1,2,SemiDwell,2,9,6949.7,2,0,0,1,3,0.2905,119.42
1,2,SemiDwell,4,9,5839.8,4,0,0,0,4,0.5897,188.86
1,2,SemiDwell,6,9,5912.3,6,0,0,1,7,0.3733,206.45
1,2,SemiDwell,2,10,7283.9,2,0,0,0,2,0.5874,270.41
1,2,SemiDwell,4,10,7418.3,4,0,0,0,4,0.5428,147.93
1,2,SemiDwell,6,10,5414.1,7,1,0,0,6,0.5183,125.09
1,2,SemiDwell,2,11,6516.3,3,1,1,1,2,0.3388,252.54
1,2,SemiDwell,4,11,6095.8,5,1,0,0,4,0.4437,41.1
1,2,SemiDwell,6,11,6272.3,6,0,1,0,5,0.2633,79.03
1,2,SemiDwell,2,12,6796.0,2,0,0,0,2,0.5095,151.4
1,2,SemiDwell,4,12,7432.4,5,1,0,0,4,0.2509,93.88
1,2,SemiDwell,6,12,6410.5,7,1,0,0,6,0.1707,253.63
1,2,SemiDwell,2,13,6364.7,2,0,1,0,1,0.555,95.39
1,2,SemiDwell,4,13,6914.1,4,0,0,0,4,0.2033,235.64
1,2,SemiDwell,6,13,6183.9,6,0,0,1,7,0.4838,72.76
1,2,SemiDwell,2,14,6037.8,2,0,0,1,3,0.2625,155.09
1,2,SemiDwell,4,14,7094.3,4,0,1,0,3,0.3017,169.29
1,2,SemiDwell,6,14,7600.9,6,0,0,0,6,0.2302,53.94
1,3,SemiTilt,2,0,7591.5,2,0,0,0,2,0.5997,13.5
1,3,SemiTilt,4,0,5115.5,4,0,0,1,5,0.442,35.41
1,3,SemiTilt,6,0,7218.5,6,0,0,0,6,0.442,172.04
1,3,SemiTilt,2,1,7237.4,2,0,0,0,2,0.4479,90.11
1,3,SemiTilt,4,1,7717.2,4,0,0,0,4,0.355,161.46
1,3,SemiTilt,6,1,6279.4,7,1,0,1,7,0.4841,177.07
1,3,SemiTilt,2,2,6822.1,2,0,0,0,2,0.6048,166.77
1,3,SemiTilt,4,2,5622.3,4,0,0,0,4,0.2024,142.72
1,3,SemiTilt,6,2,6721.2,6,0,0,0,6,0.1527,154.98
1,3,SemiTilt,2,3,7250.8,2,0,0,0,2,0.3717,218.0
1,3,SemiTilt,4,3,6462.9,4,0,0,0,4,0.3582,117.53
1,3,SemiTilt,6,3,5883.6,6,0,0,0,6,0.1276,139.66
1,3,SemiTilt,2,4,6615.0,2,0,0,1,3,0.3346,128.79
1,3,SemiTilt,4,4,6489.3,4,0,0,0,4,0.3918,142.48
1,3,SemiTilt,6,4,7083.2,6,0,0,0,6,0.4735,102.33
1,3,SemiTilt,2,5,7302.2,2,0,0,0,2,0.4232,59.85
1,3,SemiTilt,4,5,6287.3,4,0,0,0,4,0.5604,109.62
1,3,SemiTilt,6,5,5463.8,6,0,0,0,6,0.1997,242.82
1,3,SemiTilt,2,6,6447.6,2,0,0,1,3,0.3776,68.69
1,3,SemiTilt,4,6,6123.7,4,0,0,0,4,0.5497,171.43
1,3,SemiTilt,6,6,6601.2,6,0,0,0,6,0.3569,227.12
1,3,SemiTilt,2,7,6688.4,2,0,0,0,2,0.6194,132.99
1,3,SemiTilt,4,7,4698.8,4,0,0,1,5,0.1973,55.68
1,3,SemiTilt,6,7,6400.9,6,0,0,1,7,0.5219,245.73
1,3,SemiTilt,2,8,7597.9,2,0,0,0,2,0.3009,134.69
1,3,SemiTilt,4,8,7294.9,4,0,0,0,4,0.3051,182.82
1,3,SemiTilt,6,8,6345.2,6,0,0,0,6,0.1918,125.28
1,3,SemiTilt,2,9,5894.5,2,0,0,0,2,0.3898,116.26
1,3,SemiTilt,4,9,6510.2,5,1,0,0,4,0.2971,255.4
1,3,SemiTilt,6,9,7200.8,6,0,0,1,7,0.4638,147.23
1,3,SemiTilt,2,10,5746.8,2,0,0,0,2,0.2913,86.1
1,3,SemiTilt,4,10,6292.7,4,0,0,0,4,0.5733,284.03
1,3,SemiTilt,6,10,6722.9,6,0,0,0,6,0.5637,117.35
1,3,SemiTilt,2,11,5365.2,2,0,0,0,2,0.1082,187.51
1,3,SemiTilt,4,11,6226.3,4,0,0,0,4,0.5594,53.96
1,3,SemiTilt,6,11,7353.9,6,0,0,0,6,0.6974,101.67
1,3,SemiTilt,2,12,6840.4,4,2,0,1,3,0.6532,112.85
1,3,SemiTilt,4,12,7132.9,4,0,0,0,4,0.5664,182.75
1,3,SemiTilt,6,12,5671.2,6,0,0,0,6,0.2937,166.42
1,3,SemiTilt,2,13,5909.1,2,0,0,0,2,0.3377,97.42
1,3,SemiTilt,4,13,6470.0,4,0,1,0,3,0.3144,222.21
1,3,SemiTilt,6,13,5701.8,6,0,1,0,5,0.4327,150.53
1,3,SemiTilt,2,14,5543.9,2,0,0,1,3,0.4846,185.9
1,3,SemiTilt,4,14,7279.8,4,0,0,0,4,0.2794,130.28
1,3,SemiTilt,6,14,6819.6,6,0,0,0,6,0.3656,78.66
1,4,SemiSwipe,2,0,6665.3,3,1,1,0,1,0.1538,130.65
1,4,SemiSwipe,4,0,6715.9,5,1,0,1,5,0.4581,153.7
1,4,SemiSwipe,6,0,6760.5,6,0,0,1,7,0.4133,247.69
1,4,SemiSwipe,2,1,6240.3,2,0,0,0,2,0.5276,72.68
1,4,SemiSwipe,4,1,6182.5,4,0,0,0,4,0.5682,124.45
1,4,SemiSwipe,6,1,6276.3,6,0,0,0,6,0.3797,200.01
1,4,SemiSwipe,2,2,5778.4,2,0,0,1,3,0.2143,156.03
1,4,SemiSwipe,4,2,6909.5,4,0,0,0,4,0.2735,147.55
1,4,SemiSwipe,6,2,6331.2,6,0,0,0,6,0.2043,333.12
1,4,SemiSwipe,2,3,6121.1,2,0,0,0,2,0.4312,187.7
1,4,SemiSwipe,4,3,6071.3,4,0,0,0,4,0.2401,128.96
1,4,SemiSwipe,6,3,6149.4,6,0,1,0,5,0.3094,178.89
1,4,SemiSwipe,2,4,6963.9,2,0,2,0,1,0.5176,181.4
1,4,SemiSwipe,4,4,6806.9,4,0,1,0,3,0.5534,162.37
1,4,SemiSwipe,6,4,6877.1,6,0,0,0,6,0.5331,147.76
1,4,SemiSwipe,2,5,5966.0,2,0,0,0,2,0.4467,91.8
1,4,SemiSwipe,4,5,6692.8,4,0,0,1,5,0.4523,187.45
1,4,SemiSwipe,6,5,7007.1,6,0,0,0,6,0.7057,150.2
1,4,SemiSwipe,2,6,5171.8,2,0,0,0,2,0.3825,179.61
1,4,SemiSwipe,4,6,5462.1,5,1,0,1,5,0.4553,62.13
1,4,SemiSwipe,6,6,6785.1,6,0,0,0,6,0.3311,238.86
1,4,SemiSwipe,2,7,6947.5,2,0,0,0,2,0.522,192.4
1,4,SemiSwipe,4,7,7145.1,4,0,0,1,5,0.3017,234.72
1,4,SemiSwipe,6,7,7002.2,7,1,0,0,6,0.3319,154.6
1,4,SemiSwipe,2,8,6114.7,2,0,0,0,2,0.1952,213.42
1,4,SemiSwipe,4,8,7191.2,4,0,0,0,4,0.1334,160.9
1,4,SemiSwipe,6,8,5640.2,6,0,1,0,5,0.5005,119.66
1,4,SemiSwipe,2,9,7822.4,2,0,0,0,2,0.4507,310.23
1,4,SemiSwipe,4,9,6341.4,4,0,0,0,4,0.5177,216.26
1,4,SemiSwipe,6,9,7132.1,6,0,0,0,6,0.5369,113.15
1,4,SemiSwipe,2,10,5679.9,2,0,0,0,2,0.2749,219.05
1,4,SemiSwipe,4,10,6195.6,4,0,0,0,4,0.2059,2.23
1,4,SemiSwipe,6,10,7348.1,7,1,0,0,6,0.1258,124.6
1,4,SemiSwipe,2,11,6187.8,2,0,0,0,2,0.1827,16.96
1,4,SemiSwipe,4,11,7409.8,4,0,0,0,4,0.0108,119.85
1,4,SemiSwipe,6,11,6523.7,6,0,0,0,6,0.323,168.35
1,4,SemiSwipe,2,12,5558.6,2,0,0,0,2,0.4738,200.45
1,4,SemiSwipe,4,12,5880.5,4,0,0,0,4,0.4129,305.76
1,4,SemiSwipe,6,12,5901.9,6,0,0,0,6,0.4871,172.61
1,4,SemiSwipe,2,13,6026.2,2,0,0,0,2,0.2891,104.49
1,4,SemiSwipe,4,13,5950.7,4,0,0,1,5,0.2891,97.79
1,4,SemiSwipe,6,13,7024.5,6,0,0,0,6,0.4242,141.73
1,4,SemiSwipe,2,14,6184.6,2,0,0,0,2,0.2194,278.44
1,4,SemiSwipe,4,14,6052.1,4,0,0,0,4,0.3963,141.24
1,4,SemiSwipe,6,14,6274.5,7,1,0,0,6,0.6396,186.7
2,0,SemiDwell,2,0,5200.5,2,0,0,1,3,0.3808,164.83
2,0,SemiDwell,4,0,6111.2,4,0,0,1,5,0.3143,132.91
2,0,SemiDwell,6,0,4790.1,6,0,0,0,6,0.2369,193.51
2,0,SemiDwell,2,1,6187.7,2,0,0,0,2,0.3415,206.7
2,0,SemiDwell,4,1,4770.6,4,0,0,0,4,0.5408,215.32
2,0,SemiDwell,6,1,4486.3,6,0,0,0,6,0.0794,117.75
2,0,SemiDwell,2,2,5176.7,2,0,0,0,2,0.5574,67.91
2,0,SemiDwell,4,2,5385.4,4,0,0,0,4,0.4434,124.6
2,0,SemiDwell,6,2,5128.8,7,1,0,1,7,0.2711,110.04
2,0,SemiDwell,2,3,5457.5,3,1,0,1,3,0.3557,97.1
2,0,SemiDwell,4,3,5156.6,4,0,0,0,4,0.4146,238.91
2,0,SemiDwell,6,3,6414.0,6,0,0,0,6,0.3287,184.5
2,0,SemiDwell,2,4,6011.5,2,0,0,0,2,0.6118,141.85
2,0,SemiDwell,4,4,5595.7,4,0,0,1,5,0.3498,93.49
2,0,SemiDwell,6,4,4869.6,6,0,1,0,5,0.6558,187.08
2,0,SemiDwell,2,5,5742.8,2,0,0,0,2,0.4833,151.76
2,0,SemiDwell,4,5,5581.2,5,1,0,0,4,0.4106,97.09
2,0,SemiDwell,6,5,5197.5,7,1,0,0,6,0.3439,98.26
2,0,SemiDwell,2,6,5497.1,2,0,0,0,2,0.4804,160.73
2,0,SemiDwell,4,6,4934.3,5,1,1,0,3,0.5162,103.56
2,0,SemiDwell,6,6,6239.8,7,1,0,0,6,0.4168,128.47
2,0,SemiDwell,2,7,5036.0,2,0,0,1,3,0.5569,192.67
2,0,SemiDwell,4,7,4181.2,4,0,0,1,5,0.3536,115.06
2,0,SemiDwell,6,7,4839.6,6,0,1,1,6,0.2133,86.36
2,0,SemiDwell,2,8,5807.9,2,0,0,0,2,0.5742,154.93
2,0,SemiDwell,4,8,5054.9,4,0,0,0,4,0.5687,75.68
2,0,SemiDwell,6,8,4784.9,6,0,0,0,6,0.406,124.22
2,0,SemiDwell,2,9,4844.8,2,0,0,0,2,0.3207,285.38
2,0,SemiDwell,4,9,4954.4,4,0,0,0,4,0.2896,131.71
2,0,SemiDwell,6,9,6025.4,7,1,0,1,7,0.6625,134.53
2,0,SemiDwell,2,10,5569.6,2,0,0,0,2,0.235,175.82
2,0,SemiDwell,4,10,4593.6,5,1,0,0,4,0.3366,167.15
2,0,SemiDwell,6,10,4685.7,6,0,0,1,7,0.4545,213.05
2,0,SemiDwell,2,11,4210.6,3,1,0,0,2,0.3696,184.47
2,0,SemiDwell,4,11,5593.6,4,0,0,0,4,0.422,138.13
2,0,SemiDwell,6,11,5525.0,6,0,0,0,6,0.5643,197.91
2,0,SemiDwell,2,12,5875.2,2,0,0,0,2,0.7196,145.87
2,0,SemiDwell,4,12,4964.0,4,0,0,1,5,0.1973,201.57
2,0,SemiDwell,6,12,4458.7,7,1,1,1,6,0.387,306.46
2,0,SemiDwell,2,13,5822.0,2,0,0,0,2,0.5003,117.85
2,0,SemiDwell,4,13,4757.4,5,1,0,0,4,0.5929,189.04
2,0,SemiDwell,6,13,5377.0,6,0,1,0,5,0.3055,53.04
2,0,SemiDwell,2,14,4208.5,2,0,0,0,2,0.4883,198.03
2,0,SemiDwell,4,14,5348.1,4,0,0,0,4,0.2703,239.79
2,0,SemiDwell,6,14,5933.8,6,0,0,0,6,0.2859,296.56
2,1,SemiNDH,2,0,5411.9,4,2,0,0,2,0.6303,119.77
2,1,SemiNDH,4,0,4701.1,4,0,0,0,4,0.505,255.3
2,1,SemiNDH,6,0,5376.1,8,2,0,0,6,0.4349,158.14
2,1,SemiNDH,2,1,6253.1,2,0,0,0,2,0.2665,256.22
2,1,SemiNDH,4,1,4412.1,4,0,0,0,4,0.2314,44.73
2,1,SemiNDH,6,1,5321.4,6,0,1,0,5,0.558,141.85
2,1,SemiNDH,2,2,5359.7,2,0,0,1,3,0.3692,94.32
2,1,SemiNDH,4,2,5920.6,4,0,0,0,4,0.3622,105.42
2,1,SemiNDH,6,2,5440.6,6,0,2,0,4,0.2367,148.14
2,1,SemiNDH,2,3,5991.5,2,0,0,0,2,0.5568,123.86
2,1,SemiNDH,4,3,4582.4,5,1,0,0,4,0.5729,168.91
2,1,SemiNDH,6,3,5419.7,6,0,0,1,7,0.3334,77.63
2,1,SemiNDH,2,4,5134.7,2,0,0,1,3,0.4602,210.7
2,1,SemiNDH,4,4,5996.6,5,1,0,0,4,0.3168,149.02
2,1,SemiNDH,6,4,4909.5,8,2,0,0,6,0.4922,195.64
2,1,SemiNDH,2,5,4902.7,2,0,0,0,2,0.3723,100.19
2,1,SemiNDH,4,5,5152.9,4,0,1,0,3,0.2064,135.72
2,1,SemiNDH,6,5,4962.1,6,0,1,0,5,0.6113,172.54
2,1,SemiNDH,2,6,4950.7,2,0,0,0,2,0.5178,113.22
2,1,SemiNDH,4,6,5179.6,4,0,0,0,4,0.3271,33.57
2,1,SemiNDH,6,6,4814.4,6,0,0,1,7,0.1215,205.19
2,1,SemiNDH,2,7,5013.0,2,0,0,0,2,0.4066,56.81
2,1,SemiNDH,4,7,4695.7,4,0,0,0,4,0.7317,74.57
2,1,SemiNDH,6,7,4924.2,6,0,1,0,5,0.7627,97.69
2,1,SemiNDH,2,8,4850.7,2,0,0,0,2,0.3634,137.62
2,1,SemiNDH,4,8,5475.5,4,0,0,0,4,0.3091,137.71
2,1,SemiNDH,6,8,5012.6,6,0,0,0,6,0.3631,185.71
2,1,SemiNDH,2,9,6345.1,2,0,0,1,3,0.5165,131.35
2,1,SemiNDH,4,9,4153.9,4,0,1,1,4,0.2739,146.68
2,1,SemiNDH,6,9,5079.7,6,0,0,1,7,0.6307,157.4
2,1,SemiNDH,2,10,5317.7,2,0,1,0,1,0.202,136.03
2,1,SemiNDH,4,10,5497.0,4,0,0,1,5,0.3745,2.77
2,1,SemiNDH,6,10,4904.7,7,1,0,0,6,0.5969,124.26
2,1,SemiNDH,2,11,4711.8,2,0,0,1,3,0.514,73.71
2,1,SemiNDH,4,11,5086.6,4,0,0,0,4,0.238,277.9
2,1,SemiNDH,6,11,5037.9,6,0,0,1,7,0.8585,204.78
2,1,SemiNDH,2,12,4777.3,2,0,0,0,2,0.2586,304.94
2,1,SemiNDH,4,12,5972.3,6,2,1,1,4,0.3608,128.53
2,1,SemiNDH,6,12,5471.5,7,1,0,0,6,0.2742,180.13
2,1,SemiNDH,2,13,5835.1,2,0,0,1,3,0.6464,159.71
2,1,SemiNDH,4,13,3445.2,4,0,0,1,5,0.2983,58.43
2,1,SemiNDH,6,13,6303.1,7,1,0,0,6,0.3958,166.84
2,1,SemiNDH,2,14,5081.8,2,0,0,0,2,0.5025,155.51
2,1,SemiNDH,4,14,5032.1,4,0,1,0,3,0.332,225.1
2,1,SemiNDH,6,14,5708.2,6,0,0,0,6,0.4331,49.39
2,2,SemiSwipe,2,0,5220.1,2,0,1,1,2,0.1769,145.65
2,2,SemiSwipe,4,0,4972.7,5,1,0,0,4,0.1784,8.98
2,2,SemiSwipe,6,0,5106.5,6,0,0,0,6,0.272,139.1
2,2,SemiSwipe,2,1,4312.8,3,1,0,1,3,0.0358,139.43
2,2,SemiSwipe,4,1,4945.8,4,0,0,1,5,0.2565,201.27
2,2,SemiSwipe,6,1,4954.0,6,0,0,0,6,0.1808,37.58
2,2,SemiSwipe,2,2,5302.2,2,0,0,0,2,0.4055,245.87
2,2,SemiSwipe,4,2,5929.1,4,0,0,0,4,0.1001,66.95
2,2,SemiSwipe,6,2,4981.6,6,0,0,1,7,0.4851,255.18
2,2,SemiSwipe,2,3,6010.7,2,0,0,0,2,0.3192,59.52
2,2,SemiSwipe,4,3,5836.6,4,0,0,0,4,0.345,95.46
2,2,SemiSwipe,6,3,5791.5,6,0,0,0,6,0.4496,113.99
2,2,SemiSwipe,2,4,4772.0,2,0,0,0,2,0.3921,154.32
2,2,SemiSwipe,4,4,4862.4,4,0,0,0,4,0.3142,173.37
2,2,SemiSwipe,6,4,6037.2,6,0,0,0,6,0.4513,137.85
2,2,SemiSwipe,2,5,4777.6,2,0,0,0,2,0.3626,54.26
2,2,SemiSwipe,4,5,6217.5,4,0,0,0,4,0.4197,178.36
2,2,SemiSwipe,6,5,5279.9,7,1,1,0,5,0.3425,217.48
2,2,SemiSwipe,2,6,4376.7,2,0,0,0,2,0.5399,84.73
2,2,SemiSwipe,4,6,6049.9,4,0,0,0,4,0.0074,259.25
2,2,SemiSwipe,6,6,4844.8,7,1,0,0,6,0.2283,206.81
2,2,SemiSwipe,2,7,5213.3,2,0,0,0,2,0.336,135.91
2,2,SemiSwipe,4,7,4903.1,5,1,1,0,3,0.2188,120.67
2,2,SemiSwipe,6,7,6215.2,6,0,0,0,6,0.5529,174.44
2,2,SemiSwipe,2,8,4746.2,2,0,0,0,2,0.2805,116.44
2,2,SemiSwipe,4,8,4441.9,4,0,0,1,5,0.3336,242.79
2,2,SemiSwipe,6,8,5861.4,6,0,1,0,5,0.3401,150.29
2,2,SemiSwipe,2,9,5118.5,2,0,0,1,3,0.1909,175.31
2,2,SemiSwipe,4,9,4534.0,4,0,0,0,4,0.2448,160.31
2,2,SemiSwipe,6,9,3928.2,7,1,0,1,7,0.3255,288.39
2,2,SemiSwipe,2,10,5511.8,2,0,0,0,2,0.3708,224.54
2,2,SemiSwipe,4,10,4582.2,4,0,0,0,4,0.4856,154.62
2,2,SemiSwipe,6,10,5759.5,7,1,0,0,6,0.4685,58.24
2,2,SemiSwipe,2,11,4958.2,2,0,0,1,3,0.1985,166.82
2,2,SemiSwipe,4,11,4826.5,4,0,0,0,4,0.4681,187.56
2,2,SemiSwipe,6,11,5657.1,6,0,0,0,6,0.2068,194.55
2,2,SemiSwipe,2,12,5156.1,2,0,0,1,3,0.3778,9.34
2,2,SemiSwipe,4,12,5208.6,4,0,0,0,4,0.3762,313.9
2,2,SemiSwipe,6,12,5556.8,7,1,0,0,6,0.1204,8.6
2,2,SemiSwipe,2,13,5502.6,2,0,0,0,2,0.159,184.44
2,2,SemiSwipe,4,13,5317.4,4,0,0,0,4,0.3351,30.06
2,2,SemiSwipe,6,13,4383.4,6,0,0,0,6,0.3161,184.61
2,2,SemiSwipe,2,14,5809.9,2,0,0,0,2,0.3469,136.18
2,2,SemiSwipe,4,14,5373.4,4,0,0,0,4,0.2584,183.4
2,2,SemiSwipe,6,14,5294.6,6,0,0,1,7,0.4016,256.39
2,3,FullDH,2,0,4552.7,2,0,0,0,2,0.487,46.5
2,3,FullDH,4,0,4997.9,4,0,0,0,4,0.4679,146.83
2,3,FullDH,6,0,4880.9,6,0,0,0,6,0.43,198.82
2,3,FullDH,2,1,6511.8,2,0,0,0,2,0.0038,135.08
2,3,FullDH,4,1,5193.1,4,0,0,1,5,0.3195,80.52
2,3,FullDH,6,1,4403.9,6,0,0,0,6,0.5251,229.25
2,3,FullDH,2,2,4856.5,2,0,0,0,2,0.3864,223.96
2,3,FullDH,4,2,4520.1,4,0,0,0,4,0.262,104.97
2,3,FullDH,6,2,6182.9,6,0,0,0,6,0.6063,90.61
2,3,FullDH,2,3,5188.1,2,0,0,0,2,0.5668,211.45
2,3,FullDH,4,3,4368.2,6,2,0,0,4,0.3647,172.87
2,3,FullDH,6,3,6543.1,6,0,0,0,6,0.4071,147.65
2,3,FullDH,2,4,5718.4,2,0,0,0,2,0.4484,168.21
2,3,FullDH,4,4,5864.1,4,0,0,0,4,0.4742,115.19
2,3,FullDH,6,4,5337.5,6,0,0,0,6,0.4598,55.5
2,3,FullDH,2,5,4375.6,2,0,0,0,2,0.2448,81.87
2,3,FullDH,4,5,4237.7,5,1,0,0,4,0.4797,25.54
2,3,FullDH,6,5,5422.2,6,0,0,1,7,0.4133,230.67
2,3,FullDH,2,6,5920.0,2,0,1,1,2,0.3572,130.86
2,3,FullDH,4,6,4946.5,4,0,0,0,4,0.4835,190.51
2,3,FullDH,6,6,5457.4,6,0,0,0,6,0.2751,105.79
2,3,FullDH,2,7,4405.6,2,0,0,0,2,0.5065,237.93
2,3,FullDH,4,7,5472.4,4,0,0,0,4,0.3272,212.15
2,3,FullDH,6,7,5504.4,6,0,0,0,6,0.1315,116.0
2,3,FullDH,2,8,5233.2,2,0,0,0,2,0.7538,269.32
2,3,FullDH,4,8,4899.2,5,1,0,0,4,0.4239,127.82
2,3,FullDH,6,8,4555.4,6,0,0,1,7,0.5545,257.19
2,3,FullDH,2,9,4580.8,2,0,0,0,2,0.553,187.6
2,3,FullDH,4,9,5315.2,4,0,0,0,4,0.519,196.52
2,3,FullDH,6,9,5213.2,6,0,0,0,6,0.5107,190.19
2,3,FullDH,2,10,5602.1,2,0,0,0,2,0.3274,128.26
2,3,FullDH,4,10,5804.9,5,1,0,0,4,0.2927,78.15
2,3,FullDH,6,10,5373.7,6,0,0,0,6,0.3439,9.17
2,3,FullDH,2,11,6065.3,2,0,1,0,1,0.448,42.8
2,3,FullDH,4,11,5015.7,4,0,0,0,4,0.3666,68.11
2,3,FullDH,6,11,5036.7,6,0,0,0,6,0.0085,137.6
2,3,FullDH,2,12,4339.2,2,0,0,0,2,0.4516,114.03
2,3,FullDH,4,12,5165.9,4,0,0,1,5,0.4195,165.58
2,3,FullDH,6,12,4854.5,6,0,0,1,7,0.3202,205.42
2,3,FullDH,2,13,4643.0,2,0,0,1,3,0.6035,122.64
2,3,FullDH,4,13,6225.0,4,0,0,1,5,0.5664,184.94
2,3,FullDH,6,13,4779.6,7,1,0,1,7,0.2262,108.98
2,3,FullDH,2,14,4636.0,2,0,0,1,3,0.2805,131.56
2,3,FullDH,4,14,5245.3,4,0,0,0,4,0.5946,242.36
2,3,FullDH,6,14,5905.6,7,1,0,0,6,0.2993,228.51
2,4,SemiTilt,2,0,4918.6,2,0,0,0,2,0.4074,296.15
2,4,SemiTilt,4,0,4934.5,4,0,0,0,4,0.15,220.64
2,4,SemiTilt,6,0,5229.2,7,1,0,0,6,0.2682,87.98
2,4,SemiTilt,2,1,5860.2,2,0,0,1,3,0.3318,222.93
2,4,SemiTilt,4,1,4352.5,4,0,0,0,4,0.2628,173.36
2,4,SemiTilt,6,1,6127.2,6,0,0,0,6,0.4809,167.68
2,4,SemiTilt,2,2,6362.0,2,0,0,0,2,0.5041,138.53
2,4,SemiTilt,4,2,5185.5,4,0,1,0,3,0.4585,138.21
2,4,SemiTilt,6,2,5446.0,6,0,0,0,6,0.3422,88.93
2,4,SemiTilt,2,3,4553.9,2,0,0,0,2,0.4428,61.71
2,4,SemiTilt,4,3,6118.3,4,0,0,0,4,0.4954,132.22
2,4,SemiTilt,6,3,5660.6,6,0,0,0,6,0.4297,243.73
2,4,SemiTilt,2,4,5051.2,2,0,0,0,2,0.5279,185.07
2,4,SemiTilt,4,4,5078.1,4,0,0,0,4,0.3425,238.37
2,4,SemiTilt,6,4,4360.7,7,1,0,1,7,0.2726,315.2
2,4,SemiTilt,2,5,5491.2,2,0,0,0,2,0.4793,130.99
2,4,SemiTilt,4,5,4315.3,5,1,0,0,4,0.6507,169.98
2,4,SemiTilt,6,5,6175.1,6,0,0,1,7,0.3839,172.55
2,4,SemiTilt,2,6,5250.1,2,0,0,0,2,0.4288,125.32
2,4,SemiTilt,4,6,5837.9,4,0,0,0,4,0.4559,170.41
2,4,SemiTilt,6,6,4818.5,6,0,0,1,7,0.3488,145.73
2,4,SemiTilt,2,7,5240.4,3,1,0,1,3,0.3204,151.74
2,4,SemiTilt,4,7,5894.9,4,0,0,1,5,0.2603,145.29
2,4,SemiTilt,6,7,4655.7,6,0,0,0,6,0.5129,51.21
2,4,SemiTilt,2,8,6330.6,2,0,0,0,2,0.3642,139.99
2,4,SemiTilt,4,8,4740.8,4,0,0,0,4,0.4897,238.76
2,4,SemiTilt,6,8,4865.5,6,0,1,0,5,0.5482,183.29
2,4,SemiTilt,2,9,5358.6,2,0,0,0,2,0.4635,280.2
2,4,SemiTilt,4,9,4413.7,4,0,0,0,4,0.5789,132.15
2,4,SemiTilt,6,9,5120.1,6,0,0,0,6,0.7785,157.14
2,4,SemiTilt,2,10,5281.4,2,0,0,0,2,0.4846,44.82
2,4,SemiTilt,4,10,3574.0,4,0,0,0,4,0.5542,258.77
2,4,SemiTilt,6,10,4516.4,8,2,0,1,7,0.412,150.02
2,4,SemiTilt,2,11,4939.9,2,0,0,0,2,0.5604,104.05
2,4,SemiTilt,4,11,4560.1,4,0,0,0,4,0.4314,241.22
2,4,SemiTilt,6,11,5360.7,6,0,0,0,6,0.4267,109.88
2,4,SemiTilt,2,12,4670.6,2,0,0,0,2,0.3953,140.02
2,4,SemiTilt,4,12,5684.5,4,0,0,1,5,0.5019,30.41
2,4,SemiTilt,6,12,3957.5,7,1,1,1,6,0.3685,100.08
2,4,SemiTilt,2,13,4548.5,2,0,0,0,2,0.4334,41.16
2,4,SemiTilt,4,13,5201.4,4,0,0,0,4,0.3934,212.06
2,4,SemiTilt,6,13,5359.9,6,0,0,0,6,0.2451,156.35
2,4,SemiTilt,2,14,5469.2,2,0,0,1,3,0.2141,110.73
2,4,SemiTilt,4,14,4830.0,4,0,0,0,4,0.2072,90.01
2,4,SemiTilt,6,14,5576.5,6,0,0,1,7,0.4724,164.83
3,0,SemiSwipe,2,0,4181.4,2,0,0,0,2,0.5314,124.68
3,0,SemiSwipe,4,0,3914.8,4,0,0,0,4,0.4041,231.65
3,0,SemiSwipe,6,0,3896.4,6,0,0,0,6,0.5734,62.68
3,0,SemiSwipe,2,1,5126.9,2,0,0,0,2,0.547,199.37
3,0,SemiSwipe,4,1,4390.2,5,1,0,0,4,0.63,175.98
3,0,SemiSwipe,6,1,5348.8,8,2,0,0,6,0.292,166.62
3,0,SemiSwipe,2,2,5044.9,2,0,0,0,2,0.5424,161.27
3,0,SemiSwipe,4,2,5133.7,4,0,0,0,4,0.2147,92.24
3,0,SemiSwipe,6,2,3813.5,6,0,0,0,6,0.4374,77.64
3,0,SemiSwipe,2,3,4058.1,2,0,1,1,2,0.5123,145.14
3,0,SemiSwipe,4,3,3367.7,5,1,0,0,4,0.2662,186.36
3,0,SemiSwipe,6,3,4006.1,6,0,1,0,5,0.1864,104.43
3,0,SemiSwipe,2,4,3467.5,2,0,0,0,2,0.3408,150.89
3,0,SemiSwipe,4,4,3591.8,4,0,1,0,3,0.4549,277.99
3,0,SemiSwipe,6,4,4227.0,8,2,0,0,6,0.4057,207.89
3,0,SemiSwipe,2,5,4806.8,2,0,0,0,2,0.4907,121.12
3,0,SemiSwipe,4,5,5282.1,5,1,0,0,4,0.2092,40.98
3,0,SemiSwipe,6,5,4508.4,6,0,1,0,5,0.6307,193.41
3,0,SemiSwipe,2,6,4611.1,3,1,0,0,2,0.0175,235.76
3,0,SemiSwipe,4,6,4620.7,4,0,0,1,5,0.5012,174.35
3,0,SemiSwipe,6,6,3794.2,6,0,2,0,4,0.4015,148.23
3,0,SemiSwipe,2,7,5122.1,2,0,0,0,2,0.4215,187.64
3,0,SemiSwipe,4,7,3818.2,4,0,0,1,5,0.1498,87.62
3,0,SemiSwipe,6,7,4886.2,6,0,0,0,6,0.2797,181.36
3,0,SemiSwipe,2,8,3784.2,2,0,0,0,2,0.3375,232.79
3,0,SemiSwipe,4,8,3628.3,4,0,0,1,5,0.4401,169.04
3,0,SemiSwipe,6,8,4383.4,6,0,0,0,6,0.6877,161.37
3,0,SemiSwipe,2,9,3294.3,2,0,1,0,1,0.7523,229.33
3,0,SemiSwipe,4,9,4389.8,4,0,1,0,3,0.363,62.96
3,0,SemiSwipe,6,9,3765.3,8,2,0,0,6,0.3449,106.92
3,0,SemiSwipe,2,10,5691.6,2,0,0,1,3,0.2743,138.74
3,0,SemiSwipe,4,10,4083.8,5,1,0,0,4,0.4795,185.41
3,0,SemiSwipe,6,10,4418.0,6,0,0,0,6,0.4099,192.35
3,0,SemiSwipe,2,11,3558.0,2,0,0,0,2,0.6029,133.29
3,0,SemiSwipe,4,11,3972.8,4,0,0,0,4,0.1412,96.86
3,0,SemiSwipe,6,11,4435.3,6,0,0,0,6,0.2619,136.34
3,0,SemiSwipe,2,12,5054.0,2,0,0,1,3,0.2573,156.2
3,0,SemiSwipe,4,12,5686.8,4,0,0,0,4,0.6529,150.71
3,0,SemiSwipe,6,12,5436.7,6,0,1,1,6,0.4348,128.04
3,0,SemiSwipe,2,13,4758.8,2,0,0,0,2,0.3333,80.15
3,0,SemiSwipe,4,13,4918.7,4,0,0,1,5,0.4674,144.89
3,0,SemiSwipe,6,13,4376.8,6,0,0,0,6,0.2288,152.08
3,0,SemiSwipe,2,14,4485.4,2,0,0,0,2,0.4553,165.18
3,0,SemiSwipe,4,14,5233.7,4,0,0,1,5,0.3573,205.36
3,0,SemiSwipe,6,14,4588.0,8,2,0,0,6,0.4593,219.16
3,1,SemiDwell,2,0,3747.8,3,1,0,0,2,0.6355,181.81
3,1,SemiDwell,4,0,5143.8,4,0,0,1,5,0.4934,164.4
3,1,SemiDwell,6,0,4349.2,7,1,0,1,7,0.4276,206.87
3,1,SemiDwell,2,1,4268.4,2,0,0,1,3,0.4509,211.22
3,1,SemiDwell,4,1,4275.5,5,1,1,1,4,0.2504,90.48
3,1,SemiDwell,6,1,4020.5,7,1,0,0,6,0.4415,84.22
3,1,SemiDwell,2,2,4963.5,2,0,1,0,1,0.4551,148.56
3,1,SemiDwell,4,2,4061.1,4,0,0,0,4,0.2648,192.51
3,1,SemiDwell,6,2,4567.0,7,1,0,0,6,0.5906,62.75
3,1,SemiDwell,2,3,5221.6,2,0,0,0,2,0.1433,166.75
3,1,SemiDwell,4,3,5242.9,5,1,0,0,4,0.4957,221.87
3,1,SemiDwell,6,3,4226.9,7,1,0,0,6,0.3675,136.73
3,1,SemiDwell,2,4,3937.2,2,0,0,0,2,0.5691,2.17
3,1,SemiDwell,4,4,3983.1,4,0,0,0,4,0.6858,127.97
3,1,SemiDwell,6,4,4498.6,6,0,0,0,6,0.055,77.19
3,1,SemiDwell,2,5,4630.1,2,0,0,0,2,0.4835,139.28
3,1,SemiDwell,4,5,4145.2,4,0,0,0,4,0.3871,145.19
3,1,SemiDwell,6,5,5648.0,7,1,1,0,5,0.5413,240.8
3,1,SemiDwell,2,6,5173.5,2,0,0,1,3,0.5136,130.43
3,1,SemiDwell,4,6,4025.9,4,0,0,0,4,0.3759,127.76
3,1,SemiDwell,6,6,5641.1,7,1,0,0,6,0.4922,106.32
3,1,SemiDwell,2,7,4737.3,3,1,0,0,2,0.2861,174.21
3,1,SemiDwell,4,7,3817.7,4,0,0,1,5,0.415,127.64
3,1,SemiDwell,6,7,3402.8,6,0,0,1,7,0.2645,107.52
3,1,SemiDwell,2,8,4478.8,2,0,0,0,2,0.4598,174.27
3,1,SemiDwell,4,8,3768.3,5,1,0,1,5,0.5422,103.79
3,1,SemiDwell,6,8,3477.8,6,0,1,0,5,0.408,209.46
3,1,SemiDwell,2,9,3850.0,2,0,0,1,3,0.5927,177.09
3,1,SemiDwell,4,9,5868.8,4,0,1,0,3,0.2061,144.56
3,1,SemiDwell,6,9,4304.0,6,0,1,1,6,0.412,153.58
3,1,SemiDwell,2,10,5036.4,2,0,0,0,2,0.6743,162.39
3,1,SemiDwell,4,10,3739.6,5,1,0,0,4,0.371,209.72
3,1,SemiDwell,6,10,4174.5,6,0,0,1,7,0.2491,31.02
3,1,SemiDwell,2,11,4543.3,2,0,0,0,2,0.5881,156.04
3,1,SemiDwell,4,11,4493.2,4,0,0,0,4,0.1456,223.0
3,1,SemiDwell,6,11,4190.3,7,1,0,1,7,0.3856,206.1
3,1,SemiDwell,2,12,3957.1,2,0,0,0,2,0.3538,90.16
3,1,SemiDwell,4,12,4666.5,4,0,0,1,5,0.4341,69.35
3,1,SemiDwell,6,12,5189.2,6,0,0,0,6,0.3699,180.97
3,1,SemiDwell,2,13,4317.2,2,0,0,1,3,0.3412,44.79
3,1,SemiDwell,4,13,4574.3,4,0,0,0,4,0.7129,156.16
3,1,SemiDwell,6,13,5004.9,6,0,2,0,4,0.454,200.75
3,1,SemiDwell,2,14,3746.7,2,0,1,0,1,0.6407,113.5
3,1,SemiDwell,4,14,4368.1,5,1,0,0,4,0.6549,199.83
3,1,SemiDwell,6,14,4577.2,6,0,0,0,6,0.2779,167.27
3,2,SemiTilt,2,0,4093.0,2,0,0,0,2,0.5789,26.5
3,2,SemiTilt,4,0,4687.1,5,1,0,0,4,0.5795,139.19
3,2,SemiTilt,6,0,4297.9,7,1,0,0,6,0.1835,205.87
3,2,SemiTilt,2,1,3847.6,3,1,0,0,2,0.3238,127.28
3,2,SemiTilt,4,1,5032.6,5,1,0,0,4,0.1809,158.62
3,2,SemiTilt,6,1,5317.5,6,0,0,0,6,0.2746,91.25
3,2,SemiTilt,2,2,4685.4,2,0,0,0,2,0.517,215.16
3,2,SemiTilt,4,2,4421.1,4,0,0,0,4,0.3654,167.52
3,2,SemiTilt,6,2,4895.1,7,1,0,1,7,0.2499,57.87
3,2,SemiTilt,2,3,3185.8,2,0,0,0,2,0.7337,89.38
3,2,SemiTilt,4,3,3830.4,5,1,0,0,4,0.3676,84.09
3,2,SemiTilt,6,3,3954.8,7,1,2,0,4,0.3513,184.61
3,2,SemiTilt,2,4,4706.7,2,0,0,0,2,0.1919,151.76
3,2,SemiTilt,4,4,4506.1,4,0,0,0,4,0.4537,159.36
3,2,SemiTilt,6,4,4498.1,6,0,0,0,6,0.4177,151.67
3,2,SemiTilt,2,5,4153.8,2,0,0,0,2,0.0309,85.69
3,2,SemiTilt,4,5,4221.7,4,0,0,1,5,0.5703,142.67
3,2,SemiTilt,6,5,5234.3,6,0,0,1,7,0.6761,219.09
3,2,SemiTilt,2,6,4656.5,2,0,0,1,3,0.8507,157.85
3,2,SemiTilt,4,6,4388.3,6,2,0,0,4,0.4008,215.89
3,2,SemiTilt,6,6,4881.1,6,0,0,0,6,0.4694,108.26
3,2,SemiTilt,2,7,5374.4,2,0,0,0,2,0.3931,159.01
3,2,SemiTilt,4,7,5115.7,4,0,1,0,3,0.4583,251.03
3,2,SemiTilt,6,7,3371.1,7,1,0,0,6,0.3836,56.83
3,2,SemiTilt,2,8,3659.6,2,0,0,0,2,0.3679,210.6
3,2,SemiTilt,4,8,4685.5,4,0,0,0,4,0.4848,208.9
3,2,SemiTilt,6,8,4502.2,6,0,0,0,6,0.4532,157.22
3,2,SemiTilt,2,9,3991.6,3,1,0,0,2,0.4733,197.34
3,2,SemiTilt,4,9,4434.9,5,1,0,1,5,0.3681,139.36
3,2,SemiTilt,6,9,4006.2,6,0,0,0,6,0.1035,120.95
3,2,SemiTilt,2,10,4858.4,2,0,0,0,2,0.5738,216.2
3,2,SemiTilt,4,10,4965.6,4,0,0,1,5,0.3729,110.74
3,2,SemiTilt,6,10,3997.0,6,0,0,0,6,0.5379,68.28
3,2,SemiTilt,2,11,4485.2,3,1,0,0,2,0.3936,75.36
3,2,SemiTilt,4,11,4677.6,5,1,0,0,4,0.3674,64.01
3,2,SemiTilt,6,11,5346.6,6,0,0,0,6,0.3842,99.88
3,2,SemiTilt,2,12,3810.8,2,0,0,1,3,0.5079,125.65
3,2,SemiTilt,4,12,4509.2,4,0,0,1,5,0.4518,134.84
3,2,SemiTilt,6,12,4889.6,7,1,0,0,6,0.5502,92.49
3,2,SemiTilt,2,13,3994.5,2,0,0,0,2,0.3548,229.6
3,2,SemiTilt,4,13,4316.6,4,0,1,0,3,0.4515,201.83
3,2,SemiTilt,6,13,4000.2,6,0,1,0,5,0.3041,254.07
3,2,SemiTilt,2,14,4745.1,2,0,0,0,2,0.3595,38.49
3,2,SemiTilt,4,14,4395.4,4,0,1,0,3,0.5772,82.35
3,2,SemiTilt,6,14,4647.1,6,0,1,0,5,0.2783,140.69
3,3,SemiNDH,2,0,4574.2,2,0,0,0,2,0.2226,190.23
3,3,SemiNDH,4,0,5157.1,4,0,1,0,3,0.4715,138.27
3,3,SemiNDH,6,0,5328.5,6,0,1,0,5,0.5374,244.49
3,3,SemiNDH,2,1,3923.2,2,0,0,0,2,0.6111,152.24
3,3,SemiNDH,4,1,4631.3,5,1,0,0,4,0.2584,150.05
3,3,SemiNDH,6,1,3718.9,6,0,0,0,6,0.426,89.9
3,3,SemiNDH,2,2,4815.6,2,0,0,0,2,0.3117,163.62
3,3,SemiNDH,4,2,5106.0,4,0,0,0,4,0.6326,85.84
3,3,SemiNDH,6,2,4719.3,6,0,0,0,6,0.514,168.13
3,3,SemiNDH,2,3,3991.7,2,0,0,0,2,0.414,99.17
3,3,SemiNDH,4,3,5103.7,4,0,1,0,3,0.5104,236.25
3,3,SemiNDH,6,3,5116.6,6,0,0,0,6,0.6562,120.49
3,3,SemiNDH,2,4,4584.2,2,0,0,0,2,0.3336,130.68
3,3,SemiNDH,4,4,5112.7,4,0,0,0,4,0.2147,226.92
3,3,SemiNDH,6,4,4002.6,6,0,0,1,7,0.4495,94.52
3,3,SemiNDH,2,5,4205.0,2,0,0,0,2,0.657,218.89
3,3,SemiNDH,4,5,3827.4,4,0,0,0,4,0.4521,80.48
3,3,SemiNDH,6,5,5470.8,7,1,0,0,6,0.4454,36.76
3,3,SemiNDH,2,6,5615.1,2,0,0,0,2,0.1927,140.82
3,3,SemiNDH,4,6,3910.9,4,0,0,0,4,0.0198,88.79
3,3,SemiNDH,6,6,4488.1,7,1,1,1,6,0.3633,201.67
3,3,SemiNDH,2,7,3270.3,3,1,0,0,2,0.546,223.62
3,3,SemiNDH,4,7,4240.2,4,0,0,0,4,0.3214,202.48
3,3,SemiNDH,6,7,4396.6,6,0,0,0,6,0.525,123.78
3,3,SemiNDH,2,8,4388.3,2,0,0,0,2,0.5119,132.49
3,3,SemiNDH,4,8,5045.4,4,0,0,0,4,0.4004,275.52
3,3,SemiNDH,6,8,4897.8,6,0,0,0,6,0.5008,188.72
3,3,SemiNDH,2,9,4289.5,2,0,1,0,1,0.6046,116.43
3,3,SemiNDH,4,9,5277.0,4,0,0,0,4,0.5403,139.83
3,3,SemiNDH,6,9,4874.0,6,0,0,1,7,0.209,155.46
3,3,SemiNDH,2,10,3908.7,2,0,0,0,2,0.3485,151.32
3,3,SemiNDH,4,10,5071.2,4,0,1,0,3,0.3085,65.86
3,3,SemiNDH,6,10,4265.1,7,1,0,1,7,0.4014,120.18
3,3,SemiNDH,2,11,5191.5,2,0,0,1,3,0.5418,176.01
3,3,SemiNDH,4,11,4964.0,4,0,0,0,4,0.4211,153.16
3,3,SemiNDH,6,11,4450.2,6,0,0,0,6,0.2501,200.02
3,3,SemiNDH,2,12,5521.2,2,0,0,0,2,0.3257,48.94
3,3,SemiNDH,4,12,4795.4,4,0,0,0,4,0.3648,58.26
3,3,SemiNDH,6,12,4637.2,7,1,0,0,6,0.345,79.87
3,3,SemiNDH,2,13,5350.0,2,0,0,0,2,0.4094,95.83
3,3,SemiNDH,4,13,4741.6,4,0,0,0,4,0.5383,159.82
3,3,SemiNDH,6,13,4769.6,7,1,1,0,5,0.1766,59.28
3,3,SemiNDH,2,14,4656.6,2,0,0,0,2,0.3392,221.85
3,3,SemiNDH,4,14,5453.4,4,0,0,0,4,0.5589,182.37
3,3,SemiNDH,6,14,3188.5,7,1,0,0,6,0.1635,190.03
3,4,FullDH,2,0,4741.9,2,0,0,1,3,0.3276,156.21
3,4,FullDH,4,0,4617.2,4,0,0,1,5,0.4421,192.31
3,4,FullDH,6,0,4255.7,6,0,1,0,5,0.3628,246.15
3,4,FullDH,2,1,3864.3,2,0,0,0,2,0.4636,177.67
3,4,FullDH,4,1,4689.4,4,0,0,0,4,0.2854,259.82
3,4,FullDH,6,1,4392.8,7,1,0,0,6,0.4986,182.53
3,4,FullDH,2,2,4218.3,2,0,0,0,2,0.3485,92.31
3,4,FullDH,4,2,3956.9,4,0,1,1,4,0.4447,151.77
3,4,FullDH,6,2,4292.4,6,0,0,0,6,0.3807,168.69
3,4,FullDH,2,3,3766.4,2,0,0,1,3,0.3573,153.52
3,4,FullDH,4,3,5828.4,4,0,0,0,4,0.6292,145.18
3,4,FullDH,6,3,3817.4,6,0,1,0,5,0.5295,124.23
3,4,FullDH,2,4,4620.4,2,0,0,0,2,0.2306,213.17
3,4,FullDH,4,4,5598.8,6,2,0,0,4,0.4948,125.46
3,4,FullDH,6,4,5462.9,6,0,0,0,6,0.3988,258.57
3,4,FullDH,2,5,4929.8,2,0,0,1,3,0.3893,145.08
3,4,FullDH,4,5,4152.0,4,0,0,0,4,0.4513,235.09
3,4,FullDH,6,5,6149.9,6,0,0,1,7,0.3416,178.44
3,4,FullDH,2,6,4077.9,2,0,0,0,2,0.2987,118.71
3,4,FullDH,4,6,4832.8,4,0,0,0,4,0.6143,109.03
3,4,FullDH,6,6,4099.3,7,1,0,0,6,0.4538,176.66
3,4,FullDH,2,7,5492.4,2,0,0,0,2,0.4249,46.69
3,4,FullDH,4,7,4640.2,4,0,0,0,4,0.1426,157.53
3,4,FullDH,6,7,4287.6,6,0,0,0,6,0.532,282.51
3,4,FullDH,2,8,5557.5,2,0,0,0,2,0.3363,168.4
3,4,FullDH,4,8,4606.1,4,0,0,0,4,0.6006,144.52
3,4,FullDH,6,8,5161.0,6,0,0,0,6,0.6141,108.94
3,4,FullDH,2,9,5031.8,3,1,0,0,2,0.4504,175.11
3,4,FullDH,4,9,5463.9,4,0,0,0,4,0.4039,186.85
3,4,FullDH,6,9,5138.3,6,0,0,1,7,0.225,205.44
3,4,FullDH,2,10,4804.2,2,0,0,0,2,0.2092,165.26
3,4,FullDH,4,10,4858.2,5,1,0,0,4,0.4136,165.67
3,4,FullDH,6,10,3884.2,6,0,0,0,6,0.4424,144.88
3,4,FullDH,2,11,4900.8,2,0,0,0,2,0.2407,114.73
3,4,FullDH,4,11,4613.8,4,0,0,1,5,0.2969,174.25
3,4,FullDH,6,11,3734.0,6,0,1,0,5,0.6348,116.31
3,4,FullDH,2,12,3777.0,2,0,0,1,3,0.5599,99.19
3,4,FullDH,4,12,4361.9,4,0,0,0,4,0.2371,210.57
3,4,FullDH,6,12,4073.4,6,0,0,0,6,0.1798,147.65
3,4,FullDH,2,13,4780.4,2,0,0,1,3,0.3954,148.35
3,4,FullDH,4,13,3891.6,4,0,1,0,3,0.6217,204.04
3,4,FullDH,6,13,4115.1,6,0,0,0,6,0.3504,187.95
3,4,FullDH,2,14,4511.6,2,0,0,1,3,0.1836,190.22
3,4,FullDH,4,14,4479.4,4,0,0,1,5,0.3566,154.69
3,4,FullDH,6,14,3992.3,6,0,0,0,6,0.3972,210.25
4,0,SemiTilt,2,0,3749.0,2,0,0,0,2,0.4962,102.83
4,0,SemiTilt,4,0,6070.3,4,0,0,0,4,0.4394,78.44
4,0,SemiTilt,6,0,3800.6,6,0,0,0,6,0.5241,164.96
4,0,SemiTilt,2,1,4832.6,2,0,0,0,2,0.4337,206.53
4,0,SemiTilt,4,1,4705.9,4,0,0,0,4,0.4327,127.21
4,0,SemiTilt,6,1,5108.7,7,1,0,1,7,0.1955,80.14
4,0,SemiTilt,2,2,4388.2,2,0,0,0,2,0.2743,36.76
4,0,SemiTilt,4,2,5258.4,4,0,0,0,4,0.4047,148.79
4,0,SemiTilt,6,2,4948.3,6,0,0,1,7,0.7295,181.18
4,0,SemiTilt,2,3,5068.1,2,0,0,0,2,0.2619,167.27
4,0,SemiTilt,4,3,4115.4,4,0,0,0,4,0.6243,70.07
4,0,SemiTilt,6,3,4367.3,6,0,0,0,6,0.4417,156.15
4,0,SemiTilt,2,4,4326.3,2,0,0,1,3,0.3947,280.53
4,0,SemiTilt,4,4,4839.4,4,0,0,0,4,0.3224,213.79
4,0,SemiTilt,6,4,4554.7,6,0,0,0,6,0.3636,177.33
4,0,SemiTilt,2,5,5030.0,3,1,0,0,2,0.2875,273.21
4,0,SemiTilt,4,5,5694.2,4,0,0,1,5,0.4352,53.12
4,0,SemiTilt,6,5,5367.7,6,0,1,0,5,0.5645,82.72
4,0,SemiTilt,2,6,5072.8,2,0,0,1,3,0.3569,170.74
4,0,SemiTilt,4,6,4329.6,4,0,0,0,4,0.4422,188.77
4,0,SemiTilt,6,6,4229.3,7,1,0,0,6,0.3488,142.93
4,0,SemiTilt,2,7,4637.8,3,1,0,0,2,0.3917,155.51
4,0,SemiTilt,4,7,3831.9,4,0,1,0,3,0.4154,253.33
4,0,SemiTilt,6,7,4369.6,6,0,1,0,5,0.8941,117.74
4,0,SemiTilt,2,8,4684.0,2,0,0,1,3,0.399,174.8
4,0,SemiTilt,4,8,5204.2,4,0,0,0,4,0.558,143.63
4,0,SemiTilt,6,8,4809.3,6,0,0,0,6,0.4659,193.34
4,0,SemiTilt,2,9,3794.5,2,0,0,0,2,0.099,214.42
4,0,SemiTilt,4,9,4988.6,4,0,0,0,4,0.2465,136.05
4,0,SemiTilt,6,9,4988.1,6,0,0,0,6,0.242,90.93
4,0,SemiTilt,2,10,5104.9,2,0,0,0,2,0.367,182.38
4,0,SemiTilt,4,10,5094.2,4,0,0,0,4,0.3163,222.24
4,0,SemiTilt,6,10,4049.8,6,0,0,0,6,0.4647,99.37
4,0,SemiTilt,2,11,4311.7,2,0,0,1,3,0.4735,212.59
4,0,SemiTilt,4,11,4633.3,4,0,0,0,4,0.4055,112.77
4,0,SemiTilt,6,11,4634.7,6,0,2,1,5,0.3185,91.53
4,0,SemiTilt,2,12,5978.7,2,0,0,0,2,0.5406,177.32
4,0,SemiTilt,4,12,4541.2,5,1,0,1,5,0.3556,186.51
4,0,SemiTilt,6,12,4116.9,6,0,0,0,6,0.4302,176.36
4,0,SemiTilt,2,13,4888.0,2,0,0,0,2,0.4622,147.88
4,0,SemiTilt,4,13,5533.2,4,0,0,0,4,0.6064,91.85
4,0,SemiTilt,6,13,4622.5,6,0,0,0,6,0.6681,174.52
4,0,SemiTilt,2,14,4368.1,2,0,0,0,2,0.3866,244.8
4,0,SemiTilt,4,14,5299.4,5,1,1,1,4,0.3049,64.53
4,0,SemiTilt,6,14,4260.7,7,1,0,0,6,0.4783,155.6
4,1,SemiSwipe,2,0,5641.3,2,0,0,1,3,0.3057,235.65
4,1,SemiSwipe,4,0,5577.2,4,0,0,0,4,0.3942,112.56
4,1,SemiSwipe,6,0,4855.0,6,0,0,1,7,0.3003,198.43
4,1,SemiSwipe,2,1,4317.6,2,0,0,1,3,0.5387,145.11
4,1,SemiSwipe,4,1,5504.4,4,0,0,0,4,0.6962,174.29
4,1,SemiSwipe,6,1,4216.9,6,0,0,0,6,0.3671,162.23
4,1,SemiSwipe,2,2,4193.6,2,0,0,0,2,0.3758,75.98
4,1,SemiSwipe,4,2,4518.8,4,0,0,1,5,0.2507,122.28
4,1,SemiSwipe,6,2,5215.9,6,0,0,0,6,0.5876,175.82
4,1,SemiSwipe,2,3,4759.3,2,0,0,0,2,0.4108,257.61
4,1,SemiSwipe,4,3,5047.1,4,0,0,0,4,0.3452,296.65
4,1,SemiSwipe,6,3,4545.7,6,0,0,0,6,0.28,123.17
4,1,SemiSwipe,2,4,5559.7,3,1,0,1,3,0.2065,275.19
4,1,SemiSwipe,4,4,4231.9,5,1,0,0,4,0.2297,146.4
4,1,SemiSwipe,6,4,4457.7,6,0,0,1,7,0.3849,196.96
4,1,SemiSwipe,2,5,4086.3,2,0,0,1,3,0.1562,266.99
4,1,SemiSwipe,4,5,3851.7,4,0,0,0,4,0.4696,172.82
4,1,SemiSwipe,6,5,4088.0,6,0,0,0,6,0.3405,247.05
4,1,SemiSwipe,2,6,5144.8,2,0,0,0,2,0.7168,205.79
4,1,SemiSwipe,4,6,5178.3,4,0,1,0,3,0.5887,106.04
4,1,SemiSwipe,6,6,4906.7,7,1,0,0,6,0.3122,11.7
4,1,SemiSwipe,2,7,6536.7,2,0,0,0,2,0.2881,139.82
4,1,SemiSwipe,4,7,4210.6,4,0,0,0,4,0.2377,68.87
4,1,SemiSwipe,6,7,4371.1,6,0,0,0,6,0.3955,223.18
4,1,SemiSwipe,2,8,5531.1,2,0,0,1,3,0.2681,168.45
4,1,SemiSwipe,4,8,4197.9,4,0,0,1,5,0.2499,130.06
4,1,SemiSwipe,6,8,3945.3,7,1,0,0,6,0.3662,146.98
4,1,SemiSwipe,2,9,4394.1,2,0,0,1,3,0.4785,244.1
4,1,SemiSwipe,4,9,4461.6,4,0,0,1,5,0.4898,185.82
4,1,SemiSwipe,6,9,5579.2,6,0,0,1,7,0.2816,241.98
4,1,SemiSwipe,2,10,4486.8,3,1,0,1,3,0.2706,227.31
4,1,SemiSwipe,4,10,4897.6,4,0,0,1,5,0.2496,94.01
4,1,SemiSwipe,6,10,4143.2,7,1,0,1,7,0.0568,153.84
4,1,SemiSwipe,2,11,5136.1,2,0,0,0,2,0.5693,167.23
4,1,SemiSwipe,4,11,4573.2,4,0,1,0,3,0.3243,192.9
4,1,SemiSwipe,6,11,5228.8,6,0,0,1,7,0.4918,206.6
4,1,SemiSwipe,2,12,5046.0,2,0,0,0,2,0.4891,145.64
4,1,SemiSwipe,4,12,5956.7,5,1,0,0,4,0.2267,168.58
4,1,SemiSwipe,6,12,3645.3,6,0,0,0,6,0.2214,124.52
4,1,SemiSwipe,2,13,6358.0,2,0,0,1,3,0.6116,116.97
4,1,SemiSwipe,4,13,5326.1,4,0,1,0,3,0.3387,247.47
4,1,SemiSwipe,6,13,4939.0,6,0,1,0,5,0.4778,125.64
4,1,SemiSwipe,2,14,5125.2,2,0,0,0,2,0.3755,201.59
4,1,SemiSwipe,4,14,4570.5,4,0,0,1,5,0.316,184.53
4,1,SemiSwipe,6,14,4861.5,6,0,0,0,6,0.4928,202.3
4,2,FullDH,2,0,5738.9,2,0,0,1,3,0.2711,140.23
4,2,FullDH,4,0,4803.1,4,0,0,0,4,0.2615,109.39
4,2,FullDH,6,0,3825.3,6,0,0,0,6,0.6976,187.81
4,2,FullDH,2,1,4621.6,2,0,0,0,2,0.2087,177.32
4,2,FullDH,4,1,5149.5,4,0,1,1,4,0.3548,221.95
4,2,FullDH,6,1,4422.2,7,1,1,0,5,0.5334,141.47
4,2,FullDH,2,2,4296.8,2,0,0,0,2,0.2348,86.72
4,2,FullDH,4,2,5087.9,4,0,0,0,4,0.1828,132.68
4,2,FullDH,6,2,4482.0,6,0,0,0,6,0.4172,148.75
4,2,FullDH,2,3,4543.3,2,0,0,1,3,0.3371,159.43
4,2,FullDH,4,3,4804.9,4,0,0,0,4,0.213,132.18
4,2,FullDH,6,3,4959.3,6,0,0,1,7,0.5862,193.01
4,2,FullDH,2,4,5425.0,3,1,0,0,2,0.3962,70.94
4,2,FullDH,4,4,4659.9,4,0,0,0,4,0.2582,139.54
4,2,FullDH,6,4,4428.2,7,1,0,1,7,0.4438,197.5
4,2,FullDH,2,5,4161.4,2,0,0,1,3,0.009,202.12
4,2,FullDH,4,5,4366.1,4,0,0,0,4,0.2207,176.65
4,2,FullDH,6,5,4859.1,7,1,0,0,6,0.4163,174.86
4,2,FullDH,2,6,4298.3,2,0,0,0,2,0.3758,252.15
4,2,FullDH,4,6,5983.8,4,0,0,0,4,0.4413,193.36
4,2,FullDH,6,6,4845.1,6,0,0,0,6,0.5491,52.19
4,2,FullDH,2,7,5434.7,2,0,0,0,2,0.4898,176.6
4,2,FullDH,4,7,4972.5,4,0,0,0,4,0.3422,38.48
4,2,FullDH,6,7,4964.0,6,0,0,0,6,0.5,130.36
4,2,FullDH,2,8,4888.2,2,0,0,1,3,0.4594,148.51
4,2,FullDH,4,8,5371.0,4,0,0,0,4,0.5628,118.82
4,2,FullDH,6,8,4865.3,8,2,0,0,6,0.2568,209.14
4,2,FullDH,2,9,4713.0,2,0,0,0,2,0.3254,183.41
4,2,FullDH,4,9,4740.4,5,1,0,1,5,0.4755,119.15
4,2,FullDH,6,9,4463.7,6,0,0,1,7,0.147,203.17
4,2,FullDH,2,10,5147.3,2,0,0,0,2,0.4686,98.85
4,2,FullDH,4,10,4418.4,4,0,0,0,4,0.4938,171.78
4,2,FullDH,6,10,5342.4,6,0,0,1,7,0.5646,75.86
4,2,FullDH,2,11,3841.2,2,0,0,0,2,0.2093,183.18
4,2,FullDH,4,11,4139.4,5,1,0,0,4,0.5855,95.14
4,2,FullDH,6,11,4830.6,6,0,1,0,5,0.4818,124.73
4,2,FullDH,2,12,4746.5,2,0,0,0,2,0.3822,299.88
4,2,FullDH,4,12,3687.1,4,0,0,0,4,0.6205,206.19
4,2,FullDH,6,12,4173.9,6,0,0,0,6,0.4019,98.93
4,2,FullDH,2,13,3869.9,2,0,0,0,2,0.5452,158.24
4,2,FullDH,4,13,5204.1,4,0,0,0,4,0.237,152.21
4,2,FullDH,6,13,5325.6,6,0,1,0,5,0.4121,161.79
4,2,FullDH,2,14,3504.8,4,2,0,1,3,0.4173,147.0
4,2,FullDH,4,14,4172.6,4,0,0,0,4,0.6878,145.9
4,2,FullDH,6,14,5789.6,8,2,1,1,6,0.6168,245.89
4,3,SemiDwell,2,0,5195.0,2,0,0,1,3,0.3095,202.54
4,3,SemiDwell,4,0,5026.6,4,0,1,0,3,0.3917,174.19
4,3,SemiDwell,6,0,4306.8,7,1,0,1,7,0.2512,43.0
4,3,SemiDwell,2,1,4554.0,2,0,0,0,2,0.7141,197.92
4,3,SemiDwell,4,1,4167.6,5,1,0,1,5,0.5615,225.92
4,3,SemiDwell,6,1,4999.2,6,0,0,0,6,0.3604,90.97
4,3,SemiDwell,2,2,4744.2,2,0,0,0,2,0.5229,135.35
4,3,SemiDwell,4,2,5322.9,4,0,1,0,3,0.0341,105.92
4,3,SemiDwell,6,2,4534.6,6,0,0,0,6,0.6496,200.63
4,3,SemiDwell,2,3,5329.2,2,0,0,1,3,0.2875,168.95
4,3,SemiDwell,4,3,4505.2,4,0,0,0,4,0.7139,141.91
4,3,SemiDwell,6,3,4748.3,7,1,0,0,6,0.2989,231.77
4,3,SemiDwell,2,4,5169.3,3,1,0,0,2,0.4504,212.96
4,3,SemiDwell,4,4,3823.8,4,0,0,0,4,0.2699,115.03
4,3,SemiDwell,6,4,3401.5,6,0,1,0,5,0.3863,131.18
4,3,SemiDwell,2,5,4329.8,2,0,1,0,1,0.3136,253.91
4,3,SemiDwell,4,5,3715.1,4,0,0,0,4,0.3157,79.69
4,3,SemiDwell,6,5,4924.1,6,0,0,0,6,0.4871,126.52
4,3,SemiDwell,2,6,5066.1,2,0,0,0,2,0.7983,230.35
4,3,SemiDwell,4,6,4381.3,4,0,0,0,4,0.333,248.94
4,3,SemiDwell,6,6,4762.1,6,0,0,1,7,0.3942,81.68
4,3,SemiDwell,2,7,3530.1,2,0,0,0,2,0.2526,162.87
4,3,SemiDwell,4,7,4243.4,4,0,0,0,4,0.3159,171.82
4,3,SemiDwell,6,7,4066.6,6,0,0,1,7,0.5389,229.95
4,3,SemiDwell,2,8,4909.5,2,0,0,0,2,0.7022,98.56
4,3,SemiDwell,4,8,4040.5,4,0,0,0,4,0.3968,146.84
4,3,SemiDwell,6,8,4775.6,6,0,0,0,6,0.4581,118.26
4,3,SemiDwell,2,9,4633.6,2,0,0,0,2,0.4219,63.86
4,3,SemiDwell,4,9,4368.2,4,0,0,0,4,0.4186,13.81
4,3,SemiDwell,6,9,5358.3,6,0,0,0,6,0.5156,126.4
4,3,SemiDwell,2,10,4449.9,3,1,0,1,3,0.5074,156.68
4,3,SemiDwell,4,10,4541.1,4,0,0,1,5,0.4096,191.36
4,3,SemiDwell,6,10,4224.8,6,0,0,0,6,0.3584,213.33
4,3,SemiDwell,2,11,3938.6,3,1,0,0,2,0.3064,214.44
4,3,SemiDwell,4,11,4578.0,4,0,0,0,4,0.6095,149.69
4,3,SemiDwell,6,11,4743.3,6,0,0,0,6,0.5399,187.7
4,3,SemiDwell,2,12,4069.1,2,0,0,0,2,0.2979,86.39
4,3,SemiDwell,4,12,5330.9,4,0,0,1,5,0.4805,153.48
4,3,SemiDwell,6,12,3768.7,6,0,0,0,6,0.438,145.99
4,3,SemiDwell,2,13,3896.7,2,0,0,0,2,0.4835,163.02
4,3,SemiDwell,4,13,5622.0,4,0,0,0,4,0.5231,230.54
4,3,SemiDwell,6,13,4384.7,8,2,0,1,7,0.4214,181.26
4,3,SemiDwell,2,14,3340.7,2,0,0,0,2,0.5552,5.54
4,3,SemiDwell,4,14,5392.4,5,1,0,0,4,0.4396,202.31
4,3,SemiDwell,6,14,3668.7,6,0,0,1,7,0.6594,185.83
4,4,SemiNDH,2,0,5638.2,2,0,0,0,2,0.309,193.58
4,4,SemiNDH,4,0,4279.0,4,0,0,0,4,0.5756,59.52
4,4,SemiNDH,6,0,4089.9,6,0,0,0,6,0.3634,235.56
4,4,SemiNDH,2,1,4536.8,2,0,0,0,2,0.3461,173.08
4,4,SemiNDH,4,1,5383.7,4,0,0,0,4,0.6302,199.64
4,4,SemiNDH,6,1,4099.2,6,0,1,1,6,0.3673,186.02
4,4,SemiNDH,2,2,3446.8,3,1,0,0,2,0.2243,5.09
4,4,SemiNDH,4,2,5773.5,4,0,0,0,4,0.4451,231.27
4,4,SemiNDH,6,2,5043.5,7,1,0,0,6,0.4262,116.89
4,4,SemiNDH,2,3,4955.2,2,0,0,0,2,0.4489,100.14
4,4,SemiNDH,4,3,4791.9,4,0,0,0,4,0.0446,198.28
4,4,SemiNDH,6,3,4130.8,6,0,0,1,7,0.5517,76.64
4,4,SemiNDH,2,4,4145.4,2,0,1,0,1,0.3452,117.25
4,4,SemiNDH,4,4,4283.6,4,0,0,0,4,0.4848,93.43
4,4,SemiNDH,6,4,5072.2,8,2,0,0,6,0.4292,127.67
4,4,SemiNDH,2,5,4581.5,2,0,0,0,2,0.4394,178.63
4,4,SemiNDH,4,5,4255.9,4,0,0,0,4,0.39,136.37
4,4,SemiNDH,6,5,3561.9,6,0,0,0,6,0.5036,246.66
4,4,SemiNDH,2,6,4348.5,3,1,0,0,2,0.34,195.85
4,4,SemiNDH,4,6,5321.2,4,0,1,0,3,0.3143,83.83
4,4,SemiNDH,6,6,5288.7,6,0,0,1,7,0.4833,131.21
4,4,SemiNDH,2,7,4478.6,2,0,0,0,2,0.5406,197.7
4,4,SemiNDH,4,7,3744.6,4,0,0,0,4,0.4688,96.38
4,4,SemiNDH,6,7,4488.3,6,0,0,0,6,0.4832,108.77
4,4,SemiNDH,2,8,3915.6,2,0,0,1,3,0.6852,101.95
4,4,SemiNDH,4,8,3384.7,4,0,0,0,4,0.1072,123.02
4,4,SemiNDH,6,8,4818.8,6,0,0,0,6,0.4924,141.42
4,4,SemiNDH,2,9,4415.2,3,1,0,0,2,0.4049,189.8
4,4,SemiNDH,4,9,5581.3,4,0,0,0,4,0.5212,98.51
4,4,SemiNDH,6,9,5006.7,6,0,0,0,6,0.403,139.67
4,4,SemiNDH,2,10,4556.7,2,0,0,0,2,0.5816,138.27
4,4,SemiNDH,4,10,4251.8,4,0,0,0,4,0.4517,92.76
4,4,SemiNDH,6,10,4261.8,6,0,1,0,5,0.4415,28.01
4,4,SemiNDH,2,11,3829.3,2,0,0,0,2,0.4306,177.45
4,4,SemiNDH,4,11,4778.2,4,0,0,0,4,0.7315,112.91
4,4,SemiNDH,6,11,3074.4,6,0,1,1,6,0.3885,186.94
4,4,SemiNDH,2,12,4553.6,2,0,0,0,2,0.4503,110.68
4,4,SemiNDH,4,12,4863.4,4,0,0,0,4,0.2978,120.44
4,4,SemiNDH,6,12,5872.2,6,0,0,0,6,0.2995,168.65
4,4,SemiNDH,2,13,5606.8,2,0,0,0,2,0.5154,86.18
4,4,SemiNDH,4,13,4730.5,4,0,1,0,3,0.2117,138.83
4,4,SemiNDH,6,13,4588.3,7,1,0,0,6,0.3383,116.03
4,4,SemiNDH,2,14,4103.1,2,0,0,0,2,0.1779,35.17
4,4,SemiNDH,4,14,5241.0,4,0,0,1,5,0.3924,80.88
4,4,SemiNDH,6,14,4242.8,7,1,0,1,7,0.1273,178.97
5,0,SemiDwell,2,0,5171.2,2,0,0,0,2,0.282,185.38
5,0,SemiDwell,4,0,4529.2,5,1,1,0,3,0.5744,153.36
5,0,SemiDwell,6,0,4898.5,6,0,0,0,6,0.1867,153.04
5,0,SemiDwell,2,1,4923.4,2,0,0,0,2,0.2856,84.82
5,0,SemiDwell,4,1,5003.1,5,1,0,0,4,0.3972,142.98
5,0,SemiDwell,6,1,4207.5,6,0,0,0,6,0.0336,212.77
5,0,SemiDwell,2,2,4331.6,2,0,0,0,2,0.3861,103.68
5,0,SemiDwell,4,2,4396.1,4,0,1,0,3,0.4981,111.44
5,0,SemiDwell,6,2,4788.5,7,1,1,1,6,0.4704,205.63
5,0,SemiDwell,2,3,4701.6,2,0,0,0,2,0.4976,185.84
5,0,SemiDwell,4,3,5302.3,4,0,0,0,4,0.5789,215.6
5,0,SemiDwell,6,3,4596.7,6,0,0,0,6,0.2638,133.58
5,0,SemiDwell,2,4,4788.6,2,0,0,0,2,0.3756,42.13
5,0,SemiDwell,4,4,4536.0,5,1,0,0,4,0.4002,149.12
5,0,SemiDwell,6,4,4865.0,7,1,1,0,5,0.2807,61.27
5,0,SemiDwell,2,5,4558.3,2,0,0,1,3,0.2528,181.87
5,0,SemiDwell,4,5,4878.6,4,0,0,0,4,0.5265,256.65
5,0,SemiDwell,6,5,4883.1,6,0,0,0,6,0.6477,162.69
5,0,SemiDwell,2,6,5091.7,3,1,0,0,2,0.2105,152.05
5,0,SemiDwell,4,6,4305.5,4,0,0,1,5,0.5096,119.8
5,0,SemiDwell,6,6,4393.5,6,0,1,0,5,0.5388,145.28
5,0,SemiDwell,2,7,4249.4,2,0,0,0,2,0.4027,205.9
5,0,SemiDwell,4,7,5472.0,4,0,0,0,4,0.239,109.9
5,0,SemiDwell,6,7,5813.4,6,0,0,0,6,0.7197,74.42
5,0,SemiDwell,2,8,4341.3,2,0,0,0,2,0.4607,81.96
5,0,SemiDwell,4,8,6036.6,4,0,0,1,5,0.4883,200.04
5,0,SemiDwell,6,8,5037.2,6,0,0,0,6,0.3481,229.05
5,0,SemiDwell,2,9,5232.8,2,0,0,0,2,0.3403,40.67
5,0,SemiDwell,4,9,5376.4,6,2,0,1,5,0.2091,103.6
5,0,SemiDwell,6,9,4546.1,6,0,0,0,6,0.4402,127.49
5,0,SemiDwell,2,10,5182.8,2,0,0,0,2,0.0788,46.51
5,0,SemiDwell,4,10,4499.9,4,0,0,0,4,0.2296,190.47
5,0,SemiDwell,6,10,4663.3,7,1,1,0,5,0.4755,104.76
5,0,SemiDwell,2,11,3867.6,2,0,0,0,2,0.1852,138.96
5,0,SemiDwell,4,11,5265.4,4,0,0,0,4,0.5324,183.87
5,0,SemiDwell,6,11,5184.9,7,1,0,0,6,0.1939,44.89
5,0,SemiDwell,2,12,4286.5,2,0,0,0,2,0.1351,150.35
5,0,SemiDwell,4,12,6602.6,4,0,0,1,5,0.3962,117.88
5,0,SemiDwell,6,12,5226.3,6,0,1,0,5,0.4897,204.24
5,0,SemiDwell,2,13,5303.6,2,0,0,0,2,0.3514,74.43
5,0,SemiDwell,4,13,4941.4,4,0,0,0,4,0.5227,132.13
5,0,SemiDwell,6,13,5741.2,6,0,0,0,6,0.4952,163.07
5,0,SemiDwell,2,14,4195.1,2,0,0,0,2,0.2476,244.49
5,0,SemiDwell,4,14,4695.3,4,0,0,0,4,0.1288,162.16
5,0,SemiDwell,6,14,4800.2,7,1,0,0,6,0.3327,122.59
5,1,SemiSwipe,2,0,5306.9,2,0,0,0,2,0.2713,232.9
5,1,SemiSwipe,4,0,4348.4,4,0,0,0,4,0.1577,112.89
5,1,SemiSwipe,6,0,5726.6,6,0,0,1,7,0.2938,149.66
5,1,SemiSwipe,2,1,4306.9,2,0,0,0,2,0.4358,147.72
5,1,SemiSwipe,4,1,4746.0,4,0,0,0,4,0.4286,243.58
5,1,SemiSwipe,6,1,5766.7,6,0,0,1,7,0.0519,229.56
5,1,SemiSwipe,2,2,4949.4,2,0,1,1,2,0.4961,180.91
5,1,SemiSwipe,4,2,5490.9,4,0,0,0,4,0.5729,194.11
5,1,SemiSwipe,6,2,4595.7,7,1,1,0,5,0.3903,138.99
5,1,SemiSwipe,2,3,4580.2,3,1,0,0,2,0.4413,139.56
5,1,SemiSwipe,4,3,4170.7,4,0,0,0,4,0.6759,148.12
5,1,SemiSwipe,6,3,5179.5,6,0,1,0,5,0.5673,228.75
5,1,SemiSwipe,2,4,6804.3,2,0,1,0,1,0.2957,221.13
5,1,SemiSwipe,4,4,4898.1,5,1,0,0,4,0.544,196.98
5,1,SemiSwipe,6,4,4096.2,7,1,0,1,7,0.5089,196.46
5,1,SemiSwipe,2,5,5461.2,2,0,0,0,2,0.2688,178.77
5,1,SemiSwipe,4,5,6143.3,5,1,0,0,4,0.6645,141.81
5,1,SemiSwipe,6,5,4695.5,6,0,1,1,6,0.1909,114.83
5,1,SemiSwipe,2,6,4677.4,2,0,0,0,2,0.2173,104.4
5,1,SemiSwipe,4,6,4328.0,4,0,0,0,4,0.5483,223.37
5,1,SemiSwipe,6,6,6323.7,7,1,0,1,7,0.4737,294.78
5,1,SemiSwipe,2,7,5001.3,2,0,0,1,3,0.1639,88.95
5,1,SemiSwipe,4,7,4072.8,4,0,0,0,4,0.4222,131.33
5,1,SemiSwipe,6,7,4236.0,7,1,0,0,6,0.5225,89.15
5,1,SemiSwipe,2,8,3138.8,2,0,0,0,2,0.5553,164.68
5,1,SemiSwipe,4,8,4626.8,4,0,0,0,4,0.6783,163.08
5,1,SemiSwipe,6,8,4777.8,7,1,0,0,6,0.4518,138.07
5,1,SemiSwipe,2,9,4890.6,2,0,0,0,2,0.4389,212.19
5,1,SemiSwipe,4,9,5055.7,4,0,0,0,4,0.3589,134.77
5,1,SemiSwipe,6,9,4936.8,7,1,0,0,6,0.4428,1.42
5,1,SemiSwipe,2,10,4867.7,2,0,0,0,2,0.3606,162.29
5,1,SemiSwipe,4,10,5131.3,4,0,0,0,4,0.6154,187.05
5,1,SemiSwipe,6,10,4561.8,6,0,2,0,4,0.5406,220.34
5,1,SemiSwipe,2,11,5697.6,3,1,1,0,1,0.3801,154.13
5,1,SemiSwipe,4,11,4050.4,5,1,0,1,5,0.2964,243.8
5,1,SemiSwipe,6,11,4443.2,6,0,0,1,7,0.4288,139.03
5,1,SemiSwipe,2,12,4132.8,2,0,0,0,2,0.4659,105.91
5,1,SemiSwipe,4,12,4368.9,4,0,0,1,5,0.3744,87.24
5,1,SemiSwipe,6,12,4910.2,6,0,0,1,7,0.5163,59.96
5,1,SemiSwipe,2,13,4394.4,2,0,0,0,2,0.1898,194.91
5,1,SemiSwipe,4,13,4539.4,4,0,0,0,4,0.2576,141.01
5,1,SemiSwipe,6,13,5116.3,6,0,0,0,6,0.4954,61.27
5,1,SemiSwipe,2,14,5038.1,2,0,0,1,3,0.2894,180.26
5,1,SemiSwipe,4,14,5613.3,4,0,0,0,4,0.323,254.61
5,1,SemiSwipe,6,14,5618.7,6,0,0,0,6,0.2137,171.1
5,2,SemiNDH,2,0,4416.7,3,1,0,1,3,0.2131,203.63
5,2,SemiNDH,4,0,4431.0,4,0,0,1,5,0.6929,127.74
5,2,SemiNDH,6,0,4628.9,6,0,1,0,5,0.4358,137.32
5,2,SemiNDH,2,1,4182.2,2,0,0,1,3,0.3417,275.07
5,2,SemiNDH,4,1,4966.6,4,0,0,0,4,0.5802,195.47
5,2,SemiNDH,6,1,4607.7,7,1,0,1,7,0.4428,118.98
5,2,SemiNDH,2,2,4289.3,2,0,0,0,2,0.3608,164.48
5,2,SemiNDH,4,2,3919.3,4,0,0,0,4,0.2446,189.31
5,2,SemiNDH,6,2,3695.0,7,1,0,1,7,0.5267,184.78
5,2,SemiNDH,2,3,4382.4,3,1,1,0,1,0.2989,207.9
5,2,SemiNDH,4,3,4873.9,4,0,0,0,4,0.5576,155.49
5,2,SemiNDH,6,3,4809.4,8,2,0,0,6,0.5912,165.14
5,2,SemiNDH,2,4,4584.4,2,0,0,0,2,0.8805,279.14
5,2,SemiNDH,4,4,6163.0,4,0,0,1,5,0.3151,147.77
5,2,SemiNDH,6,4,4826.6,6,0,1,0,5,0.3264,211.54
5,2,SemiNDH,2,5,4627.2,2,0,0,0,2,0.358,122.66
5,2,SemiNDH,4,5,5526.1,4,0,0,0,4,0.3728,152.3
5,2,SemiNDH,6,5,5040.0,6,0,0,0,6,0.3756,90.73
5,2,SemiNDH,2,6,4566.7,2,0,0,0,2,0.2793,206.59
5,2,SemiNDH,4,6,5462.2,5,1,0,1,5,0.0779,204.64
5,2,SemiNDH,6,6,5342.2,6,0,1,0,5,0.4715,216.55
5,2,SemiNDH,2,7,4105.0,2,0,0,0,2,0.4834,103.44
5,2,SemiNDH,4,7,5008.9,4,0,0,0,4,0.2098,31.04
5,2,SemiNDH,6,7,4984.4,6,0,0,0,6,0.4053,119.22
5,2,SemiNDH,2,8,3919.5,2,0,0,0,2,0.3698,129.22
5,2,SemiNDH,4,8,5209.3,4,0,0,0,4,0.6093,120.49
5,2,SemiNDH,6,8,5907.2,6,0,0,0,6,0.111,120.16
5,2,SemiNDH,2,9,4030.4,2,0,0,0,2,0.785,47.21
5,2,SemiNDH,4,9,4947.1,4,0,0,0,4,0.3348,183.97
5,2,SemiNDH,6,9,6104.6,6,0,0,0,6,0.0898,172.58
5,2,SemiNDH,2,10,5618.6,2,0,0,0,2,0.324,238.24
5,2,SemiNDH,4,10,4349.8,4,0,0,0,4,0.4993,164.84
5,2,SemiNDH,6,10,3829.9,6,0,0,0,6,0.342,53.89
5,2,SemiNDH,2,11,5197.7,3,1,0,1,3,0.1357,74.99
5,2,SemiNDH,4,11,4844.7,4,0,0,1,5,0.544,238.61
5,2,SemiNDH,6,11,4219.9,6,0,0,0,6,0.5573,52.33
5,2,SemiNDH,2,12,4273.7,2,0,0,0,2,0.386,80.91
5,2,SemiNDH,4,12,4449.7,4,0,0,0,4,0.4595,56.95
5,2,SemiNDH,6,12,5206.4,6,0,0,0,6,0.2946,100.24
5,2,SemiNDH,2,13,3842.2,2,0,0,0,2,0.7436,56.59
5,2,SemiNDH,4,13,4642.0,4,0,0,0,4,0.5985,95.48
5,2,SemiNDH,6,13,4430.8,6,0,0,0,6,0.4104,156.92
5,2,SemiNDH,2,14,5627.4,2,0,0,0,2,0.7242,94.25
5,2,SemiNDH,4,14,4868.8,4,0,0,0,4,0.5849,212.37
5,2,SemiNDH,6,14,4435.2,6,0,1,0,5,0.4467,255.38
5,3,SemiTilt,2,0,4248.5,3,1,0,0,2,0.4647,204.18
5,3,SemiTilt,4,0,4612.1,4,0,0,0,4,0.2562,187.43
5,3,SemiTilt,6,0,4615.1,6,0,0,0,6,0.215,174.83
5,3,SemiTilt,2,1,3784.8,2,0,0,0,2,0.6556,163.98
5,3,SemiTilt,4,1,4670.4,4,0,0,0,4,0.4402,221.73
5,3,SemiTilt,6,1,5223.5,6,0,0,0,6,0.2644,213.73
5,3,SemiTilt,2,2,5432.1,2,0,0,0,2,0.4107,53.62
5,3,SemiTilt,4,2,4827.2,4,0,0,0,4,0.4971,73.44
5,3,SemiTilt,6,2,3870.1,6,0,0,0,6,0.2787,76.73
5,3,SemiTilt,2,3,5315.4,2,0,0,0,2,0.4601,237.52
5,3,SemiTilt,4,3,4897.1,4,0,1,0,3,0.5553,163.84
5,3,SemiTilt,6,3,5603.6,6,0,0,0,6,0.3168,106.9
5,3,SemiTilt,2,4,4862.4,2,0,0,0,2,0.4654,95.2
5,3,SemiTilt,4,4,4411.4,5,1,0,0,4,0.4178,97.38
5,3,SemiTilt,6,4,4252.1,6,0,1,1,6,0.0079,76.34
5,3,SemiTilt,2,5,5127.5,2,0,0,0,2,0.1865,130.06
5,3,SemiTilt,4,5,5515.8,4,0,0,0,4,0.2693,254.99
5,3,SemiTilt,6,5,5880.9,6,0,0,0,6,0.0403,144.73
5,3,SemiTilt,2,6,5496.3,2,0,1,1,2,0.5158,63.73
5,3,SemiTilt,4,6,5755.6,4,0,1,0,3,0.5062,242.01
5,3,SemiTilt,6,6,4574.1,6,0,0,0,6,0.6103,18.23
5,3,SemiTilt,2,7,4312.0,2,0,1,0,1,0.4668,31.66
5,3,SemiTilt,4,7,4224.9,4,0,0,0,4,0.3999,202.74
5,3,SemiTilt,6,7,5972.8,6,0,0,0,6,0.5451,82.69
5,3,SemiTilt,2,8,4304.8,2,0,0,1,3,0.4371,275.58
5,3,SemiTilt,4,8,4834.5,4,0,0,0,4,0.2588,80.88
5,3,SemiTilt,6,8,5400.5,6,0,0,0,6,0.4661,217.44
5,3,SemiTilt,2,9,4589.9,2,0,0,0,2,0.634,61.16
5,3,SemiTilt,4,9,4619.2,4,0,0,0,4,0.2998,187.17
5,3,SemiTilt,6,9,4613.5,7,1,0,1,7,0.5127,187.02
5,3,SemiTilt,2,10,4290.7,2,0,0,0,2,0.2913,192.05
5,3,SemiTilt,4,10,4345.7,4,0,0,0,4,0.525,186.88
5,3,SemiTilt,6,10,5585.6,6,0,0,0,6,0.4573,120.42
5,3,SemiTilt,2,11,5984.8,3,1,0,1,3,0.0532,132.69
5,3,SemiTilt,4,11,5040.4,4,0,0,0,4,0.34,141.47
5,3,SemiTilt,6,11,4705.0,6,0,0,0,6,0.6006,108.97
5,3,SemiTilt,2,12,4878.0,2,0,0,0,2,0.2723,80.17
5,3,SemiTilt,4,12,5558.2,4,0,0,0,4,0.5005,146.51
5,3,SemiTilt,6,12,4572.1,6,0,0,0,6,0.4671,104.35
5,3,SemiTilt,2,13,5244.6,2,0,0,1,3,0.4862,79.46
5,3,SemiTilt,4,13,5106.8,4,0,1,1,4,0.6043,220.61
5,3,SemiTilt,6,13,4265.1,6,0,0,0,6,0.5592,235.14
5,3,SemiTilt,2,14,4993.1,2,0,0,0,2,0.3606,175.78
5,3,SemiTilt,4,14,4397.7,4,0,0,0,4,0.4173,192.44
5,3,SemiTilt,6,14,4482.8,6,0,0,1,7,0.4465,69.3
5,4,FullDH,2,0,4199.6,2,0,0,0,2,0.2519,226.73
5,4,FullDH,4,0,5214.8,4,0,0,0,4,0.0087,82.46
5,4,FullDH,6,0,5206.3,8,2,1,0,5,0.4444,126.3
5,4,FullDH,2,1,5028.8,3,1,0,0,2,0.648,200.66
5,4,FullDH,4,1,4414.9,4,0,0,0,4,0.5017,145.19
5,4,FullDH,6,1,4592.2,6,0,1,1,6,0.4231,153.76
5,4,FullDH,2,2,5466.9,2,0,0,1,3,0.309,146.2
5,4,FullDH,4,2,5159.0,4,0,0,0,4,0.1463,177.3
5,4,FullDH,6,2,4260.2,6,0,1,0,5,0.5002,15.46
5,4,FullDH,2,3,5072.0,2,0,0,0,2,0.4545,134.82
5,4,FullDH,4,3,5472.6,4,0,0,0,4,0.1284,192.14
5,4,FullDH,6,3,5391.5,6,0,0,0,6,0.3624,20.06
5,4,FullDH,2,4,5387.0,2,0,1,0,1,0.4712,114.77
5,4,FullDH,4,4,3761.5,4,0,0,0,4,0.2387,108.13
5,4,FullDH,6,4,4933.5,7,1,0,0,6,0.2863,101.7
5,4,FullDH,2,5,5407.0,2,0,0,0,2,0.2642,41.58
5,4,FullDH,4,5,4614.7,4,0,0,0,4,0.7452,268.37
5,4,FullDH,6,5,4855.3,6,0,0,1,7,0.5881,112.69
5,4,FullDH,2,6,5381.0,2,0,0,0,2,0.383,83.0
5,4,FullDH,4,6,4905.1,4,0,0,0,4,0.4773,181.05
5,4,FullDH,6,6,3290.6,6,0,0,1,7,0.1817,204.79
5,4,FullDH,2,7,4129.1,3,1,1,0,1,0.2841,201.74
5,4,FullDH,4,7,4851.7,4,0,0,1,5,0.2357,118.43
5,4,FullDH,6,7,4144.1,7,1,0,0,6,0.4028,109.85
5,4,FullDH,2,8,4427.3,2,0,0,0,2,0.4115,156.08
5,4,FullDH,4,8,5201.5,6,2,0,0,4,0.3441,136.12
5,4,FullDH,6,8,5133.1,7,1,1,1,6,0.3575,71.65
5,4,FullDH,2,9,5055.3,2,0,0,0,2,0.7107,192.92
5,4,FullDH,4,9,4703.5,4,0,0,0,4,0.1318,143.35
5,4,FullDH,6,9,4948.0,6,0,0,0,6,0.1685,122.64
5,4,FullDH,2,10,4245.4,2,0,0,0,2,0.5765,142.28
5,4,FullDH,4,10,3437.9,4,0,0,0,4,0.256,157.14
5,4,FullDH,6,10,5497.6,6,0,0,0,6,0.4072,219.04
5,4,FullDH,2,11,3442.0,3,1,0,0,2,0.501,78.98
5,4,FullDH,4,11,6356.8,4,0,0,0,4,0.3671,242.77
5,4,FullDH,6,11,4684.4,7,1,0,0,6,0.3262,186.14
5,4,FullDH,2,12,5190.0,2,0,0,0,2,0.5025,275.06
5,4,FullDH,4,12,3184.1,4,0,0,1,5,0.6516,198.09
5,4,FullDH,6,12,5222.1,7,1,0,0,6,0.532,104.68
5,4,FullDH,2,13,5415.3,2,0,0,0,2,0.4352,125.36
5,4,FullDH,4,13,4350.1,4,0,1,1,4,0.4478,169.52
5,4,FullDH,6,13,5001.9,7,1,0,0,6,0.1538,121.8
5,4,FullDH,2,14,5743.3,2,0,0,1,3,0.6077,145.08
5,4,FullDH,4,14,5372.4,5,1,0,0,4,0.3215,109.82
5,4,FullDH,6,14,4912.3,6,0,0,0,6,0.3992,181.52
6,0,SemiSwipe,2,0,5002.1,2,0,0,0,2,0.2456,97.58
6,0,SemiSwipe,4,0,4763.6,5,1,0,0,4,0.3926,197.68
6,0,SemiSwipe,6,0,4601.7,7,1,0,0,6,0.2065,154.51
6,0,SemiSwipe,2,1,4222.6,2,0,0,0,2,0.0667,90.31
6,0,SemiSwipe,4,1,4697.6,4,0,0,0,4,0.2846,157.09
6,0,SemiSwipe,6,1,4357.0,7,1,0,1,7,0.3916,233.42
6,0,SemiSwipe,2,2,4219.1,2,0,0,0,2,0.514,127.07
6,0,SemiSwipe,4,2,5683.5,4,0,0,1,5,0.1864,108.14
6,0,SemiSwipe,6,2,4580.9,6,0,0,0,6,0.4361,271.21
6,0,SemiSwipe,2,3,4975.9,2,0,0,0,2,0.4325,140.54
6,0,SemiSwipe,4,3,5045.1,4,0,0,0,4,0.5637,124.45
6,0,SemiSwipe,6,3,4897.6,6,0,0,0,6,0.5944,150.33
6,0,SemiSwipe,2,4,3897.0,2,0,0,0,2,0.3124,98.7
6,0,SemiSwipe,4,4,4582.4,4,0,0,0,4,0.5708,168.87
6,0,SemiSwipe,6,4,5932.0,6,0,1,0,5,0.5331,104.64
6,0,SemiSwipe,2,5,4674.1,2,0,0,0,2,0.2401,142.8
6,0,SemiSwipe,4,5,5753.0,4,0,0,0,4,0.5035,181.79
6,0,SemiSwipe,6,5,5626.5,6,0,0,0,6,0.5759,171.81
6,0,SemiSwipe,2,6,3770.3,2,0,0,0,2,0.5874,13.38
6,0,SemiSwipe,4,6,4109.9,4,0,0,1,5,0.3218,95.89
6,0,SemiSwipe,6,6,4749.2,6,0,0,0,6,0.5713,172.61
6,0,SemiSwipe,2,7,4685.4,2,0,0,0,2,0.3686,140.05
6,0,SemiSwipe,4,7,4276.5,4,0,0,1,5,0.6336,207.43
6,0,SemiSwipe,6,7,4809.1,7,1,0,1,7,0.1851,24.79
6,0,SemiSwipe,2,8,3737.3,2,0,0,1,3,0.2651,165.28
6,0,SemiSwipe,4,8,4963.8,4,0,1,0,3,0.3706,92.16
6,0,SemiSwipe,6,8,5562.3,6,0,0,0,6,0.5933,200.69
6,0,SemiSwipe,2,9,5289.0,2,0,0,0,2,0.3087,172.9
6,0,SemiSwipe,4,9,4886.0,4,0,0,0,4,0.1144,142.86
6,0,SemiSwipe,6,9,3924.5,6,0,0,0,6,0.2907,158.99
6,0,SemiSwipe,2,10,4240.8,2,0,0,0,2,0.1615,154.62
6,0,SemiSwipe,4,10,4695.4,4,0,0,0,4,0.4605,98.86
6,0,SemiSwipe,6,10,4510.7,6,0,1,0,5,0.4743,278.14
6,0,SemiSwipe,2,11,5488.9,2,0,0,0,2,0.3523,204.53
6,0,SemiSwipe,4,11,5721.6,4,0,0,0,4,0.344,117.07
6,0,SemiSwipe,6,11,4806.9,8,2,0,0,6,0.3704,213.3
6,0,SemiSwipe,2,12,4268.6,2,0,0,0,2,0.334,154.78
6,0,SemiSwipe,4,12,4869.6,4,0,0,0,4,0.3233,301.83
6,0,SemiSwipe,6,12,3440.6,7,1,0,1,7,0.5348,82.34
6,0,SemiSwipe,2,13,3954.6,2,0,0,0,2,0.1621,115.19
6,0,SemiSwipe,4,13,5132.6,4,0,0,0,4,0.4422,122.46
6,0,SemiSwipe,6,13,5273.0,6,0,1,0,5,0.2867,78.45
6,0,SemiSwipe,2,14,5351.5,2,0,0,1,3,0.1542,222.71
6,0,SemiSwipe,4,14,6082.8,4,0,1,0,3,0.504,192.9
6,0,SemiSwipe,6,14,4960.1,6,0,0,1,7,0.4277,112.34
6,1,SemiTilt,2,0,5405.4,2,0,0,0,2,0.4236,115.51
6,1,SemiTilt,4,0,4158.5,4,0,0,0,4,0.2169,23.92
6,1,SemiTilt,6,0,5136.6,6,0,1,0,5,0.1067,187.95
6,1,SemiTilt,2,1,3661.1,2,0,1,0,1,0.1875,126.5
6,1,SemiTilt,4,1,3992.1,4,0,1,0,3,0.6315,159.84
6,1,SemiTilt,6,1,4700.3,6,0,0,0,6,0.3361,57.4
6,1,SemiTilt,2,2,5238.0,2,0,0,0,2,0.7004,86.67
6,1,SemiTilt,4,2,4001.2,5,1,0,0,4,0.2925,263.84
6,1,SemiTilt,6,2,5467.3,6,0,0,1,7,0.3852,182.87
6,1,SemiTilt,2,3,6574.2,2,0,0,0,2,0.3463,171.45
6,1,SemiTilt,4,3,5037.3,4,0,0,0,4,0.4157,184.24
6,1,SemiTilt,6,3,5611.1,7,1,1,1,6,0.3553,203.69
6,1,SemiTilt,2,4,5027.9,2,0,0,1,3,0.4246,123.59
6,1,SemiTilt,4,4,5081.4,5,1,0,0,4,0.3905,159.15
6,1,SemiTilt,6,4,3437.3,7,1,1,0,5,0.6443,63.34
6,1,SemiTilt,2,5,4854.4,2,0,0,1,3,0.2783,150.22
6,1,SemiTilt,4,5,4818.6,4,0,0,1,5,0.5695,133.15
6,1,SemiTilt,6,5,5462.1,6,0,1,0,5,0.1871,104.56
6,1,SemiTilt,2,6,5436.1,2,0,0,0,2,0.5234,121.74
6,1,SemiTilt,4,6,4608.3,4,0,1,0,3,0.3775,150.99
6,1,SemiTilt,6,6,5118.4,7,1,0,0,6,0.5671,164.28
6,1,SemiTilt,2,7,4484.2,2,0,0,1,3,0.2792,82.96
6,1,SemiTilt,4,7,5243.3,5,1,0,0,4,0.4768,146.23
6,1,SemiTilt,6,7,4602.2,6,0,0,0,6,0.5912,137.88
6,1,SemiTilt,2,8,3651.4,2,0,0,0,2,0.2387,146.17
6,1,SemiTilt,4,8,4599.7,4,0,0,0,4,0.4137,212.64
6,1,SemiTilt,6,8,4178.6,6,0,0,0,6,0.3505,38.51
6,1,SemiTilt,2,9,4505.7,2,0,0,0,2,0.4949,225.89
6,1,SemiTilt,4,9,4812.4,4,0,0,0,4,0.4381,95.77
6,1,SemiTilt,6,9,4816.9,6,0,1,0,5,0.2169,138.65
6,1,SemiTilt,2,10,5699.3,2,0,0,0,2,0.2832,107.91
6,1,SemiTilt,4,10,3988.8,4,0,0,0,4,0.4262,229.72
6,1,SemiTilt,6,10,4876.9,7,1,0,0,6,0.4677,127.09
6,1,SemiTilt,2,11,4850.4,2,0,0,0,2,0.437,158.71
6,1,SemiTilt,4,11,4075.1,4,0,0,1,5,0.3592,62.93
6,1,SemiTilt,6,11,5630.9,6,0,0,0,6,0.3671,90.8
6,1,SemiTilt,2,12,5253.7,2,0,0,0,2,0.3256,122.35
6,1,SemiTilt,4,12,4286.8,4,0,0,0,4,0.4183,111.41
6,1,SemiTilt,6,12,4862.1,6,0,1,0,5,0.0091,186.78
6,1,SemiTilt,2,13,5217.8,2,0,0,1,3,0.4367,188.44
6,1,SemiTilt,4,13,6152.9,4,0,1,0,3,0.5243,110.31
6,1,SemiTilt,6,13,5762.8,6,0,0,0,6,0.4892,259.97
6,1,SemiTilt,2,14,3107.9,2,0,1,0,1,0.4742,151.01
6,1,SemiTilt,4,14,4372.0,4,0,0,0,4,0.4218,157.88
6,1,SemiTilt,6,14,4983.4,6,0,1,1,6,0.5157,129.35
6,2,SemiDwell,2,0,4799.4,2,0,0,0,2,0.4118,55.0
6,2,SemiDwell,4,0,4412.6,4,0,0,0,4,0.485,157.4
6,2,SemiDwell,6,0,4725.4,6,0,0,1,7,0.3103,150.02
6,2,SemiDwell,2,1,3983.7,2,0,0,1,3,0.22,222.94
6,2,SemiDwell,4,1,4845.5,4,0,0,0,4,0.5135,108.04
6,2,SemiDwell,6,1,5168.4,8,2,0,0,6,0.4673,63.63
6,2,SemiDwell,2,2,4901.7,2,0,0,1,3,0.252,101.23
6,2,SemiDwell,4,2,3925.8,4,0,0,1,5,0.4451,170.91
6,2,SemiDwell,6,2,4339.7,6,0,0,0,6,0.1773,230.47
6,2,SemiDwell,2,3,4354.3,2,0,0,0,2,0.378,237.75
6,2,SemiDwell,4,3,3911.8,4,0,0,1,5,0.411,68.79
6,2,SemiDwell,6,3,4882.2,6,0,0,0,6,0.3973,91.94
6,2,SemiDwell,2,4,5757.5,2,0,0,1,3,0.2747,208.46
6,2,SemiDwell,4,4,3669.8,5,1,0,0,4,0.5907,167.67
6,2,SemiDwell,6,4,4722.5,7,1,0,0,6,0.3703,129.94
6,2,SemiDwell,2,5,4218.0,2,0,0,1,3,0.494,233.78
6,2,SemiDwell,4,5,4541.9,4,0,1,0,3,0.4039,149.59
6,2,SemiDwell,6,5,4515.5,6,0,0,0,6,0.3949,127.05
6,2,SemiDwell,2,6,5341.0,2,0,0,1,3,0.3863,125.22
6,2,SemiDwell,4,6,4931.3,5,1,0,1,5,0.4619,165.13
6,2,SemiDwell,6,6,4099.3,6,0,0,0,6,0.4207,151.75
6,2,SemiDwell,2,7,4804.4,3,1,0,0,2,0.2089,170.25
6,2,SemiDwell,4,7,4956.1,5,1,0,0,4,0.3721,138.19
6,2,SemiDwell,6,7,3847.1,7,1,1,0,5,0.4484,169.35
6,2,SemiDwell,2,8,5223.3,3,1,0,0,2,0.3551,159.95
6,2,SemiDwell,4,8,3188.7,4,0,0,0,4,0.5037,75.22
6,2,SemiDwell,6,8,4903.0,6,0,0,0,6,0.3376,160.79
6,2,SemiDwell,2,9,4502.7,2,0,0,0,2,0.3936,115.39
6,2,SemiDwell,4,9,5413.7,4,0,0,0,4,0.0007,136.53
6,2,SemiDwell,6,9,3906.1,6,0,0,0,6,0.2186,271.85
6,2,SemiDwell,2,10,5652.3,2,0,0,0,2,0.2856,84.67
6,2,SemiDwell,4,10,4496.2,4,0,0,1,5,0.4612,69.88
6,2,SemiDwell,6,10,4849.2,6,0,0,1,7,0.6077,109.22
6,2,SemiDwell,2,11,5911.0,2,0,0,1,3,0.3304,140.4
6,2,SemiDwell,4,11,5278.5,4,0,0,0,4,0.407,264.97
6,2,SemiDwell,6,11,4842.9,6,0,0,0,6,0.4873,230.81
6,2,SemiDwell,2,12,4700.3,3,1,0,1,3,0.4251,190.46
6,2,SemiDwell,4,12,4960.5,5,1,0,0,4,0.5043,150.06
6,2,SemiDwell,6,12,4110.7,6,0,0,0,6,0.7076,211.61
6,2,SemiDwell,2,13,4269.3,2,0,0,0,2,0.3538,147.3
6,2,SemiDwell,4,13,5789.4,4,0,0,0,4,0.2861,156.54
6,2,SemiDwell,6,13,5171.5,6,0,0,0,6,0.3563,168.0
6,2,SemiDwell,2,14,5006.7,2,0,0,0,2,0.1604,201.74
6,2,SemiDwell,4,14,5546.4,4,0,0,0,4,0.4097,221.27
6,2,SemiDwell,6,14,3970.3,6,0,0,0,6,0.2132,102.65
6,3,FullDH,2,0,4587.0,2,0,0,1,3,0.3095,126.63
6,3,FullDH,4,0,4042.7,4,0,0,0,4,0.5396,65.47
6,3,FullDH,6,0,5041.3,7,1,0,1,7,0.5072,112.28
6,3,FullDH,2,1,4382.6,3,1,0,1,3,0.5462,260.61
6,3,FullDH,4,1,5405.1,4,0,0,0,4,0.5502,221.6
6,3,FullDH,6,1,5591.5,7,1,0,0,6,0.5343,123.37
6,3,FullDH,2,2,3914.6,2,0,0,0,2,0.3808,201.82
6,3,FullDH,4,2,4636.0,4,0,0,0,4,0.3404,203.53
6,3,FullDH,6,2,5201.0,6,0,0,0,6,0.3259,220.6
6,3,FullDH,2,3,4191.7,2,0,0,1,3,0.2826,174.12
6,3,FullDH,4,3,4332.8,4,0,0,0,4,0.3718,182.48
6,3,FullDH,6,3,4642.7,6,0,0,1,7,0.562,190.4
6,3,FullDH,2,4,3958.8,3,1,0,0,2,0.0787,133.57
6,3,FullDH,4,4,4414.3,4,0,1,0,3,0.3469,95.8
6,3,FullDH,6,4,6417.8,6,0,0,0,6,0.3891,183.77
6,3,FullDH,2,5,4134.0,2,0,0,0,2,0.2601,119.63
6,3,FullDH,4,5,4727.4,6,2,0,1,5,0.6028,170.53
6,3,FullDH,6,5,4997.0,6,0,0,1,7,0.5444,95.21
6,3,FullDH,2,6,4273.3,2,0,0,0,2,0.4767,66.05
6,3,FullDH,4,6,5000.4,4,0,0,0,4,0.498,266.07
6,3,FullDH,6,6,4745.7,6,0,0,0,6,0.4845,212.41
6,3,FullDH,2,7,4963.3,3,1,0,0,2,0.428,73.58
6,3,FullDH,4,7,5187.1,4,0,0,1,5,0.2483,125.08
6,3,FullDH,6,7,4699.8,6,0,0,0,6,0.4804,115.06
6,3,FullDH,2,8,5373.5,2,0,0,1,3,0.5722,206.62
6,3,FullDH,4,8,4870.8,4,0,0,0,4,0.4536,141.21
6,3,FullDH,6,8,5444.7,7,1,0,0,6,0.2739,134.97
6,3,FullDH,2,9,5196.1,2,0,0,0,2,0.5746,37.89
6,3,FullDH,4,9,3807.8,4,0,0,0,4,0.5659,33.02
6,3,FullDH,6,9,4847.3,6,0,1,0,5,0.5358,160.86
6,3,FullDH,2,10,3648.2,2,0,0,0,2,0.2607,242.69
6,3,FullDH,4,10,5844.1,4,0,0,0,4,0.3847,175.21
6,3,FullDH,6,10,4436.6,6,0,1,0,5,0.8904,268.01
6,3,FullDH,2,11,5333.3,2,0,0,0,2,0.52,212.99
6,3,FullDH,4,11,4873.3,4,0,0,1,5,0.3393,208.57
6,3,FullDH,6,11,6208.0,6,0,0,0,6,0.5026,134.1
6,3,FullDH,2,12,4700.6,2,0,0,1,3,0.1812,206.48
6,3,FullDH,4,12,5731.2,4,0,0,0,4,0.5303,59.64
6,3,FullDH,6,12,6050.5,6,0,0,0,6,0.1751,103.56
6,3,FullDH,2,13,4976.2,2,0,0,0,2,0.3393,157.17
6,3,FullDH,4,13,4183.9,4,0,0,0,4,0.3882,128.66
6,3,FullDH,6,13,5115.5,6,0,1,0,5,0.4492,212.47
6,3,FullDH,2,14,5008.2,3,1,0,0,2,0.4905,90.36
6,3,FullDH,4,14,5673.2,5,1,0,0,4,0.4782,165.31
6,3,FullDH,6,14,4615.8,6,0,1,0,5,0.5184,48.6
6,4,SemiNDH,2,0,4944.0,3,1,0,0,2,0.272,36.32
6,4,SemiNDH,4,0,5042.3,5,1,1,0,3,0.4301,190.85
6,4,SemiNDH,6,0,4602.9,7,1,0,0,6,0.7218,161.37
6,4,SemiNDH,2,1,4078.3,3,1,0,0,2,0.468,150.74
6,4,SemiNDH,4,1,4868.0,4,0,0,0,4,0.6467,91.28
6,4,SemiNDH,6,1,4554.2,6,0,1,0,5,0.6655,168.49
6,4,SemiNDH,2,2,4876.3,2,0,0,0,2,0.3095,118.49
6,4,SemiNDH,4,2,4671.7,4,0,0,0,4,0.2913,175.61
6,4,SemiNDH,6,2,4199.1,6,0,0,0,6,0.3419,86.98
6,4,SemiNDH,2,3,5404.7,2,0,0,1,3,0.5347,252.82
6,4,SemiNDH,4,3,4531.1,5,1,0,0,4,0.3666,218.07
6,4,SemiNDH,6,3,4265.8,6,0,0,0,6,0.0557,176.22
6,4,SemiNDH,2,4,4689.9,2,0,0,0,2,0.3485,175.22
6,4,SemiNDH,4,4,4786.9,4,0,0,1,5,0.5186,134.31
6,4,SemiNDH,6,4,5325.0,6,0,0,0,6,0.2678,144.69
6,4,SemiNDH,2,5,5667.3,2,0,0,1,3,0.4661,249.6
6,4,SemiNDH,4,5,3815.5,4,0,0,0,4,0.3105,106.79
6,4,SemiNDH,6,5,6206.5,6,0,0,1,7,0.4982,122.13
6,4,SemiNDH,2,6,3638.5,2,0,0,0,2,0.4577,243.04
6,4,SemiNDH,4,6,6143.1,4,0,0,0,4,0.2745,220.93
6,4,SemiNDH,6,6,5948.7,6,0,1,0,5,0.3967,160.62
6,4,SemiNDH,2,7,4393.4,2,0,0,0,2,0.3137,66.23
6,4,SemiNDH,4,7,5109.4,4,0,0,1,5,0.4099,93.11
6,4,SemiNDH,6,7,4529.6,8,2,0,1,7,0.3009,144.58
6,4,SemiNDH,2,8,4928.6,2,0,0,0,2,0.2589,134.49
6,4,SemiNDH,4,8,4346.6,4,0,0,0,4,0.1918,192.99
6,4,SemiNDH,6,8,6034.4,6,0,0,0,6,0.3484,118.71
6,4,SemiNDH,2,9,5003.9,2,0,0,0,2,0.5158,184.94
6,4,SemiNDH,4,9,4318.9,4,0,0,0,4,0.2703,308.53
6,4,SemiNDH,6,9,4673.0,6,0,0,0,6,0.4496,96.56
6,4,SemiNDH,2,10,4520.9,2,0,0,1,3,0.4257,308.84
6,4,SemiNDH,4,10,5515.4,4,0,0,0,4,0.3452,21.98
6,4,SemiNDH,6,10,5493.2,6,0,0,0,6,0.5589,104.78
6,4,SemiNDH,2,11,5666.3,2,0,0,0,2,0.2968,100.81
6,4,SemiNDH,4,11,4437.5,4,0,0,0,4,0.5846,98.38
6,4,SemiNDH,6,11,4275.2,6,0,1,1,6,0.2082,221.1
6,4,SemiNDH,2,12,3915.7,2,0,0,0,2,0.3196,229.22
6,4,SemiNDH,4,12,4850.9,4,0,0,0,4,0.4096,111.28
6,4,SemiNDH,6,12,4743.4,7,1,1,0,5,0.6032,190.36
6,4,SemiNDH,2,13,5292.1,2,0,0,0,2,0.3837,209.89
6,4,SemiNDH,4,13,4447.3,5,1,0,0,4,0.3953,121.61
6,4,SemiNDH,6,13,5395.1,7,1,0,0,6,0.4159,203.55
6,4,SemiNDH,2,14,5095.5,2,0,0,0,2,0.1976,172.22
6,4,SemiNDH,4,14,4457.7,4,0,1,1,4,0.3901,92.59
6,4,SemiNDH,6,14,4607.4,6,0,1,0,5,0.4649,107.67
7,0,SemiTilt,2,0,5441.4,2,0,1,0,1,0.3251,235.55
7,0,SemiTilt,4,0,4839.5,4,0,0,0,4,0.1947,144.03
7,0,SemiTilt,6,0,5750.4,7,1,0,1,7,0.3509,198.37
7,0,SemiTilt,2,1,5494.1,2,0,0,0,2,0.0826,7.61
7,0,SemiTilt,4,1,6394.9,4,0,1,0,3,0.4512,255.0
7,0,SemiTilt,6,1,5805.6,6,0,0,0,6,0.4001,132.66
7,0,SemiTilt,2,2,5484.2,2,0,1,0,1,0.1871,83.42
7,0,SemiTilt,4,2,4929.7,4,0,0,1,5,0.4209,273.03
7,0,SemiTilt,6,2,5664.0,6,0,0,1,7,0.3166,259.62
7,0,SemiTilt,2,3,6516.6,2,0,0,0,2,0.5445,199.2
7,0,SemiTilt,4,3,6018.3,4,0,0,0,4,0.4412,182.37
7,0,SemiTilt,6,3,5736.9,6,0,0,0,6,0.466,115.69
7,0,SemiTilt,2,4,5569.5,2,0,0,1,3,0.434,152.15
7,0,SemiTilt,4,4,5393.9,5,1,0,0,4,0.6776,196.48
7,0,SemiTilt,6,4,4953.6,7,1,0,1,7,0.614,168.79
7,0,SemiTilt,2,5,5056.8,2,0,0,0,2,0.6198,59.41
7,0,SemiTilt,4,5,4261.4,4,0,0,1,5,0.779,146.25
7,0,SemiTilt,6,5,4777.0,6,0,0,0,6,0.4217,188.81
7,0,SemiTilt,2,6,5405.8,2,0,0,0,2,0.1917,189.27
7,0,SemiTilt,4,6,4784.8,4,0,0,1,5,0.4804,200.89
7,0,SemiTilt,6,6,4577.4,6,0,0,1,7,0.4711,176.91
7,0,SemiTilt,2,7,5963.5,2,0,0,0,2,0.2937,109.66
7,0,SemiTilt,4,7,5633.1,4,0,0,0,4,0.3435,143.79
7,0,SemiTilt,6,7,6070.5,7,1,1,0,5,0.4956,182.99
7,0,SemiTilt,2,8,5217.7,2,0,0,0,2,0.4768,296.01
7,0,SemiTilt,4,8,5079.5,4,0,1,0,3,0.3345,134.79
7,0,SemiTilt,6,8,5942.4,6,0,0,0,6,0.1423,224.99
7,0,SemiTilt,2,9,6095.8,2,0,0,0,2,0.3338,64.97
7,0,SemiTilt,4,9,5003.9,4,0,0,0,4,0.4787,108.6
7,0,SemiTilt,6,9,5649.1,6,0,0,1,7,0.4073,48.06
7,0,SemiTilt,2,10,5793.4,2,0,0,1,3,0.4877,225.66
7,0,SemiTilt,4,10,6136.2,4,0,0,0,4,0.2278,175.63
7,0,SemiTilt,6,10,5332.0,7,1,0,0,6,0.6666,152.36
7,0,SemiTilt,2,11,5852.0,2,0,0,0,2,0.3912,90.08
7,0,SemiTilt,4,11,6408.5,4,0,1,1,4,0.6105,184.23
7,0,SemiTilt,6,11,5696.3,8,2,0,0,6,0.527,173.91
7,0,SemiTilt,2,12,5599.7,2,0,0,0,2,0.6005,177.92
7,0,SemiTilt,4,12,6311.1,4,0,0,0,4,0.3118,161.86
7,0,SemiTilt,6,12,4735.9,7,1,0,0,6,0.3473,183.33
7,0,SemiTilt,2,13,5181.0,2,0,0,0,2,0.5277,230.65
7,0,SemiTilt,4,13,4399.3,4,0,0,0,4,0.6677,157.44
7,0,SemiTilt,6,13,6320.6,6,0,0,0,6,0.169,237.91
7,0,SemiTilt,2,14,5955.8,3,1,0,0,2,0.3744,154.08
7,0,SemiTilt,4,14,6196.3,4,0,0,1,5,0.4471,162.63
7,0,SemiTilt,6,14,4747.6,6,0,0,0,6,0.4406,108.19
7,1,FullDH,2,0,4785.6,2,0,0,0,2,0.5224,211.99
7,1,FullDH,4,0,5229.8,4,0,0,0,4,0.5521,171.35
7,1,FullDH,6,0,5637.0,7,1,0,0,6,0.5096,137.93
7,1,FullDH,2,1,5836.3,2,0,0,1,3,0.2759,67.26
7,1,FullDH,4,1,4507.7,4,0,0,0,4,0.7481,46.86
7,1,FullDH,6,1,5851.2,6,0,0,0,6,0.2907,71.31
7,1,FullDH,2,2,4320.7,2,0,0,0,2,0.5544,101.41
7,1,FullDH,4,2,5486.0,4,0,0,1,5,0.4885,196.57
7,1,FullDH,6,2,4976.7,6,0,0,0,6,0.2801,185.66
7,1,FullDH,2,3,6002.1,2,0,1,0,1,0.249,222.49
7,1,FullDH,4,3,5143.3,4,0,0,0,4,0.5279,72.96
7,1,FullDH,6,3,4274.9,6,0,0,0,6,0.6058,167.86
7,1,FullDH,2,4,6112.3,2,0,0,0,2,0.4983,194.29
7,1,FullDH,4,4,4655.4,5,1,0,0,4,0.4048,143.68
7,1,FullDH,6,4,6144.5,6,0,1,1,6,0.6057,152.44
7,1,FullDH,2,5,5433.2,2,0,1,0,1,0.1596,257.85
7,1,FullDH,4,5,5179.2,4,0,0,1,5,0.4351,88.25
7,1,FullDH,6,5,3904.3,6,0,0,0,6,0.4559,153.74
7,1,FullDH,2,6,4865.5,2,0,0,0,2,0.4027,96.82
7,1,FullDH,4,6,4400.2,4,0,0,0,4,0.2805,129.3
7,1,FullDH,6,6,5564.7,6,0,0,0,6,0.1647,136.19
7,1,FullDH,2,7,5454.5,4,2,0,1,3,0.5218,41.42
7,1,FullDH,4,7,5737.5,4,0,0,0,4,0.165,83.66
7,1,FullDH,6,7,4607.5,7,1,0,0,6,0.3303,164.65
7,1,FullDH,2,8,6358.9,2,0,0,0,2,0.6218,143.74
7,1,FullDH,4,8,4642.8,4,0,0,0,4,0.5662,185.22
7,1,FullDH,6,8,4108.2,6,0,0,0,6,0.3198,243.7
7,1,FullDH,2,9,5330.6,2,0,0,0,2,0.3446,201.08
7,1,FullDH,4,9,5637.8,5,1,0,0,4,0.6798,143.64
7,1,FullDH,6,9,5752.3,6,0,0,0,6,0.6113,186.35
7,1,FullDH,2,10,5041.0,2,0,0,0,2,0.5011,131.64
7,1,FullDH,4,10,4800.1,4,0,1,0,3,0.341,272.7
7,1,FullDH,6,10,5229.4,6,0,0,0,6,0.2586,141.3
7,1,FullDH,2,11,5345.5,2,0,0,1,3,0.3418,60.61
7,1,FullDH,4,11,5193.3,5,1,0,0,4,0.18,177.27
7,1,FullDH,6,11,4448.3,6,0,0,0,6,0.2915,256.45
7,1,FullDH,2,12,4882.2,2,0,0,0,2,0.5343,149.58
7,1,FullDH,4,12,4103.6,4,0,0,0,4,0.4499,197.31
7,1,FullDH,6,12,5241.6,7,1,0,0,6,0.5139,187.46
7,1,FullDH,2,13,5013.3,2,0,0,1,3,0.518,107.78
7,1,FullDH,4,13,5797.3,4,0,0,0,4,0.4904,320.56
7,1,FullDH,6,13,5617.3,8,2,0,0,6,0.2891,74.41
7,1,FullDH,2,14,4779.1,2,0,0,0,2,0.3437,251.19
7,1,FullDH,4,14,5694.4,4,0,0,0,4,0.4618,79.31
7,1,FullDH,6,14,6095.5,7,1,0,1,7,0.1702,140.46
7,2,SemiSwipe,2,0,5618.7,2,0,0,1,3,0.2721,67.83
7,2,SemiSwipe,4,0,4637.8,4,0,0,0,4,0.5878,62.26
7,2,SemiSwipe,6,0,5818.5,6,0,0,0,6,0.3329,164.69
7,2,SemiSwipe,2,1,6033.8,3,1,1,1,2,0.3326,181.37
7,2,SemiSwipe,4,1,4891.9,4,0,1,1,4,0.4714,178.91
7,2,SemiSwipe,6,1,6230.1,8,2,0,0,6,0.3499,138.9
7,2,SemiSwipe,2,2,4511.3,2,0,1,0,1,0.4483,149.88
7,2,SemiSwipe,4,2,7109.9,4,0,0,0,4,0.2559,75.49
7,2,SemiSwipe,6,2,5473.8,6,0,0,0,6,0.4186,55.81
7,2,SemiSwipe,2,3,5574.1,2,0,0,0,2,0.2028,86.48
7,2,SemiSwipe,4,3,6115.7,4,0,0,1,5,0.3982,141.42
7,2,SemiSwipe,6,3,4681.5,7,1,0,1,7,0.4273,183.82
7,2,SemiSwipe,2,4,5495.8,2,0,0,0,2,0.4018,231.3
7,2,SemiSwipe,4,4,4842.8,4,0,0,0,4,0.5304,13.58
7,2,SemiSwipe,6,4,4646.6,6,0,0,0,6,0.3542,162.02
7,2,SemiSwipe,2,5,5530.1,2,0,0,0,2,0.525,145.04
7,2,SemiSwipe,4,5,4348.7,4,0,0,0,4,0.1748,91.09
7,2,SemiSwipe,6,5,6302.6,7,1,0,0,6,0.2999,230.76
7,2,SemiSwipe,2,6,5561.4,2,0,0,0,2,0.3506,215.27
7,2,SemiSwipe,4,6,4297.4,5,1,0,0,4,0.2606,281.41
7,2,SemiSwipe,6,6,5707.6,6,0,0,0,6,0.6556,191.74
7,2,SemiSwipe,2,7,5091.2,2,0,0,0,2,0.6432,107.33
7,2,SemiSwipe,4,7,5969.2,4,0,1,0,3,0.5124,34.34
7,2,SemiSwipe,6,7,5778.8,6,0,0,1,7,0.5197,107.37
7,2,SemiSwipe,2,8,5085.1,2,0,0,0,2,0.1691,111.22
7,2,SemiSwipe,4,8,4102.1,4,0,0,0,4,0.348,72.32
7,2,SemiSwipe,6,8,5419.5,6,0,0,0,6,0.6427,142.42
7,2,SemiSwipe,2,9,4735.7,2,0,0,0,2,0.5217,115.37
7,2,SemiSwipe,4,9,5012.8,4,0,0,1,5,0.3181,177.66
7,2,SemiSwipe,6,9,5071.5,7,1,0,1,7,0.3138,164.73
7,2,SemiSwipe,2,10,6037.3,2,0,0,1,3,0.4678,117.46
7,2,SemiSwipe,4,10,6385.3,4,0,0,0,4,0.4708,239.45
7,2,SemiSwipe,6,10,5894.3,6,0,0,0,6,0.2717,188.65
7,2,SemiSwipe,2,11,5831.2,2,0,0,1,3,0.3659,231.38
7,2,SemiSwipe,4,11,4755.6,4,0,0,1,5,0.6565,227.92
7,2,SemiSwipe,6,11,6265.8,6,0,0,0,6,0.1985,181.13
7,2,SemiSwipe,2,12,5333.9,2,0,0,0,2,0.4152,196.35
7,2,SemiSwipe,4,12,4005.9,4,0,0,0,4,0.464,134.19
7,2,SemiSwipe,6,12,4996.8,7,1,0,0,6,0.1977,204.98
7,2,SemiSwipe,2,13,5399.1,2,0,0,0,2,0.5644,204.73
7,2,SemiSwipe,4,13,5216.6,4,0,0,0,4,0.3515,199.36
7,2,SemiSwipe,6,13,6313.2,6,0,0,0,6,0.4293,308.28
7,2,SemiSwipe,2,14,5522.7,2,0,0,0,2,0.4942,186.73
7,2,SemiSwipe,4,14,5667.4,4,0,0,1,5,0.5406,116.66
7,2,SemiSwipe,6,14,5651.4,6,0,1,0,5,0.4365,238.66
7,3,SemiNDH,2,0,5406.6,2,0,0,0,2,0.2501,102.85
7,3,SemiNDH,4,0,4060.3,4,0,0,0,4,0.1649,172.23
7,3,SemiNDH,6,0,4487.2,6,0,1,0,5,0.1913,109.07
7,3,SemiNDH,2,1,5358.7,2,0,0,0,2,0.1981,149.03
7,3,SemiNDH,4,1,5490.4,5,1,0,0,4,0.4696,64.33
7,3,SemiNDH,6,1,5529.4,7,1,0,0,6,0.6833,196.09
7,3,SemiNDH,2,2,5841.8,2,0,0,0,2,0.46,202.33
7,3,SemiNDH,4,2,6344.2,4,0,0,0,4,0.2957,189.36
7,3,SemiNDH,6,2,4601.7,6,0,0,0,6,0.5313,179.88
7,3,SemiNDH,2,3,6257.4,2,0,0,0,2,0.6237,73.05
7,3,SemiNDH,4,3,5945.4,4,0,0,0,4,0.2242,185.28
7,3,SemiNDH,6,3,5562.0,6,0,0,0,6,0.2494,60.29
7,3,SemiNDH,2,4,4979.9,2,0,0,1,3,0.5964,223.7
7,3,SemiNDH,4,4,5057.2,4,0,0,0,4,0.2973,65.24
7,3,SemiNDH,6,4,4151.3,6,0,0,0,6,0.2991,40.26
7,3,SemiNDH,2,5,5416.5,3,1,0,0,2,0.1724,43.3
7,3,SemiNDH,4,5,6401.5,4,0,0,0,4,0.2967,184.72
7,3,SemiNDH,6,5,5925.9,6,0,0,0,6,0.5359,201.01
7,3,SemiNDH,2,6,4088.3,2,0,0,0,2,0.2706,60.25
7,3,SemiNDH,4,6,4864.8,4,0,0,1,5,0.361,169.27
7,3,SemiNDH,6,6,6563.4,6,0,0,0,6,0.4385,220.84
7,3,SemiNDH,2,7,4837.9,2,0,0,1,3,0.3835,131.57
7,3,SemiNDH,4,7,4190.7,4,0,0,0,4,0.4753,135.06
7,3,SemiNDH,6,7,5884.5,6,0,0,0,6,0.5105,102.66
7,3,SemiNDH,2,8,5988.2,2,0,0,0,2,0.3931,126.3
7,3,SemiNDH,4,8,4255.5,4,0,0,0,4,0.1662,189.33
7,3,SemiNDH,6,8,6433.3,7,1,0,0,6,0.2233,174.2
7,3,SemiNDH,2,9,6709.2,2,0,0,0,2,0.5154,248.23
7,3,SemiNDH,4,9,6005.4,4,0,1,1,4,0.181,105.99
7,3,SemiNDH,6,9,6208.6,6,0,0,1,7,0.2927,218.04
7,3,SemiNDH,2,10,5130.7,2,0,0,0,2,0.5158,102.58
7,3,SemiNDH,4,10,5641.1,4,0,0,1,5,0.5476,91.84
7,3,SemiNDH,6,10,5727.7,6,0,0,0,6,0.5564,233.9
7,3,SemiNDH,2,11,5935.3,2,0,0,1,3,0.443,6.8
7,3,SemiNDH,4,11,5158.8,4,0,0,0,4,0.2167,61.16
7,3,SemiNDH,6,11,4450.6,6,0,1,1,6,0.4263,114.66
7,3,SemiNDH,2,12,6104.0,2,0,0,1,3,0.1494,233.08
7,3,SemiNDH,4,12,6127.2,4,0,1,0,3,0.4969,130.86
7,3,SemiNDH,6,12,5657.2,7,1,1,0,5,0.4733,150.39
7,3,SemiNDH,2,13,5508.4,2,0,0,0,2,0.3428,124.71
7,3,SemiNDH,4,13,5931.5,4,0,1,0,3,0.1179,127.02
7,3,SemiNDH,6,13,5847.0,6,0,0,0,6,0.0989,213.03
7,3,SemiNDH,2,14,5186.0,2,0,0,0,2,0.3081,34.79
7,3,SemiNDH,4,14,4448.2,4,0,0,1,5,0.6306,229.02
7,3,SemiNDH,6,14,5098.4,6,0,0,0,6,0.4666,154.78
7,4,SemiDwell,2,0,5671.3,2,0,0,0,2,0.2362,119.12
7,4,SemiDwell,4,0,4412.0,4,0,0,1,5,0.3886,148.75
7,4,SemiDwell,6,0,6049.8,6,0,0,0,6,0.3398,14.19
7,4,SemiDwell,2,1,4978.9,2,0,0,0,2,0.5926,213.8
7,4,SemiDwell,4,1,5556.2,5,1,0,0,4,0.3062,183.35
7,4,SemiDwell,6,1,4916.4,7,1,0,0,6,0.364,34.71
7,4,SemiDwell,2,2,4106.2,2,0,0,0,2,0.4679,41.11
7,4,SemiDwell,4,2,5036.4,4,0,0,0,4,0.6253,184.34
7,4,SemiDwell,6,2,5229.0,6,0,0,0,6,0.2715,96.48
7,4,SemiDwell,2,3,5580.2,2,0,1,1,2,0.3487,166.68
7,4,SemiDwell,4,3,4768.6,4,0,1,0,3,0.6502,155.23
7,4,SemiDwell,6,3,5528.3,6,0,0,0,6,0.3203,170.21
7,4,SemiDwell,2,4,5476.4,2,0,0,1,3,0.4494,154.93
7,4,SemiDwell,4,4,4277.6,4,0,0,1,5,0.3543,223.45
7,4,SemiDwell,6,4,4543.9,6,0,0,0,6,0.4038,135.8
7,4,SemiDwell,2,5,4565.0,2,0,0,0,2,0.5563,153.41
7,4,SemiDwell,4,5,4931.4,5,1,0,0,4,0.4137,258.38
7,4,SemiDwell,6,5,5170.7,6,0,0,0,6,0.3359,164.52
7,4,SemiDwell,2,6,5062.2,2,0,0,1,3,0.5159,179.78
7,4,SemiDwell,4,6,6718.9,4,0,0,0,4,0.3326,175.01
7,4,SemiDwell,6,6,4649.7,7,1,0,1,7,0.2826,227.68
7,4,SemiDwell,2,7,5478.2,2,0,0,0,2,0.3697,140.51
7,4,SemiDwell,4,7,4821.8,4,0,0,0,4,0.524,36.65
7,4,SemiDwell,6,7,5303.4,7,1,0,0,6,0.6374,182.82
7,4,SemiDwell,2,8,5433.4,2,0,0,0,2,0.1303,50.6
7,4,SemiDwell,4,8,4779.4,4,0,0,0,4,0.5234,277.59
7,4,SemiDwell,6,8,5601.2,8,2,0,0,6,0.5006,142.01
7,4,SemiDwell,2,9,5572.7,3,1,0,1,3,0.6191,145.38
7,4,SemiDwell,4,9,5408.1,4,0,0,0,4,0.2612,163.39
7,4,SemiDwell,6,9,5443.0,7,1,0,0,6,0.3091,78.63
7,4,SemiDwell,2,10,5467.4,2,0,0,0,2,0.5327,300.15
7,4,SemiDwell,4,10,6217.1,4,0,0,0,4,0.445,196.03
7,4,SemiDwell,6,10,5526.7,7,1,0,0,6,0.4715,191.97
7,4,SemiDwell,2,11,5939.5,2,0,0,0,2,0.53,99.62
7,4,SemiDwell,4,11,5718.6,4,0,0,1,5,0.5507,201.85
7,4,SemiDwell,6,11,5827.2,6,0,0,0,6,0.222,127.32
7,4,SemiDwell,2,12,5594.8,2,0,1,0,1,0.3496,156.61
7,4,SemiDwell,4,12,5858.1,4,0,0,0,4,0.2313,162.94
7,4,SemiDwell,6,12,5707.6,7,1,0,0,6,0.11,160.54
7,4,SemiDwell,2,13,5724.1,2,0,0,0,2,0.4135,115.97
7,4,SemiDwell,4,13,5584.1,4,0,0,0,4,0.4814,168.31
7,4,SemiDwell,6,13,5356.3,6,0,0,1,7,0.6894,242.57
7,4,SemiDwell,2,14,5002.1,2,0,0,0,2,0.3883,133.84
7,4,SemiDwell,4,14,5777.3,5,1,0,0,4,0.3679,134.06
7,4,SemiDwell,6,14,4383.8,6,0,1,0,5,0.3759,139.77
8,0,FullDH,2,0,5744.6,2,0,0,1,3,0.5012,108.33
8,0,FullDH,4,0,5382.2,4,0,0,0,4,0.729,189.91
8,0,FullDH,6,0,5974.8,6,0,0,0,6,0.4647,144.53
8,0,FullDH,2,1,5698.1,2,0,0,0,2,0.0355,64.05
8,0,FullDH,4,1,5611.1,4,0,1,0,3,0.4005,140.4
8,0,FullDH,6,1,5409.2,6,0,0,0,6,0.5547,190.95
8,0,FullDH,2,2,4885.6,2,0,0,0,2,0.5163,128.22
8,0,FullDH,4,2,6064.3,4,0,0,0,4,0.4937,52.49
8,0,FullDH,6,2,6132.6,6,0,0,0,6,0.1335,142.4
8,0,FullDH,2,3,5697.8,3,1,0,0,2,0.3453,219.34
8,0,FullDH,4,3,6050.2,4,0,0,0,4,0.457,95.44
8,0,FullDH,6,3,6371.5,6,0,0,1,7,0.2168,195.18
8,0,FullDH,2,4,6520.4,2,0,0,1,3,0.5361,67.49
8,0,FullDH,4,4,5396.6,4,0,0,0,4,0.3553,21.5
8,0,FullDH,6,4,6133.3,6,0,0,0,6,0.4317,84.43
8,0,FullDH,2,5,4445.4,2,0,1,0,1,0.0862,146.33
8,0,FullDH,4,5,6085.9,5,1,0,0,4,0.2371,69.42
8,0,FullDH,6,5,6604.7,6,0,0,0,6,0.5872,180.29
8,0,FullDH,2,6,5401.9,2,0,0,0,2,0.2757,5.55
8,0,FullDH,4,6,6164.6,4,0,0,0,4,0.4275,133.49
8,0,FullDH,6,6,6033.0,6,0,0,1,7,0.2213,110.13
8,0,FullDH,2,7,4959.1,2,0,0,0,2,0.5155,190.28
8,0,FullDH,4,7,4567.1,4,0,0,1,5,0.2965,217.12
8,0,FullDH,6,7,5700.6,7,1,0,0,6,0.4342,150.36
8,0,FullDH,2,8,5905.2,2,0,0,1,3,0.3849,75.15
8,0,FullDH,4,8,5993.9,4,0,0,1,5,0.387,119.22
8,0,FullDH,6,8,5949.7,7,1,1,1,6,0.115,149.27
8,0,FullDH,2,9,5367.7,2,0,0,0,2,0.5755,216.44
8,0,FullDH,4,9,5613.2,4,0,0,0,4,0.4614,85.54
8,0,FullDH,6,9,6504.8,6,0,0,0,6,0.2605,202.48
8,0,FullDH,2,10,5922.0,2,0,0,0,2,0.7365,187.38
8,0,FullDH,4,10,4787.1,5,1,0,1,5,0.5748,102.17
8,0,FullDH,6,10,4536.6,6,0,0,0,6,0.3423,210.72
8,0,FullDH,2,11,5945.8,2,0,0,0,2,0.508,87.84
8,0,FullDH,4,11,4539.0,5,1,1,0,3,0.5295,178.62
8,0,FullDH,6,11,6012.7,6,0,1,1,6,0.3793,208.28
8,0,FullDH,2,12,5356.0,2,0,0,0,2,0.1928,139.78
8,0,FullDH,4,12,5518.2,4,0,0,0,4,0.5548,109.86
8,0,FullDH,6,12,4967.0,7,1,0,0,6,0.3325,205.41
8,0,FullDH,2,13,6349.5,2,0,0,1,3,0.1911,118.59
8,0,FullDH,4,13,6747.8,4,0,0,0,4,0.5363,158.92
8,0,FullDH,6,13,4924.7,6,0,0,0,6,0.4476,94.0
8,0,FullDH,2,14,6041.0,2,0,0,0,2,0.4558,208.87
8,0,FullDH,4,14,6219.7,4,0,0,0,4,0.4834,104.2
8,0,FullDH,6,14,6005.6,6,0,0,0,6,0.4342,163.96
8,1,SemiNDH,2,0,6590.6,2,0,0,0,2,0.3351,256.91
8,1,SemiNDH,4,0,5048.6,4,0,0,0,4,0.5079,135.72
8,1,SemiNDH,6,0,5804.0,6,0,0,1,7,0.5143,164.08
8,1,SemiNDH,2,1,5052.5,2,0,0,0,2,0.2467,168.08
8,1,SemiNDH,4,1,5866.1,4,0,0,0,4,0.4681,104.85
8,1,SemiNDH,6,1,6501.8,7,1,0,0,6,0.4144,256.51
8,1,SemiNDH,2,2,5568.6,2,0,0,1,3,0.3868,212.94
8,1,SemiNDH,4,2,6624.0,4,0,1,0,3,0.3831,165.3
8,1,SemiNDH,6,2,5515.5,6,0,1,0,5,0.2781,222.41
8,1,SemiNDH,2,3,6920.5,2,0,0,0,2,0.336,77.18
8,1,SemiNDH,4,3,5127.5,4,0,0,0,4,0.311,264.53
8,1,SemiNDH,6,3,6303.1,6,0,0,0,6,0.2059,210.29
8,1,SemiNDH,2,4,6172.7,3,1,0,1,3,0.5467,174.36
8,1,SemiNDH,4,4,6943.4,4,0,0,0,4,0.655,147.3
8,1,SemiNDH,6,4,6504.1,6,0,1,0,5,0.6799,56.6
8,1,SemiNDH,2,5,6021.9,2,0,0,0,2,0.2605,114.39
8,1,SemiNDH,4,5,4282.4,6,2,0,1,5,0.3655,85.51
8,1,SemiNDH,6,5,4789.4,6,0,0,0,6,0.4666,163.59
8,1,SemiNDH,2,6,4963.1,2,0,0,0,2,0.5058,162.34
8,1,SemiNDH,4,6,5663.5,4,0,0,0,4,0.3762,112.3
8,1,SemiNDH,6,6,5106.3,6,0,1,0,5,0.1607,204.36
8,1,SemiNDH,2,7,4869.8,2,0,0,0,2,0.7162,205.56
8,1,SemiNDH,4,7,4129.5,4,0,0,0,4,0.2213,82.42
8,1,SemiNDH,6,7,6194.7,6,0,0,0,6,0.3361,128.28
8,1,SemiNDH,2,8,5841.0,2,0,0,0,2,0.1645,149.95
8,1,SemiNDH,4,8,4156.1,5,1,0,0,4,0.2219,132.44
8,1,SemiNDH,6,8,5011.6,6,0,0,0,6,0.4361,77.76
8,1,SemiNDH,2,9,5294.4,2,0,0,0,2,0.3372,67.28
8,1,SemiNDH,4,9,5177.1,4,0,0,1,5,0.4846,104.73
8,1,SemiNDH,6,9,6686.4,6,0,0,0,6,0.4695,150.48
8,1,SemiNDH,2,10,5533.1,2,0,0,0,2,0.092,145.53
8,1,SemiNDH,4,10,5475.5,4,0,0,0,4,0.496,203.11
8,1,SemiNDH,6,10,4901.5,6,0,0,0,6,0.2728,146.24
8,1,SemiNDH,2,11,4867.9,2,0,0,0,2,0.3449,120.02
8,1,SemiNDH,4,11,5868.4,4,0,0,0,4,0.3812,172.38
8,1,SemiNDH,6,11,5625.0,6,0,0,0,6,0.5051,96.91
8,1,SemiNDH,2,12,5093.1,2,0,1,0,1,0.6996,96.14
8,1,SemiNDH,4,12,6513.3,4,0,0,1,5,0.6033,121.67
8,1,SemiNDH,6,12,5335.7,6,0,0,1,7,0.2134,136.38
8,1,SemiNDH,2,13,4857.7,2,0,0,0,2,0.4527,176.81
8,1,SemiNDH,4,13,6306.1,4,0,0,0,4,0.3098,87.85
8,1,SemiNDH,6,13,7093.9,6,0,0,0,6,0.6329,151.33
8,1,SemiNDH,2,14,5155.1,2,0,0,0,2,0.4992,252.68
8,1,SemiNDH,4,14,5333.4,4,0,0,1,5,0.4003,183.47
8,1,SemiNDH,6,14,5197.5,7,1,1,0,5,0.1866,109.51
8,2,SemiTilt,2,0,4869.8,2,0,0,0,2,0.3943,185.29
8,2,SemiTilt,4,0,5433.6,4,0,0,0,4,0.332,160.05
8,2,SemiTilt,6,0,6894.8,6,0,1,0,5,0.5252,183.95
8,2,SemiTilt,2,1,5166.4,2,0,0,0,2,0.4324,99.55
8,2,SemiTilt,4,1,5305.4,4,0,0,1,5,0.415,108.77
8,2,SemiTilt,6,1,5704.2,6,0,0,0,6,0.4805,198.7
8,2,SemiTilt,2,2,5778.6,2,0,0,1,3,0.6197,52.45
8,2,SemiTilt,4,2,5535.0,4,0,0,0,4,0.459,180.15
8,2,SemiTilt,6,2,5045.0,6,0,0,0,6,0.2506,68.82
8,2,SemiTilt,2,3,4593.6,2,0,0,0,2,0.3691,157.28
8,2,SemiTilt,4,3,4187.8,4,0,0,0,4,0.0908,54.9
8,2,SemiTilt,6,3,5316.5,7,1,0,0,6,0.4661,289.98
8,2,SemiTilt,2,4,6104.5,2,0,0,0,2,0.3692,149.21
8,2,SemiTilt,4,4,5392.4,5,1,0,0,4,0.6771,276.49
8,2,SemiTilt,6,4,6113.7,7,1,1,0,5,0.3471,140.58
8,2,SemiTilt,2,5,5685.2,2,0,0,0,2,0.6071,158.65
8,2,SemiTilt,4,5,6173.8,4,0,0,0,4,0.3127,213.4
8,2,SemiTilt,6,5,6449.7,7,1,0,0,6,0.3564,218.73
8,2,SemiTilt,2,6,6105.9,2,0,0,1,3,0.1795,213.9
8,2,SemiTilt,4,6,4287.1,4,0,0,0,4,0.3786,173.51
8,2,SemiTilt,6,6,6554.9,6,0,1,0,5,0.2926,7.89
8,2,SemiTilt,2,7,5873.1,2,0,0,0,2,0.4231,162.14
8,2,SemiTilt,4,7,5452.0,4,0,0,1,5,0.5815,151.78
8,2,SemiTilt,6,7,6166.7,6,0,0,0,6,0.337,200.93
8,2,SemiTilt,2,8,5340.5,2,0,0,1,3,0.4101,151.35
8,2,SemiTilt,4,8,6716.4,4,0,0,1,5,0.2218,117.91
8,2,SemiTilt,6,8,5895.5,6,0,2,0,4,0.0833,206.95
8,2,SemiTilt,2,9,5450.3,2,0,0,0,2,0.727,136.44
8,2,SemiTilt,4,9,4959.6,4,0,0,0,4,0.5971,114.98
8,2,SemiTilt,6,9,4533.9,7,1,0,0,6,0.5255,135.78
8,2,SemiTilt,2,10,5082.2,2,0,1,0,1,0.6153,204.66
8,2,SemiTilt,4,10,6118.3,4,0,0,0,4,0.2599,148.7
8,2,SemiTilt,6,10,5634.7,6,0,0,0,6,0.4057,163.58
8,2,SemiTilt,2,11,4760.3,2,0,0,0,2,0.3062,78.08
8,2,SemiTilt,4,11,6252.4,4,0,0,0,4,0.3745,103.26
8,2,SemiTilt,6,11,4877.0,6,0,0,0,6,0.496,102.52
8,2,SemiTilt,2,12,6179.3,2,0,0,0,2,0.3532,203.29
8,2,SemiTilt,4,12,5456.0,4,0,1,0,3,0.4248,199.9
8,2,SemiTilt,6,12,5910.5,6,0,0,0,6,0.4407,129.2
8,2,SemiTilt,2,13,4941.9,2,0,0,0,2,0.4405,131.56
8,2,SemiTilt,4,13,5408.4,4,0,0,0,4,0.3644,116.59
8,2,SemiTilt,6,13,6139.2,6,0,0,0,6,0.3626,92.54
8,2,SemiTilt,2,14,4664.7,2,0,0,1,3,0.3201,126.82
8,2,SemiTilt,4,14,6213.5,4,0,0,0,4,0.5057,114.89
8,2,SemiTilt,6,14,5602.9,6,0,0,0,6,0.8896,175.8
8,3,SemiDwell,2,0,5159.8,2,0,0,0,2,0.4996,209.46
8,3,SemiDwell,4,0,5463.9,4,0,0,0,4,0.4428,174.4
8,3,SemiDwell,6,0,5998.8,6,0,1,0,5,0.5313,118.63
8,3,SemiDwell,2,1,5367.7,3,1,1,0,1,0.1155,158.22
8,3,SemiDwell,4,1,5353.9,4,0,0,0,4,0.379,186.74
8,3,SemiDwell,6,1,6285.9,6,0,0,0,6,0.5382,180.49
8,3,SemiDwell,2,2,5144.2,2,0,0,0,2,0.5604,128.78
8,3,SemiDwell,4,2,5019.0,4,0,0,0,4,0.6322,155.31
8,3,SemiDwell,6,2,5762.7,6,0,0,0,6,0.2884,35.87
8,3,SemiDwell,2,3,4758.2,2,0,0,0,2,0.34,95.5
8,3,SemiDwell,4,3,5314.8,5,1,0,0,4,0.0908,99.16
8,3,SemiDwell,6,3,5655.0,6,0,0,0,6,0.5635,180.12
8,3,SemiDwell,2,4,6386.5,2,0,0,0,2,0.4571,136.59
8,3,SemiDwell,4,4,6782.4,4,0,0,0,4,0.2531,182.64
8,3,SemiDwell,6,4,5064.0,6,0,0,0,6,0.4271,222.26
8,3,SemiDwell,2,5,5533.6,3,1,0,0,2,0.3287,104.29
8,3,SemiDwell,4,5,6616.2,4,0,0,0,4,0.2936,86.21
8,3,SemiDwell,6,5,6115.5,6,0,0,0,6,0.5032,24.95
8,3,SemiDwell,2,6,6756.4,2,0,0,0,2,0.3279,227.79
8,3,SemiDwell,4,6,5345.2,5,1,0,1,5,0.6728,96.24
8,3,SemiDwell,6,6,6003.5,6,0,0,0,6,0.2944,133.48
8,3,SemiDwell,2,7,5874.8,2,0,0,0,2,0.5664,123.86
8,3,SemiDwell,4,7,4520.8,4,0,0,0,4,0.3842,94.22
8,3,SemiDwell,6,7,5552.6,6,0,0,0,6,0.442,171.36
8,3,SemiDwell,2,8,5226.6,2,0,0,1,3,0.2469,141.08
8,3,SemiDwell,4,8,4612.1,4,0,0,0,4,0.3547,192.58
8,3,SemiDwell,6,8,5866.5,6,0,0,0,6,0.3103,67.74
8,3,SemiDwell,2,9,5609.6,2,0,0,1,3,0.7008,167.89
8,3,SemiDwell,4,9,5775.8,4,0,0,0,4,0.2857,150.2
8,3,SemiDwell,6,9,5504.0,6,0,0,1,7,0.6759,52.46
8,3,SemiDwell,2,10,6204.2,2,0,0,1,3,0.5184,85.54
8,3,SemiDwell,4,10,6905.7,4,0,0,0,4,0.1072,88.49
8,3,SemiDwell,6,10,5395.0,7,1,0,0,6,0.5482,139.98
8,3,SemiDwell,2,11,5446.8,2,0,0,0,2,0.3347,240.67
8,3,SemiDwell,4,11,4950.5,4,0,0,0,4,0.5346,89.14
8,3,SemiDwell,6,11,5928.6,7,1,0,1,7,0.3335,88.26
8,3,SemiDwell,2,12,5499.9,2,0,0,0,2,0.4523,111.85
8,3,SemiDwell,4,12,5627.4,5,1,0,0,4,0.3164,155.31
8,3,SemiDwell,6,12,5146.2,6,0,1,0,5,0.318,65.25
8,3,SemiDwell,2,13,5508.5,2,0,0,1,3,0.2722,157.54
8,3,SemiDwell,4,13,6749.8,4,0,0,0,4,0.3551,136.42
8,3,SemiDwell,6,13,5822.0,6,0,0,0,6,0.4472,226.41
8,3,SemiDwell,2,14,5701.9,2,0,0,1,3,0.6474,155.23
8,3,SemiDwell,4,14,6345.3,4,0,0,0,4,0.3734,122.75
8,3,SemiDwell,6,14,5716.4,6,0,0,0,6,0.3304,76.14
8,4,SemiSwipe,2,0,5016.0,2,0,0,1,3,0.1423,116.13
8,4,SemiSwipe,4,0,4442.5,5,1,0,0,4,0.4897,195.64
8,4,SemiSwipe,6,0,5457.6,6,0,1,0,5,0.1704,30.37
8,4,SemiSwipe,2,1,5310.9,2,0,0,0,2,0.4734,36.34
8,4,SemiSwipe,4,1,5033.5,4,0,0,0,4,0.1177,211.39
8,4,SemiSwipe,6,1,5569.7,6,0,1,0,5,0.3341,175.38
8,4,SemiSwipe,2,2,5767.8,2,0,0,1,3,0.5746,28.77
8,4,SemiSwipe,4,2,5046.1,4,0,0,1,5,0.2765,276.46
8,4,SemiSwipe,6,2,5450.9,6,0,0,1,7,0.3616,147.47
8,4,SemiSwipe,2,3,4351.4,2,0,0,1,3,0.324,208.13
8,4,SemiSwipe,4,3,6450.6,4,0,0,0,4,0.3778,189.53
8,4,SemiSwipe,6,3,4714.0,6,0,0,0,6,0.4812,159.94
8,4,SemiSwipe,2,4,5787.0,2,0,0,0,2,0.2176,343.06
8,4,SemiSwipe,4,4,4250.5,4,0,0,0,4,0.2139,184.28
8,4,SemiSwipe,6,4,5988.7,7,1,0,0,6,0.4243,257.44
8,4,SemiSwipe,2,5,5608.2,2,0,0,0,2,0.3777,135.53
8,4,SemiSwipe,4,5,4845.1,4,0,0,0,4,0.5695,228.62
8,4,SemiSwipe,6,5,5676.5,6,0,0,0,6,0.4992,103.71
8,4,SemiSwipe,2,6,5652.7,2,0,0,0,2,0.3341,201.11
8,4,SemiSwipe,4,6,6520.5,4,0,0,1,5,0.5774,162.57
8,4,SemiSwipe,6,6,5512.5,6,0,0,1,7,0.3455,113.43
8,4,SemiSwipe,2,7,5511.5,2,0,0,0,2,0.4477,94.34
8,4,SemiSwipe,4,7,5383.7,5,1,0,1,5,0.5176,136.41
8,4,SemiSwipe,6,7,6029.3,7,1,0,0,6,0.2351,194.39
8,4,SemiSwipe,2,8,5452.0,2,0,0,0,2,0.5959,131.31
8,4,SemiSwipe,4,8,5236.4,4,0,0,0,4,0.6181,263.37
8,4,SemiSwipe,6,8,6410.9,6,0,0,0,6,0.3256,117.36
8,4,SemiSwipe,2,9,5077.0,2,0,0,1,3,0.3101,135.37
8,4,SemiSwipe,4,9,6734.4,4,0,0,1,5,0.362,242.72
8,4,SemiSwipe,6,9,5571.9,6,0,0,0,6,0.2405,165.42
8,4,SemiSwipe,2,10,5612.4,2,0,0,1,3,0.1508,125.5
8,4,SemiSwipe,4,10,5375.1,5,1,0,0,4,0.3231,260.14
8,4,SemiSwipe,6,10,5828.1,6,0,0,0,6,0.3702,234.72
8,4,SemiSwipe,2,11,5287.5,2,0,0,0,2,0.2725,156.57
8,4,SemiSwipe,4,11,5256.9,4,0,0,1,5,0.489,220.77
8,4,SemiSwipe,6,11,6232.6,6,0,0,0,6,0.2368,170.54
8,4,SemiSwipe,2,12,6084.7,2,0,0,0,2,0.4096,112.56
8,4,SemiSwipe,4,12,6114.3,4,0,0,0,4,0.5914,168.02
8,4,SemiSwipe,6,12,5899.5,6,0,0,0,6,0.335,185.04
8,4,SemiSwipe,2,13,4864.9,2,0,0,0,2,0.2706,77.98
8,4,SemiSwipe,4,13,6159.9,5,1,0,1,5,0.477,152.88
8,4,SemiSwipe,6,13,6265.4,6,0,0,0,6,0.2739,231.1
8,4,SemiSwipe,2,14,5793.6,2,0,0,0,2,0.2111,106.95
8,4,SemiSwipe,4,14,5452.8,4,0,0,1,5,0.5517,110.84
8,4,SemiSwipe,6,14,4611.4,6,0,0,0,6,0.1372,198.11
9,0,SemiNDH,2,0,4248.9,2,0,0,0,2,0.4866,180.37
9,0,SemiNDH,4,0,5110.6,4,0,0,0,4,0.4476,62.95
9,0,SemiNDH,6,0,5433.4,6,0,1,0,5,0.3681,223.85
9,0,SemiNDH,2,1,5253.6,3,1,0,0,2,0.5112,204.76
9,0,SemiNDH,4,1,5045.7,4,0,0,1,5,0.4287,133.51
9,0,SemiNDH,6,1,5451.5,6,0,0,0,6,0.5751,67.54
9,0,SemiNDH,2,2,5291.4,2,0,0,0,2,0.4496,67.37
9,0,SemiNDH,4,2,5203.8,4,0,0,0,4,0.4724,107.81
9,0,SemiNDH,6,2,3588.2,6,0,0,1,7,0.0839,192.37
9,0,SemiNDH,2,3,4867.7,2,0,0,0,2,0.5854,109.2
9,0,SemiNDH,4,3,5015.5,4,0,0,0,4,0.662,130.93
9,0,SemiNDH,6,3,4795.9,6,0,0,0,6,0.3171,233.85
9,0,SemiNDH,2,4,5222.9,3,1,0,0,2,0.4644,117.36
9,0,SemiNDH,4,4,4349.5,4,0,0,0,4,0.4895,225.74
9,0,SemiNDH,6,4,4751.8,6,0,0,0,6,0.4481,147.58
9,0,SemiNDH,2,5,4369.8,2,0,0,0,2,0.4774,202.81
9,0,SemiNDH,4,5,3028.2,4,0,0,0,4,0.6124,83.74
9,0,SemiNDH,6,5,4955.5,6,0,0,0,6,0.1619,174.17
9,0,SemiNDH,2,6,4315.8,2,0,0,0,2,0.4771,217.12
9,0,SemiNDH,4,6,4554.8,4,0,0,0,4,0.5568,161.13
9,0,SemiNDH,6,6,5037.7,7,1,0,0,6,0.563,74.24
9,0,SemiNDH,2,7,3835.5,2,0,0,0,2,0.2898,109.93
9,0,SemiNDH,4,7,5136.1,4,0,0,0,4,0.0826,63.89
9,0,SemiNDH,6,7,4330.4,7,1,0,1,7,0.4709,205.75
9,0,SemiNDH,2,8,4277.1,2,0,0,0,2,0.3376,259.07
9,0,SemiNDH,4,8,4476.5,5,1,0,0,4,0.5553,157.05
9,0,SemiNDH,6,8,3816.1,6,0,0,0,6,0.6622,142.52
9,0,SemiNDH,2,9,5031.2,2,0,0,0,2,0.4182,83.27
9,0,SemiNDH,4,9,4637.0,4,0,0,0,4,0.3152,165.1
9,0,SemiNDH,6,9,5962.0,6,0,0,0,6,0.264,67.52
9,0,SemiNDH,2,10,4657.3,2,0,1,0,1,0.4669,175.4
9,0,SemiNDH,4,10,4754.4,5,1,0,1,5,0.1889,42.37
9,0,SemiNDH,6,10,5158.0,6,0,0,1,7,0.4909,126.71
9,0,SemiNDH,2,11,4363.7,2,0,0,0,2,0.4645,164.79
9,0,SemiNDH,4,11,4282.4,4,0,0,0,4,0.3778,150.87
9,0,SemiNDH,6,11,4729.3,6,0,0,1,7,0.6412,161.04
9,0,SemiNDH,2,12,3646.7,2,0,0,0,2,0.4892,223.99
9,0,SemiNDH,4,12,5425.0,6,2,0,1,5,0.3482,212.02
9,0,SemiNDH,6,12,5526.7,6,0,0,1,7,0.6166,221.32
9,0,SemiNDH,2,13,4696.6,2,0,0,0,2,0.4268,75.63
9,0,SemiNDH,4,13,4855.5,5,1,0,0,4,0.4044,150.34
9,0,SemiNDH,6,13,5646.5,6,0,0,1,7,0.6103,207.87
9,0,SemiNDH,2,14,3776.9,2,0,0,0,2,0.3675,200.58
9,0,SemiNDH,4,14,4098.6,4,0,0,0,4,0.2724,112.29
9,0,SemiNDH,6,14,4969.8,8,2,0,0,6,0.3269,136.89
9,1,SemiDwell,2,0,4729.5,2,0,0,0,2,0.4203,151.25
9,1,SemiDwell,4,0,4013.6,4,0,0,0,4,0.3691,208.13
9,1,SemiDwell,6,0,4406.4,6,0,0,0,6,0.4893,184.91
9,1,SemiDwell,2,1,5107.1,2,0,0,1,3,0.595,72.3
9,1,SemiDwell,4,1,4074.9,5,1,0,0,4,0.6732,154.01
9,1,SemiDwell,6,1,4131.0,7,1,0,1,7,0.3766,143.71
9,1,SemiDwell,2,2,4630.7,2,0,0,0,2,0.4077,228.45
9,1,SemiDwell,4,2,4354.1,5,1,0,0,4,0.574,13.26
9,1,SemiDwell,6,2,4178.8,7,1,0,0,6,0.2389,169.0
9,1,SemiDwell,2,3,5256.9,2,0,0,1,3,0.4032,76.47
9,1,SemiDwell,4,3,4056.4,4,0,0,0,4,0.5156,83.54
9,1,SemiDwell,6,3,4143.7,6,0,1,0,5,0.1152,144.91
9,1,SemiDwell,2,4,5315.9,2,0,0,0,2,0.382,182.83
9,1,SemiDwell,4,4,4747.1,4,0,0,0,4,0.3321,104.29
9,1,SemiDwell,6,4,4211.4,6,0,1,0,5,0.4788,69.83
9,1,SemiDwell,2,5,4182.8,2,0,0,0,2,0.4666,133.7
9,1,SemiDwell,4,5,4983.1,5,1,0,0,4,0.3059,56.79
9,1,SemiDwell,6,5,3824.4,6,0,1,0,5,0.3776,76.23
9,1,SemiDwell,2,6,3921.3,2,0,0,0,2,0.3827,170.16
9,1,SemiDwell,4,6,5019.1,4,0,0,1,5,0.2967,115.15
9,1,SemiDwell,6,6,4193.9,6,0,0,0,6,0.5984,197.52
9,1,SemiDwell,2,7,5334.0,2,0,0,0,2,0.3672,161.06
9,1,SemiDwell,4,7,5114.5,4,0,0,0,4,0.2195,206.96
9,1,SemiDwell,6,7,4617.5,6,0,0,1,7,0.4317,164.79
9,1,SemiDwell,2,8,4039.8,2,0,0,1,3,0.488,172.32
9,1,SemiDwell,4,8,5328.7,5,1,0,0,4,0.4146,121.34
9,1,SemiDwell,6,8,4950.1,6,0,1,1,6,0.3193,179.26
9,1,SemiDwell,2,9,4086.1,2,0,0,0,2,0.2113,210.55
9,1,SemiDwell,4,9,4743.8,4,0,0,0,4,0.3835,31.88
9,1,SemiDwell,6,9,4213.4,8,2,0,0,6,0.5598,127.0
9,1,SemiDwell,2,10,4679.5,2,0,1,0,1,0.2402,160.7
9,1,SemiDwell,4,10,3898.7,4,0,0,1,5,0.1839,124.23
9,1,SemiDwell,6,10,6304.2,6,0,0,0,6,0.2322,81.82
9,1,SemiDwell,2,11,5108.6,2,0,0,0,2,0.378,130.36
9,1,SemiDwell,4,11,4173.9,4,0,0,0,4,0.5805,130.13
9,1,SemiDwell,6,11,5019.5,6,0,1,0,5,0.4336,222.39
9,1,SemiDwell,2,12,4704.4,2,0,0,0,2,0.6322,106.84
9,1,SemiDwell,4,12,4086.5,4,0,0,0,4,0.7151,147.2
9,1,SemiDwell,6,12,4719.3,6,0,0,0,6,0.3325,214.79
9,1,SemiDwell,2,13,4081.4,2,0,0,0,2,0.5623,88.99
9,1,SemiDwell,4,13,4636.8,4,0,1,1,4,0.3792,169.93
9,1,SemiDwell,6,13,4521.6,6,0,0,0,6,0.0243,154.04
9,1,SemiDwell,2,14,4620.6,2,0,0,1,3,0.6614,223.44
9,1,SemiDwell,4,14,4152.4,4,0,0,1,5,0.4832,148.42
9,1,SemiDwell,6,14,4995.6,6,0,0,0,6,0.5779,97.07
9,2,FullDH,2,0,4433.4,2,0,1,0,1,0.32,192.07
9,2,FullDH,4,0,4217.8,4,0,0,1,5,0.595,177.91
9,2,FullDH,6,0,4930.4,7,1,0,0,6,0.4542,237.22
9,2,FullDH,2,1,3327.8,2,0,0,0,2,0.1574,182.01
9,2,FullDH,4,1,5160.7,4,0,0,0,4,0.6117,314.19
9,2,FullDH,6,1,4219.1,6,0,0,0,6,0.322,76.46
9,2,FullDH,2,2,5028.9,2,0,0,0,2,0.5195,154.23
9,2,FullDH,4,2,4565.0,4,0,0,1,5,0.3009,222.95
9,2,FullDH,6,2,4082.1,6,0,0,0,6,0.5506,49.73
9,2,FullDH,2,3,4351.3,2,0,0,0,2,0.3529,75.85
9,2,FullDH,4,3,4822.1,4,0,0,0,4,0.0743,99.5
9,2,FullDH,6,3,4576.3,6,0,0,0,6,0.3181,103.94
9,2,FullDH,2,4,4447.8,2,0,0,0,2,0.2958,128.88
9,2,FullDH,4,4,3840.5,4,0,0,0,4,0.4852,84.44
9,2,FullDH,6,4,5036.7,6,0,0,1,7,0.54,260.11
9,2,FullDH,2,5,3124.7,2,0,0,0,2,0.3849,100.9
9,2,FullDH,4,5,4908.5,6,2,1,1,4,0.4422,169.26
9,2,FullDH,6,5,5100.6,8,2,0,0,6,0.3946,142.32
9,2,FullDH,2,6,5312.1,2,0,1,1,2,0.2007,59.97
9,2,FullDH,4,6,4746.3,4,0,0,0,4,0.4931,241.2
9,2,FullDH,6,6,4610.1,7,1,0,0,6,0.4521,58.84
9,2,FullDH,2,7,5301.7,2,0,0,0,2,0.4639,141.65
9,2,FullDH,4,7,4242.4,4,0,0,0,4,0.4449,135.03
9,2,FullDH,6,7,4445.0,6,0,1,0,5,0.3894,173.4
9,2,FullDH,2,8,4033.8,2,0,0,0,2,0.2538,153.19
9,2,FullDH,4,8,4865.9,4,0,0,0,4,0.6898,144.05
9,2,FullDH,6,8,4166.4,6,0,0,0,6,0.5529,210.25
9,2,FullDH,2,9,4774.6,2,0,0,0,2,0.2322,247.03
9,2,FullDH,4,9,4327.2,4,0,0,0,4,0.564,89.86
9,2,FullDH,6,9,4715.0,6,0,0,1,7,0.1528,182.49
9,2,FullDH,2,10,5188.7,2,0,0,0,2,0.4323,129.36
9,2,FullDH,4,10,4469.3,5,1,0,0,4,0.4311,119.35
9,2,FullDH,6,10,5676.6,7,1,0,0,6,0.3785,54.54
9,2,FullDH,2,11,4761.6,2,0,0,0,2,0.4394,26.19
9,2,FullDH,4,11,4681.5,4,0,0,0,4,0.5013,250.82
9,2,FullDH,6,11,5133.6,6,0,0,0,6,0.3923,278.16
9,2,FullDH,2,12,3772.1,2,0,0,0,2,0.4923,180.34
9,2,FullDH,4,12,5233.9,5,1,0,0,4,0.3479,135.72
9,2,FullDH,6,12,5550.7,6,0,0,0,6,0.4192,54.76
9,2,FullDH,2,13,4964.7,2,0,0,0,2,0.5114,157.44
9,2,FullDH,4,13,4554.0,4,0,0,0,4,0.5246,197.86
9,2,FullDH,6,13,4214.8,6,0,0,1,7,0.6501,121.35
9,2,FullDH,2,14,3977.8,2,0,0,0,2,0.009,228.61
9,2,FullDH,4,14,5286.7,5,1,0,0,4,0.3748,124.67
9,2,FullDH,6,14,5222.2,6,0,0,0,6,0.4475,100.37
9,3,SemiSwipe,2,0,5129.6,2,0,0,1,3,0.1559,199.39
9,3,SemiSwipe,4,0,4943.6,4,0,0,1,5,0.2656,205.43
9,3,SemiSwipe,6,0,4727.9,6,0,0,0,6,0.5122,129.59
9,3,SemiSwipe,2,1,3891.0,2,0,0,0,2,0.4764,232.58
9,3,SemiSwipe,4,1,4976.7,4,0,0,0,4,0.4258,267.82
9,3,SemiSwipe,6,1,4650.4,6,0,1,0,5,0.3502,124.41
9,3,SemiSwipe,2,2,4978.6,2,0,0,0,2,0.2567,21.31
9,3,SemiSwipe,4,2,4149.7,4,0,0,1,5,0.2946,120.76
9,3,SemiSwipe,6,2,3969.5,6,0,0,0,6,0.4936,101.7
9,3,SemiSwipe,2,3,4812.2,2,0,0,0,2,0.629,167.72
9,3,SemiSwipe,4,3,4616.9,4,0,0,1,5,0.2851,117.36
9,3,SemiSwipe,6,3,5852.7,6,0,0,0,6,0.4525,62.65
9,3,SemiSwipe,2,4,5144.4,3,1,1,0,1,0.4301,241.57
9,3,SemiSwipe,4,4,4360.2,4,0,0,0,4,0.3835,74.74
9,3,SemiSwipe,6,4,4951.3,6,0,0,1,7,0.4862,187.1
9,3,SemiSwipe,2,5,3815.2,2,0,0,0,2,0.124,130.05
9,3,SemiSwipe,4,5,4361.6,5,1,0,0,4,0.3615,142.05
9,3,SemiSwipe,6,5,3932.8,7,1,0,0,6,0.4093,95.43
9,3,SemiSwipe,2,6,4184.8,2,0,0,0,2,0.6774,95.37
9,3,SemiSwipe,4,6,5948.9,5,1,0,0,4,0.2047,52.36
9,3,SemiSwipe,6,6,4740.4,7,1,0,1,7,0.409,91.75
9,3,SemiSwipe,2,7,4963.6,2,0,0,0,2,0.4292,178.32
9,3,SemiSwipe,4,7,4177.2,4,0,0,0,4,0.2831,110.82
9,3,SemiSwipe,6,7,4837.9,7,1,0,1,7,0.4584,140.67
9,3,SemiSwipe,2,8,4627.6,2,0,0,0,2,0.4342,153.15
9,3,SemiSwipe,4,8,4462.3,4,0,0,0,4,0.289,114.42
9,3,SemiSwipe,6,8,3643.9,8,2,1,1,6,0.4243,126.22
9,3,SemiSwipe,2,9,4658.3,2,0,0,0,2,0.6917,22.44
9,3,SemiSwipe,4,9,4471.4,4,0,0,0,4,0.2704,144.07
9,3,SemiSwipe,6,9,4448.1,6,0,0,0,6,0.6179,71.62
9,3,SemiSwipe,2,10,4595.7,2,0,0,0,2,0.2099,152.79
9,3,SemiSwipe,4,10,4756.2,4,0,1,1,4,0.0952,211.42
9,3,SemiSwipe,6,10,4567.0,6,0,0,1,7,0.2914,119.34
9,3,SemiSwipe,2,11,5287.9,3,1,0,0,2,0.272,130.68
9,3,SemiSwipe,4,11,5413.2,4,0,0,0,4,0.4831,155.8
9,3,SemiSwipe,6,11,4972.4,6,0,0,0,6,0.5954,161.92
9,3,SemiSwipe,2,12,5121.5,2,0,1,0,1,0.4147,165.37
9,3,SemiSwipe,4,12,5389.8,5,1,0,1,5,0.3313,208.64
9,3,SemiSwipe,6,12,5754.6,6,0,0,1,7,0.4173,121.27
9,3,SemiSwipe,2,13,4383.8,2,0,0,0,2,0.3639,199.96
9,3,SemiSwipe,4,13,4763.7,4,0,2,1,3,0.4663,55.03
9,3,SemiSwipe,6,13,4584.5,6,0,0,1,7,0.4912,172.9
9,3,SemiSwipe,2,14,3485.0,2,0,1,1,2,0.1848,106.66
9,3,SemiSwipe,4,14,4505.6,4,0,1,0,3,0.4635,177.17
9,3,SemiSwipe,6,14,4582.7,6,0,0,0,6,0.395,257.97
9,4,SemiTilt,2,0,4759.4,2,0,0,0,2,0.3353,196.99
9,4,SemiTilt,4,0,4478.3,4,0,1,0,3,0.3287,203.12
9,4,SemiTilt,6,0,3833.4,6,0,0,1,7,0.5807,266.74
9,4,SemiTilt,2,1,4302.0,2,0,0,1,3,0.3465,146.49
9,4,SemiTilt,4,1,4695.9,4,0,0,0,4,0.2967,242.17
9,4,SemiTilt,6,1,4190.6,6,0,0,0,6,0.447,158.49
9,4,SemiTilt,2,2,4195.7,3,1,0,0,2,0.374,128.93
9,4,SemiTilt,4,2,4237.6,4,0,0,0,4,0.4941,187.54
9,4,SemiTilt,6,2,4985.6,6,0,1,0,5,0.4355,140.23
9,4,SemiTilt,2,3,4302.3,2,0,0,0,2,0.4484,106.95
9,4,SemiTilt,4,3,5405.7,4,0,0,0,4,0.2766,163.35
9,4,SemiTilt,6,3,5028.5,6,0,0,1,7,0.3477,157.32
9,4,SemiTilt,2,4,3667.0,2,0,0,0,2,0.3081,216.79
9,4,SemiTilt,4,4,4029.3,4,0,0,0,4,0.4629,17.1
9,4,SemiTilt,6,4,5920.5,6,0,0,0,6,0.3418,151.3
9,4,SemiTilt,2,5,4769.0,2,0,0,0,2,0.1428,146.3
9,4,SemiTilt,4,5,4486.1,4,0,0,0,4,0.3798,153.94
9,4,SemiTilt,6,5,6206.0,6,0,0,1,7,0.5012,156.9
9,4,SemiTilt,2,6,3542.2,2,0,0,0,2,0.448,284.84
9,4,SemiTilt,4,6,3351.7,4,0,0,0,4,0.5204,206.67
9,4,SemiTilt,6,6,3702.2,7,1,0,0,6,0.5955,240.99
9,4,SemiTilt,2,7,5368.4,2,0,0,0,2,0.4696,72.47
9,4,SemiTilt,4,7,3607.7,4,0,0,1,5,0.512,121.48
9,4,SemiTilt,6,7,5295.0,6,0,2,0,4,0.5755,140.8
9,4,SemiTilt,2,8,5705.0,2,0,0,1,3,0.1338,109.05
9,4,SemiTilt,4,8,5101.0,4,0,0,0,4,0.5322,143.04
9,4,SemiTilt,6,8,4200.3,8,2,0,1,7,0.6267,133.27
9,4,SemiTilt,2,9,4669.6,3,1,0,0,2,0.378,151.1
9,4,SemiTilt,4,9,3685.0,5,1,0,1,5,0.0819,62.59
9,4,SemiTilt,6,9,5396.9,6,0,0,1,7,0.6481,142.97
9,4,SemiTilt,2,10,4671.9,2,0,0,0,2,0.0841,197.0
9,4,SemiTilt,4,10,5203.6,4,0,1,0,3,0.2506,81.02
9,4,SemiTilt,6,10,4964.4,7,1,0,0,6,0.4953,96.21
9,4,SemiTilt,2,11,4226.8,2,0,0,0,2,0.2532,41.61
9,4,SemiTilt,4,11,4658.0,4,0,0,0,4,0.2924,204.82
9,4,SemiTilt,6,11,3437.2,6,0,0,0,6,0.2924,138.61
9,4,SemiTilt,2,12,3888.2,2,0,1,0,1,0.3792,183.33
9,4,SemiTilt,4,12,4410.5,5,1,0,1,5,0.5763,156.49
9,4,SemiTilt,6,12,4823.7,6,0,1,1,6,0.3542,190.92
9,4,SemiTilt,2,13,4737.4,2,0,0,1,3,0.4635,181.62
9,4,SemiTilt,4,13,4716.8,4,0,0,1,5,0.0449,176.54
9,4,SemiTilt,6,13,5463.1,7,1,0,0,6,0.7165,157.09
9,4,SemiTilt,2,14,3541.3,2,0,0,1,3,0.1559,217.0
9,4,SemiTilt,4,14,4294.4,4,0,0,1,5,0.3444,140.19
9,4,SemiTilt,6,14,5086.1,6,0,0,0,6,0.6961,131.77
10,0,FullDH,2,0,6156.9,2,0,0,0,2,0.4581,182.52
10,0,FullDH,4,0,6023.6,4,0,0,0,4,0.252,148.49
10,0,FullDH,6,0,5762.9,6,0,1,0,5,0.3174,254.91
10,0,FullDH,2,1,6179.2,2,0,0,0,2,0.0109,273.79
10,0,FullDH,4,1,6175.9,4,0,1,0,3,0.329,176.55
10,0,FullDH,6,1,7520.8,6,0,0,1,7,0.1946,88.93
10,0,FullDH,2,2,5562.9,3,1,0,0,2,0.1291,120.22
10,0,FullDH,4,2,6654.2,4,0,0,0,4,0.4858,136.36
10,0,FullDH,6,2,7642.3,6,0,0,0,6,0.3843,194.89
10,0,FullDH,2,3,5652.4,2,0,1,0,1,0.3408,51.38
10,0,FullDH,4,3,6232.5,4,0,0,1,5,0.6205,198.39
10,0,FullDH,6,3,6883.9,6,0,0,0,6,0.235,196.29
10,0,FullDH,2,4,5373.9,2,0,0,0,2,0.5508,173.58
10,0,FullDH,4,4,5592.6,4,0,0,0,4,0.4069,101.95
10,0,FullDH,6,4,6359.3,6,0,0,0,6,0.5551,159.48
10,0,FullDH,2,5,5982.0,2,0,0,0,2,0.4017,215.47
10,0,FullDH,4,5,6139.8,4,0,0,0,4,0.1759,167.25
10,0,FullDH,6,5,6897.6,6,0,0,1,7,0.2663,131.55
10,0,FullDH,2,6,6477.8,2,0,0,1,3,0.3029,111.87
10,0,FullDH,4,6,6141.6,4,0,0,0,4,0.3582,141.21
10,0,FullDH,6,6,5418.3,6,0,0,0,6,0.2811,154.6
10,0,FullDH,2,7,7252.3,2,0,0,0,2,0.1463,126.42
10,0,FullDH,4,7,6228.9,4,0,0,0,4,0.3985,127.16
10,0,FullDH,6,7,5910.7,6,0,1,0,5,0.0213,205.94
10,0,FullDH,2,8,6333.0,2,0,0,1,3,0.3582,156.33
10,0,FullDH,4,8,6323.0,4,0,0,0,4,0.3255,220.04
10,0,FullDH,6,8,7152.1,6,0,0,1,7,0.3953,71.56
10,0,FullDH,2,9,7054.4,2,0,0,0,2,0.9365,57.66
10,0,FullDH,4,9,6371.3,4,0,0,0,4,0.4852,78.85
10,0,FullDH,6,9,5480.1,6,0,0,0,6,0.5083,85.75
10,0,FullDH,2,10,7299.7,2,0,0,0,2,0.3644,134.57
10,0,FullDH,4,10,5485.5,4,0,1,1,4,0.4678,120.69
10,0,FullDH,6,10,6612.2,6,0,0,0,6,0.185,78.38
10,0,FullDH,2,11,5820.4,2,0,1,0,1,0.4667,121.26
10,0,FullDH,4,11,6419.1,4,0,0,0,4,0.4281,92.07
10,0,FullDH,6,11,5758.4,6,0,0,1,7,0.4748,73.91
10,0,FullDH,2,12,5252.2,2,0,0,0,2,0.3007,141.04
10,0,FullDH,4,12,6128.8,4,0,0,0,4,0.6237,131.0
10,0,FullDH,6,12,6573.0,8,2,0,0,6,0.5221,235.72
10,0,FullDH,2,13,7406.0,2,0,0,1,3,0.3499,139.67
10,0,FullDH,4,13,6507.7,4,0,0,0,4,0.4219,126.68
10,0,FullDH,6,13,6877.8,6,0,0,0,6,0.4061,120.41
10,0,FullDH,2,14,5099.7,2,0,0,0,2,0.6387,121.8
10,0,FullDH,4,14,6532.7,4,0,0,0,4,0.5523,193.92
10,0,FullDH,6,14,6916.1,6,0,0,0,6,0.3809,84.09
10,1,SemiTilt,2,0,6523.3,2,0,0,0,2,0.0389,162.67
10,1,SemiTilt,4,0,6141.2,5,1,0,1,5,0.5493,164.53
10,1,SemiTilt,6,0,6102.9,6,0,0,0,6,0.4883,111.89
10,1,SemiTilt,2,1,6380.3,2,0,0,1,3,0.4716,183.46
10,1,SemiTilt,4,1,6083.5,4,0,0,1,5,0.3645,144.47
10,1,SemiTilt,6,1,7006.0,6,0,0,1,7,0.5649,163.54
10,1,SemiTilt,2,2,6071.1,3,1,0,0,2,0.5701,136.48
10,1,SemiTilt,4,2,5375.1,4,0,0,1,5,0.4778,101.78
10,1,SemiTilt,6,2,5905.6,8,2,0,1,7,0.3297,86.2
10,1,SemiTilt,2,3,5829.2,2,0,0,0,2,0.4322,139.45
10,1,SemiTilt,4,3,6499.3,4,0,1,0,3,0.3599,175.89
10,1,SemiTilt,6,3,6284.1,7,1,0,1,7,0.4771,92.75
10,1,SemiTilt,2,4,7310.9,2,0,0,0,2,0.3202,174.59
10,1,SemiTilt,4,4,7289.9,4,0,0,0,4,0.528,89.38
10,1,SemiTilt,6,4,7308.1,6,0,0,1,7,0.393,58.65
10,1,SemiTilt,2,5,6294.3,2,0,0,1,3,0.5365,174.32
10,1,SemiTilt,4,5,5294.3,4,0,1,1,4,0.3677,136.04
10,1,SemiTilt,6,5,6168.6,7,1,0,0,6,0.6735,154.51
10,1,SemiTilt,2,6,6126.5,2,0,0,0,2,0.3542,234.9
10,1,SemiTilt,4,6,6514.9,6,2,0,1,5,0.2342,111.67
10,1,SemiTilt,6,6,7017.3,7,1,1,0,5,0.3329,143.38
10,1,SemiTilt,2,7,6261.1,2,0,0,0,2,0.2573,188.7
10,1,SemiTilt,4,7,6474.1,4,0,0,0,4,0.3325,181.91
10,1,SemiTilt,6,7,6562.8,6,0,0,0,6,0.5412,102.19
10,1,SemiTilt,2,8,6435.1,2,0,0,0,2,0.325,214.08
10,1,SemiTilt,4,8,6230.2,4,0,0,0,4,0.3198,117.79
10,1,SemiTilt,6,8,6190.0,6,0,0,0,6,0.3145,104.92
10,1,SemiTilt,2,9,5786.7,2,0,0,0,2,0.4512,200.04
10,1,SemiTilt,4,9,6989.0,4,0,1,0,3,0.3189,188.09
10,1,SemiTilt,6,9,6819.8,6,0,0,1,7,0.4923,131.85
10,1,SemiTilt,2,10,5794.7,2,0,0,0,2,0.419,138.45
10,1,SemiTilt,4,10,6096.4,4,0,1,0,3,0.3695,200.03
10,1,SemiTilt,6,10,6654.2,6,0,0,1,7,0.3441,98.63
10,1,SemiTilt,2,11,6723.0,2,0,1,0,1,0.5256,220.83
10,1,SemiTilt,4,11,5599.0,4,0,0,1,5,0.4621,26.72
10,1,SemiTilt,6,11,6391.2,6,0,1,0,5,0.147,108.13
10,1,SemiTilt,2,12,7637.7,2,0,0,0,2,0.323,109.06
10,1,SemiTilt,4,12,7149.0,4,0,0,1,5,0.441,143.09
10,1,SemiTilt,6,12,6161.5,6,0,0,0,6,0.2864,21.75
10,1,SemiTilt,2,13,6641.2,2,0,0,0,2,0.33,206.19
10,1,SemiTilt,4,13,6223.6,4,0,0,1,5,0.3037,172.0
10,1,SemiTilt,6,13,5554.8,7,1,0,0,6,0.367,174.61
10,1,SemiTilt,2,14,5973.1,2,0,0,0,2,0.4037,135.65
10,1,SemiTilt,4,14,7218.6,4,0,0,0,4,0.671,76.63
10,1,SemiTilt,6,14,5793.6,6,0,0,1,7,0.3815,86.74
10,2,SemiNDH,2,0,6159.6,2,0,0,0,2,0.3589,114.49
10,2,SemiNDH,4,0,6495.6,4,0,0,0,4,0.5369,240.0
10,2,SemiNDH,6,0,6653.1,6,0,0,0,6,0.7671,112.51
10,2,SemiNDH,2,1,6615.1,2,0,0,0,2,0.2779,135.5
10,2,SemiNDH,4,1,6418.6,5,1,1,0,3,0.2595,98.27
10,2,SemiNDH,6,1,6510.2,6,0,0,0,6,0.3281,189.06
10,2,SemiNDH,2,2,6220.4,2,0,0,0,2,0.4432,15.83
10,2,SemiNDH,4,2,5942.8,4,0,0,0,4,0.2767,131.63
10,2,SemiNDH,6,2,6848.1,8,2,0,2,8,0.5862,157.03
10,2,SemiNDH,2,3,6283.3,2,0,0,1,3,0.155,73.84
10,2,SemiNDH,4,3,6914.9,4,0,0,1,5,0.3582,204.43
10,2,SemiNDH,6,3,6772.0,7,1,1,0,5,0.0853,147.44
10,2,SemiNDH,2,4,5884.7,2,0,0,0,2,0.4195,125.79
10,2,SemiNDH,4,4,6147.3,4,0,0,0,4,0.2363,154.09
10,2,SemiNDH,6,4,6463.0,6,0,0,0,6,0.4243,128.87
10,2,SemiNDH,2,5,6241.0,2,0,0,0,2,0.3778,150.06
10,2,SemiNDH,4,5,6314.0,4,0,0,1,5,0.4728,150.62
10,2,SemiNDH,6,5,6596.9,6,0,0,1,7,0.4553,105.67
10,2,SemiNDH,2,6,5954.4,2,0,0,0,2,0.5556,202.03
10,2,SemiNDH,4,6,7050.3,4,0,0,0,4,0.8363,168.74
10,2,SemiNDH,6,6,6319.3,6,0,0,0,6,0.2045,199.41
10,2,SemiNDH,2,7,6298.6,2,0,0,0,2,0.5559,175.81
10,2,SemiNDH,4,7,6627.1,4,0,0,0,4,0.5599,149.24
10,2,SemiNDH,6,7,6789.4,6,0,0,0,6,0.5422,72.52
10,2,SemiNDH,2,8,6078.9,2,0,0,0,2,0.595,53.19
10,2,SemiNDH,4,8,6874.9,4,0,0,0,4,0.0654,202.54
10,2,SemiNDH,6,8,6434.1,6,0,0,1,7,0.6407,122.3
10,2,SemiNDH,2,9,6488.0,2,0,0,0,2,0.4649,136.07
10,2,SemiNDH,4,9,7030.3,4,0,0,1,5,0.5679,159.41
10,2,SemiNDH,6,9,7075.8,7,1,0,0,6,0.3999,103.97
10,2,SemiNDH,2,10,5278.0,2,0,0,0,2,0.2983,192.45
10,2,SemiNDH,4,10,7283.2,4,0,0,1,5,0.4563,93.78
10,2,SemiNDH,6,10,7787.5,6,0,0,0,6,0.2644,152.92
10,2,SemiNDH,2,11,6002.2,3,1,0,0,2,0.2574,56.07
10,2,SemiNDH,4,11,6532.8,4,0,0,1,5,0.2113,92.39
10,2,SemiNDH,6,11,6551.1,6,0,2,1,5,0.3518,265.73
10,2,SemiNDH,2,12,6837.6,2,0,0,0,2,0.3799,102.31
10,2,SemiNDH,4,12,6114.2,4,0,0,1,5,0.4272,129.76
10,2,SemiNDH,6,12,5083.6,7,1,1,0,5,0.1603,13.25
10,2,SemiNDH,2,13,5831.0,2,0,0,1,3,0.4873,158.88
10,2,SemiNDH,4,13,6627.6,4,0,0,0,4,0.3984,164.85
10,2,SemiNDH,6,13,6243.0,7,1,0,0,6,0.9798,216.62
10,2,SemiNDH,2,14,6554.3,2,0,0,0,2,0.2066,99.51
10,2,SemiNDH,4,14,6493.7,4,0,0,0,4,0.4687,177.98
10,2,SemiNDH,6,14,6259.5,6,0,2,1,5,0.3679,189.22
10,3,SemiSwipe,2,0,7676.3,2,0,0,0,2,0.4392,184.91
10,3,SemiSwipe,4,0,6081.4,4,0,0,1,5,0.4846,217.52
10,3,SemiSwipe,6,0,6157.3,6,0,1,0,5,0.328,124.88
10,3,SemiSwipe,2,1,6329.2,2,0,0,0,2,0.3552,175.94
10,3,SemiSwipe,4,1,6224.9,5,1,0,0,4,0.2241,84.31
10,3,SemiSwipe,6,1,5988.1,6,0,0,1,7,0.6897,178.62
10,3,SemiSwipe,2,2,5951.5,2,0,0,0,2,0.052,115.29
10,3,SemiSwipe,4,2,7055.9,4,0,0,1,5,0.2992,165.63
10,3,SemiSwipe,6,2,5749.3,6,0,0,0,6,0.2254,210.4
10,3,SemiSwipe,2,3,6951.8,2,0,0,0,2,0.4761,26.72
10,3,SemiSwipe,4,3,5882.6,4,0,0,0,4,0.0182,120.54
10,3,SemiSwipe,6,3,7054.2,7,1,0,0,6,0.5404,166.52
10,3,SemiSwipe,2,4,6609.4,2,0,0,1,3,0.498,49.62
10,3,SemiSwipe,4,4,5881.5,4,0,1,1,4,0.7223,95.21
10,3,SemiSwipe,6,4,5333.8,6,0,0,0,6,0.3006,243.45
10,3,SemiSwipe,2,5,6279.3,2,0,0,0,2,0.4915,52.25
10,3,SemiSwipe,4,5,6692.5,5,1,0,0,4,0.6252,133.18
10,3,SemiSwipe,6,5,6342.2,6,0,0,0,6,0.5619,165.0
10,3,SemiSwipe,2,6,6817.2,2,0,0,0,2,0.4805,104.03
10,3,SemiSwipe,4,6,6508.6,5,1,0,0,4,0.6581,171.77
10,3,SemiSwipe,6,6,6030.2,6,0,0,0,6,0.5312,144.25
10,3,SemiSwipe,2,7,6460.1,3,1,0,0,2,0.1075,254.75
10,3,SemiSwipe,4,7,6277.3,4,0,0,0,4,0.5412,165.86
10,3,SemiSwipe,6,7,7101.9,7,1,0,0,6,0.4682,116.43
10,3,SemiSwipe,2,8,6566.4,2,0,1,0,1,0.174,236.23
10,3,SemiSwipe,4,8,6463.3,5,1,0,1,5,0.5297,133.52
10,3,SemiSwipe,6,8,6603.2,7,1,0,0,6,0.5658,101.17
10,3,SemiSwipe,2,9,6896.8,2,0,0,0,2,0.4226,50.98
10,3,SemiSwipe,4,9,5893.8,4,0,0,1,5,0.3385,2.0
10,3,SemiSwipe,6,9,6155.6,6,0,0,0,6,0.4675,309.94
10,3,SemiSwipe,2,10,6770.8,2,0,0,0,2,0.5157,236.12
10,3,SemiSwipe,4,10,6317.7,4,0,1,1,4,0.1857,211.77
10,3,SemiSwipe,6,10,6615.7,6,0,1,0,5,0.3916,146.29
10,3,SemiSwipe,2,11,5646.6,2,0,0,0,2,0.4193,168.78
10,3,SemiSwipe,4,11,6687.9,4,0,0,0,4,0.6049,169.85
10,3,SemiSwipe,6,11,5702.1,6,0,0,1,7,0.0068,266.93
10,3,SemiSwipe,2,12,5705.7,2,0,0,0,2,0.2605,194.44
10,3,SemiSwipe,4,12,6279.3,5,1,1,0,3,0.4987,239.87
10,3,SemiSwipe,6,12,6419.4,6,0,0,1,7,0.3273,107.09
10,3,SemiSwipe,2,13,6804.5,2,0,0,0,2,0.1292,176.49
10,3,SemiSwipe,4,13,7583.1,5,1,0,0,4,0.2202,65.84
10,3,SemiSwipe,6,13,6813.2,6,0,1,1,6,0.1826,257.05
10,3,SemiSwipe,2,14,6684.1,2,0,0,1,3,0.1439,241.86
10,3,SemiSwipe,4,14,6401.1,4,0,0,0,4,0.4565,123.19
10,3,SemiSwipe,6,14,5968.0,7,1,0,0,6,0.5274,166.61
10,4,SemiDwell,2,0,7086.4,2,0,0,0,2,0.6592,200.32
10,4,SemiDwell,4,0,6285.5,4,0,0,0,4,0.3265,145.31
10,4,SemiDwell,6,0,6214.1,6,0,0,0,6,0.5252,118.54
10,4,SemiDwell,2,1,6603.1,2,0,0,0,2,0.5359,84.76
10,4,SemiDwell,4,1,6507.5,4,0,0,0,4,0.524,197.62
10,4,SemiDwell,6,1,6033.8,6,0,0,0,6,0.4637,144.18
10,4,SemiDwell,2,2,5761.9,2,0,0,0,2,0.3498,188.14
10,4,SemiDwell,4,2,7597.2,4,0,0,0,4,0.4445,145.84
10,4,SemiDwell,6,2,6597.9,7,1,0,0,6,0.1864,54.21
10,4,SemiDwell,2,3,6275.2,2,0,0,0,2,0.6438,54.08
10,4,SemiDwell,4,3,7113.9,4,0,0,0,4,0.5808,80.78
10,4,SemiDwell,6,3,6714.1,6,0,0,0,6,0.2143,215.59
10,4,SemiDwell,2,4,6207.0,2,0,0,0,2,0.3917,169.82
10,4,SemiDwell,4,4,6268.8,5,1,0,0,4,0.4738,171.95
10,4,SemiDwell,6,4,6645.7,6,0,0,1,7,0.4716,19.84
10,4,SemiDwell,2,5,5923.6,2,0,0,0,2,0.468,213.33
10,4,SemiDwell,4,5,6327.3,4,0,0,0,4,0.2263,152.56
10,4,SemiDwell,6,5,6511.8,7,1,0,0,6,0.5181,134.92
10,4,SemiDwell,2,6,6636.3,2,0,0,1,3,0.4351,167.47
10,4,SemiDwell,4,6,6863.6,4,0,0,1,5,0.465,162.55
10,4,SemiDwell,6,6,7490.6,6,0,0,0,6,0.2768,130.39
10,4,SemiDwell,2,7,6882.9,2,0,0,0,2,0.5022,88.57
10,4,SemiDwell,4,7,6656.9,4,0,0,0,4,0.4017,142.94
10,4,SemiDwell,6,7,7449.6,6,0,0,1,7,0.462,149.04
10,4,SemiDwell,2,8,7209.5,2,0,0,0,2,0.3544,213.33
10,4,SemiDwell,4,8,6215.7,5,1,0,0,4,0.3968,250.79
10,4,SemiDwell,6,8,6632.3,6,0,0,0,6,0.2994,168.23
10,4,SemiDwell,2,9,7111.4,2,0,0,1,3,0.2582,134.5
10,4,SemiDwell,4,9,6155.4,4,0,0,0,4,0.5851,195.88
10,4,SemiDwell,6,9,7744.4,7,1,0,0,6,0.4729,195.29
10,4,SemiDwell,2,10,6698.4,2,0,0,0,2,0.3768,124.11
10,4,SemiDwell,4,10,6588.0,4,0,0,1,5,0.1944,177.25
10,4,SemiDwell,6,10,7195.4,6,0,1,0,5,0.5205,187.62
10,4,SemiDwell,2,11,7097.9,3,1,0,0,2,0.2785,157.97
10,4,SemiDwell,4,11,6446.1,4,0,0,0,4,0.2047,119.98
10,4,SemiDwell,6,11,7359.4,6,0,0,0,6,0.2879,136.12
10,4,SemiDwell,2,12,5950.1,2,0,0,0,2,0.21,144.44
10,4,SemiDwell,4,12,6005.8,4,0,0,0,4,0.3113,219.89
10,4,SemiDwell,6,12,6382.1,6,0,0,1,7,0.3586,87.83
10,4,SemiDwell,2,13,5964.8,2,0,0,1,3,0.3732,136.25
10,4,SemiDwell,4,13,6155.4,5,1,0,0,4,0.6495,102.63
10,4,SemiDwell,6,13,5168.6,7,1,0,0,6,0.3778,158.84
10,4,SemiDwell,2,14,5830.5,3,1,0,0,2,0.5946,93.37
10,4,SemiDwell,4,14,6609.5,5,1,0,0,4,0.4041,141.36
10,4,SemiDwell,6,14,5853.4,6,0,1,0,5,0.3173,192.15
11,0,SemiNDH,2,0,7213.3,2,0,0,0,2,0.5604,167.15
11,0,SemiNDH,4,0,6496.7,4,0,0,0,4,0.3028,65.97
11,0,SemiNDH,6,0,6143.2,7,1,0,1,7,0.5329,92.49
11,0,SemiNDH,2,1,6515.8,2,0,0,0,2,0.5953,119.66
11,0,SemiNDH,4,1,7141.9,4,0,0,0,4,0.5199,126.93
11,0,SemiNDH,6,1,6596.7,6,0,0,0,6,0.4961,195.51
11,0,SemiNDH,2,2,5693.1,2,0,0,1,3,0.4138,109.97
11,0,SemiNDH,4,2,6522.9,4,0,0,0,4,0.4029,259.4
11,0,SemiNDH,6,2,7014.4,6,0,0,0,6,0.1312,161.3
11,0,SemiNDH,2,3,6349.8,2,0,0,0,2,0.346,63.35
11,0,SemiNDH,4,3,6544.8,4,0,0,0,4,0.5708,15.5
11,0,SemiNDH,6,3,5774.7,6,0,0,1,7,0.2743,263.06
11,0,SemiNDH,2,4,6305.9,2,0,0,0,2,0.3024,96.03
11,0,SemiNDH,4,4,5924.5,4,0,0,0,4,0.5257,102.86
11,0,SemiNDH,6,4,5816.9,6,0,0,0,6,0.2989,172.76
11,0,SemiNDH,2,5,6357.3,3,1,0,0,2,0.2806,91.02
11,0,SemiNDH,4,5,4920.0,4,0,0,1,5,0.2843,11.58
11,0,SemiNDH,6,5,7550.1,6,0,1,1,6,0.0952,63.08
11,0,SemiNDH,2,6,7475.3,2,0,0,1,3,0.0961,105.11
11,0,SemiNDH,4,6,5905.5,4,0,0,0,4,0.6241,132.83
11,0,SemiNDH,6,6,5759.0,6,0,1,0,5,0.1081,152.69
11,0,SemiNDH,2,7,6713.0,2,0,1,1,2,0.3598,235.97
11,0,SemiNDH,4,7,6505.0,4,0,0,1,5,0.5924,138.21
11,0,SemiNDH,6,7,5647.0,7,1,0,0,6,0.2909,188.99
11,0,SemiNDH,2,8,7013.2,2,0,0,0,2,0.2644,147.51
11,0,SemiNDH,4,8,6351.9,4,0,0,0,4,0.3048,129.2
11,0,SemiNDH,6,8,6591.8,6,0,1,0,5,0.4455,99.49
11,0,SemiNDH,2,9,5498.8,2,0,0,0,2,0.3695,132.76
11,0,SemiNDH,4,9,5559.1,4,0,0,0,4,0.636,126.18
11,0,SemiNDH,6,9,6256.1,6,0,0,0,6,0.0649,230.0
11,0,SemiNDH,2,10,5580.1,2,0,0,0,2,0.4093,147.09
11,0,SemiNDH,4,10,5992.1,4,0,0,0,4,0.4712,190.2
11,0,SemiNDH,6,10,7445.9,6,0,0,0,6,0.3614,63.08
11,0,SemiNDH,2,11,6291.3,2,0,0,0,2,0.2855,126.37
11,0,SemiNDH,4,11,5462.1,4,0,0,0,4,0.4573,160.96
11,0,SemiNDH,6,11,6739.8,6,0,1,0,5,0.4135,183.64
11,0,SemiNDH,2,12,7149.7,2,0,0,0,2,0.3071,10.55
11,0,SemiNDH,4,12,6338.9,4,0,0,1,5,0.0291,159.34
11,0,SemiNDH,6,12,5726.0,6,0,0,0,6,0.4202,153.92
11,0,SemiNDH,2,13,6776.0,2,0,0,0,2,0.3892,181.67
11,0,SemiNDH,4,13,6896.6,5,1,0,0,4,0.4537,166.24
11,0,SemiNDH,6,13,5752.3,6,0,0,0,6,0.4379,134.5
11,0,SemiNDH,2,14,6846.8,3,1,0,0,2,0.5203,229.79
11,0,SemiNDH,4,14,6072.8,4,0,0,0,4,0.3905,198.25
11,0,SemiNDH,6,14,6818.5,6,0,0,0,6,0.2804,179.87
11,1,FullDH,2,0,6139.7,2,0,0,0,2,0.383,130.5
11,1,FullDH,4,0,7119.2,4,0,0,0,4,0.4139,164.08
11,1,FullDH,6,0,6812.3,6,0,0,1,7,0.0228,240.11
11,1,FullDH,2,1,5722.6,2,0,0,0,2,0.2728,205.5
11,1,FullDH,4,1,5926.2,4,0,0,0,4,0.3649,56.02
11,1,FullDH,6,1,4660.1,6,0,0,0,6,0.6121,157.87
11,1,FullDH,2,2,6266.0,2,0,0,0,2,0.424,171.58
11,1,FullDH,4,2,6558.3,4,0,0,0,4,0.4782,70.07
11,1,FullDH,6,2,5254.1,6,0,0,0,6,0.3852,154.9
11,1,FullDH,2,3,6197.6,2,0,0,0,2,0.4043,195.12
11,1,FullDH,4,3,6215.0,5,1,0,1,5,0.3554,17.26
11,1,FullDH,6,3,6185.3,6,0,0,0,6,0.2885,257.3
11,1,FullDH,2,4,5790.8,2,0,0,0,2,0.2545,137.15
11,1,FullDH,4,4,6090.3,4,0,0,0,4,0.3432,82.25
11,1,FullDH,6,4,6819.5,6,0,0,0,6,0.3549,208.22
11,1,FullDH,2,5,6702.6,2,0,0,0,2,0.4009,95.66
11,1,FullDH,4,5,6808.2,4,0,0,0,4,0.3206,108.5
11,1,FullDH,6,5,5372.3,6,0,0,0,6,0.3448,109.59
11,1,FullDH,2,6,5668.2,3,1,0,0,2,0.2433,77.27
11,1,FullDH,4,6,5661.3,4,0,0,0,4,0.4576,138.23
11,1,FullDH,6,6,6445.3,6,0,0,0,6,0.4262,171.41
11,1,FullDH,2,7,6118.7,2,0,0,0,2,0.4807,241.1
11,1,FullDH,4,7,6872.1,4,0,0,0,4,0.3249,149.73
11,1,FullDH,6,7,7562.4,6,0,0,0,6,0.4107,154.95
11,1,FullDH,2,8,6698.9,2,0,0,0,2,0.6038,215.18
11,1,FullDH,4,8,5888.5,4,0,0,0,4,0.4633,68.38
11,1,FullDH,6,8,6075.0,6,0,0,1,7,0.6436,146.67
11,1,FullDH,2,9,7125.0,2,0,0,0,2,0.373,114.86
11,1,FullDH,4,9,6555.9,4,0,0,0,4,0.3486,180.1
11,1,FullDH,6,9,6598.8,6,0,1,1,6,0.3948,182.01
11,1,FullDH,2,10,6935.9,2,0,1,1,2,0.2937,266.51
11,1,FullDH,4,10,6768.9,4,0,0,1,5,0.7565,135.46
11,1,FullDH,6,10,6429.7,6,0,0,0,6,0.3044,161.13
11,1,FullDH,2,11,6930.1,2,0,0,0,2,0.5482,116.62
11,1,FullDH,4,11,6346.3,4,0,0,1,5,0.4612,216.9
11,1,FullDH,6,11,6031.7,6,0,0,0,6,0.44,234.47
11,1,FullDH,2,12,6398.9,2,0,0,0,2,0.3051,149.89
11,1,FullDH,4,12,6287.3,4,0,0,1,5,0.2959,169.97
11,1,FullDH,6,12,6673.0,7,1,0,0,6,0.3555,195.82
11,1,FullDH,2,13,6350.3,3,1,0,0,2,0.5622,18.67
11,1,FullDH,4,13,6355.5,4,0,0,0,4,0.3129,153.62
11,1,FullDH,6,13,6539.4,6,0,0,1,7,0.2724,147.83
11,1,FullDH,2,14,5425.3,2,0,0,0,2,0.3803,94.44
11,1,FullDH,4,14,6932.2,4,0,0,0,4,0.4664,77.83
11,1,FullDH,6,14,5538.5,6,0,0,0,6,0.4411,95.29
11,2,SemiDwell,2,0,6127.2,2,0,0,0,2,0.5143,123.36
11,2,SemiDwell,4,0,6765.3,4,0,1,0,3,0.3733,91.13
11,2,SemiDwell,6,0,6409.7,6,0,0,0,6,0.5306,250.44
11,2,SemiDwell,2,1,6924.7,2,0,1,1,2,0.3546,120.76
11,2,SemiDwell,4,1,6184.7,4,0,0,1,5,0.4495,207.55
11,2,SemiDwell,6,1,5320.7,6,0,0,0,6,0.5026,73.3
11,2,SemiDwell,2,2,5070.8,2,0,0,0,2,0.3816,257.32
11,2,SemiDwell,4,2,6874.8,5,1,0,0,4,0.2477,0.73
11,2,SemiDwell,6,2,6417.8,6,0,0,0,6,0.3223,137.91
11,2,SemiDwell,2,3,7199.0,2,0,0,0,2,0.4321,150.45
11,2,SemiDwell,4,3,6677.8,4,0,0,0,4,0.2818,230.56
11,2,SemiDwell,6,3,6499.9,7,1,1,1,6,0.2623,163.9
11,2,SemiDwell,2,4,7112.3,2,0,0,0,2,0.2388,91.32
11,2,SemiDwell,4,4,6297.0,4,0,0,0,4,0.5069,144.91
11,2,SemiDwell,6,4,6910.6,6,0,1,0,5,0.2516,114.42
11,2,SemiDwell,2,5,7061.9,3,1,0,1,3,0.3614,113.84
11,2,SemiDwell,4,5,6300.8,5,1,1,0,3,0.3755,230.21
11,2,SemiDwell,6,5,6175.0,6,0,0,0,6,0.4914,100.19
11,2,SemiDwell,2,6,6877.6,2,0,0,0,2,0.5369,142.31
11,2,SemiDwell,4,6,5664.5,4,0,0,1,5,0.3495,161.7
11,2,SemiDwell,6,6,6659.2,6,0,2,1,5,0.5444,182.49
11,2,SemiDwell,2,7,5936.0,2,0,0,0,2,0.3954,202.24
11,2,SemiDwell,4,7,6122.7,4,0,0,0,4,0.6666,146.87
11,2,SemiDwell,6,7,6898.6,6,0,0,1,7,0.6487,129.63
11,2,SemiDwell,2,8,7001.6,2,0,0,0,2,0.5299,215.69
11,2,SemiDwell,4,8,6150.1,4,0,0,0,4,0.4019,172.99
11,2,SemiDwell,6,8,6734.6,6,0,0,1,7,0.4673,265.39
11,2,SemiDwell,2,9,6260.3,2,0,0,1,3,0.4584,73.93
11,2,SemiDwell,4,9,6233.8,4,0,1,1,4,0.1293,175.71
11,2,SemiDwell,6,9,6256.3,6,0,0,0,6,0.327,53.26
11,2,SemiDwell,2,10,6722.2,2,0,0,0,2,0.4119,127.6
11,2,SemiDwell,4,10,6855.3,4,0,0,1,5,0.5202,217.43
11,2,SemiDwell,6,10,5858.8,6,0,0,0,6,0.344,221.86
11,2,SemiDwell,2,11,6232.8,2,0,0,1,3,0.4147,159.3
11,2,SemiDwell,4,11,6196.5,4,0,0,0,4,0.2676,153.33
11,2,SemiDwell,6,11,6343.1,6,0,0,0,6,0.4075,73.2
11,2,SemiDwell,2,12,5758.9,3,1,0,1,3,0.3098,162.74
11,2,SemiDwell,4,12,5776.5,4,0,0,0,4,0.5059,179.19
11,2,SemiDwell,6,12,6228.0,6,0,0,0,6,0.803,253.47
11,2,SemiDwell,2,13,7104.4,2,0,0,0,2,0.3111,101.62
11,2,SemiDwell,4,13,5848.1,4,0,0,0,4,0.3904,14.21
11,2,SemiDwell,6,13,6906.8,6,0,0,0,6,0.2794,253.66
11,2,SemiDwell,2,14,6168.4,2,0,0,1,3,0.4157,51.09
11,2,SemiDwell,4,14,5701.6,5,1,0,0,4,0.421,40.79
11,2,SemiDwell,6,14,6265.5,6,0,0,0,6,0.1969,119.96
11,3,SemiTilt,2,0,6472.9,2,0,0,0,2,0.2766,138.59
11,3,SemiTilt,4,0,5587.1,4,0,0,0,4,0.4323,196.72
11,3,SemiTilt,6,0,7383.1,6,0,0,1,7,0.1403,122.27
11,3,SemiTilt,2,1,6230.4,2,0,0,0,2,0.4189,5.62
11,3,SemiTilt,4,1,5751.8,4,0,0,0,4,0.5929,213.61
11,3,SemiTilt,6,1,6024.3,6,0,0,1,7,0.6146,238.99
11,3,SemiTilt,2,2,6038.9,2,0,0,0,2,0.2576,152.11
11,3,SemiTilt,4,2,5052.8,4,0,0,0,4,0.623,60.71
11,3,SemiTilt,6,2,5852.1,6,0,0,0,6,0.6337,163.21
11,3,SemiTilt,2,3,6926.4,2,0,0,0,2,0.3922,201.31
11,3,SemiTilt,4,3,6256.4,4,0,0,0,4,0.5295,164.31
11,3,SemiTilt,6,3,7240.1,6,0,0,0,6,0.5285,188.31
11,3,SemiTilt,2,4,6469.9,2,0,1,1,2,0.1924,125.8
11,3,SemiTilt,4,4,6262.0,4,0,0,1,5,0.6326,99.95
11,3,SemiTilt,6,4,5813.4,7,1,0,1,7,0.2276,208.73
11,3,SemiTilt,2,5,5433.1,2,0,1,1,2,0.3311,221.82
11,3,SemiTilt,4,5,5375.7,5,1,0,0,4,0.3384,219.56
11,3,SemiTilt,6,5,6818.3,6,0,0,1,7,0.6804,147.73
11,3,SemiTilt,2,6,4681.2,2,0,0,0,2,0.3891,242.22
11,3,SemiTilt,4,6,5665.9,4,0,0,0,4,0.2553,256.39
11,3,SemiTilt,6,6,6872.2,6,0,0,0,6,0.5314,115.83
11,3,SemiTilt,2,7,5519.5,2,0,0,0,2,0.4123,283.09
11,3,SemiTilt,4,7,6100.0,5,1,0,0,4,0.5289,168.46
11,3,SemiTilt,6,7,6460.0,6,0,0,0,6,0.0459,197.68
11,3,SemiTilt,2,8,7279.5,2,0,0,1,3,0.2665,120.49
11,3,SemiTilt,4,8,6148.6,4,0,0,0,4,0.4693,229.11
11,3,SemiTilt,6,8,6205.7,6,0,0,0,6,0.383,260.21
11,3,SemiTilt,2,9,6172.7,2,0,1,0,1,0.4648,159.67
11,3,SemiTilt,4,9,6825.3,4,0,0,0,4,0.4916,109.06
11,3,SemiTilt,6,9,6737.5,7,1,0,1,7,0.5656,155.63
11,3,SemiTilt,2,10,6473.2,2,0,0,0,2,0.3825,157.11
11,3,SemiTilt,4,10,6247.8,4,0,0,0,4,0.2781,121.59
11,3,SemiTilt,6,10,7073.9,6,0,0,0,6,0.5895,174.65
11,3,SemiTilt,2,11,7344.1,2,0,0,1,3,0.5538,170.59
11,3,SemiTilt,4,11,6255.6,4,0,0,0,4,0.3283,133.04
11,3,SemiTilt,6,11,6446.2,6,0,0,0,6,0.6645,138.28
11,3,SemiTilt,2,12,5739.2,2,0,0,1,3,0.1911,228.39
11,3,SemiTilt,4,12,4511.7,4,0,1,0,3,0.7042,171.19
11,3,SemiTilt,6,12,5686.8,7,1,2,0,4,0.2532,102.25
11,3,SemiTilt,2,13,5104.8,2,0,0,0,2,0.286,155.32
11,3,SemiTilt,4,13,6495.5,4,0,0,0,4,0.4435,156.43
11,3,SemiTilt,6,13,6509.1,6,0,0,0,6,0.2217,6.68
11,3,SemiTilt,2,14,6578.4,2,0,0,1,3,0.0303,126.54
11,3,SemiTilt,4,14,5475.9,4,0,0,0,4,0.3048,110.67
11,3,SemiTilt,6,14,4907.4,6,0,1,1,6,0.4641,143.5
11,4,SemiSwipe,2,0,6106.1,2,0,0,0,2,0.3746,230.28
11,4,SemiSwipe,4,0,6080.0,4,0,0,0,4,0.2963,245.67
11,4,SemiSwipe,6,0,6726.4,7,1,0,1,7,0.5631,98.16
11,4,SemiSwipe,2,1,5826.8,2,0,0,0,2,0.3208,155.52
11,4,SemiSwipe,4,1,6079.4,4,0,0,0,4,0.2935,105.2
11,4,SemiSwipe,6,1,6838.3,6,0,0,0,6,0.6349,21.17
11,4,SemiSwipe,2,2,6134.0,2,0,0,1,3,0.3219,51.24
11,4,SemiSwipe,4,2,7618.9,4,0,0,0,4,0.5165,276.07
11,4,SemiSwipe,6,2,7985.7,6,0,0,0,6,0.0516,205.32
11,4,SemiSwipe,2,3,5860.8,2,0,0,0,2,0.2654,131.35
11,4,SemiSwipe,4,3,7097.1,4,0,0,0,4,0.0107,143.7
11,4,SemiSwipe,6,3,7903.8,6,0,0,1,7,0.184,60.34
11,4,SemiSwipe,2,4,5540.1,2,0,0,0,2,0.2571,101.18
11,4,SemiSwipe,4,4,7302.2,4,0,0,1,5,0.1808,22.91
11,4,SemiSwipe,6,4,6337.0,7,1,0,0,6,0.2626,73.45
11,4,SemiSwipe,2,5,6264.1,2,0,0,0,2,0.4514,143.48
11,4,SemiSwipe,4,5,7480.9,4,0,0,1,5,0.4104,150.85
11,4,SemiSwipe,6,5,6599.8,6,0,0,0,6,0.4385,160.8
11,4,SemiSwipe,2,6,5586.6,2,0,0,0,2,0.4067,174.34
11,4,SemiSwipe,4,6,6085.4,4,0,0,0,4,0.1484,186.79
11,4,SemiSwipe,6,6,7111.5,6,0,0,0,6,0.5935,54.46
11,4,SemiSwipe,2,7,6922.3,2,0,0,0,2,0.2601,179.46
11,4,SemiSwipe,4,7,6193.8,4,0,1,1,4,0.567,149.28
11,4,SemiSwipe,6,7,6314.9,6,0,0,0,6,0.3613,100.52
11,4,SemiSwipe,2,8,5867.0,2,0,0,0,2,0.532,166.75
11,4,SemiSwipe,4,8,6663.2,4,0,0,1,5,0.4677,33.53
11,4,SemiSwipe,6,8,6366.2,6,0,0,0,6,0.4879,162.52
11,4,SemiSwipe,2,9,5580.0,4,2,0,0,2,0.565,101.27
11,4,SemiSwipe,4,9,5272.8,4,0,0,1,5,0.4094,224.06
11,4,SemiSwipe,6,9,6315.3,6,0,0,0,6,0.3724,87.84
11,4,SemiSwipe,2,10,5973.0,2,0,0,1,3,0.5371,9.36
11,4,SemiSwipe,4,10,7242.2,4,0,0,1,5,0.5655,123.77
11,4,SemiSwipe,6,10,6567.8,7,1,0,0,6,0.3964,150.28
11,4,SemiSwipe,2,11,5687.6,2,0,1,0,1,0.3472,195.1
11,4,SemiSwipe,4,11,6138.9,5,1,0,0,4,0.6462,75.16
11,4,SemiSwipe,6,11,6109.9,6,0,0,0,6,0.6549,144.86
11,4,SemiSwipe,2,12,5899.8,2,0,0,0,2,0.1531,257.88
11,4,SemiSwipe,4,12,6448.9,4,0,0,0,4,0.4795,197.37
11,4,SemiSwipe,6,12,6527.2,7,1,0,0,6,0.1488,168.52
11,4,SemiSwipe,2,13,5809.9,2,0,0,1,3,0.4954,158.12
11,4,SemiSwipe,4,13,5675.0,4,0,1,1,4,0.3263,159.62
11,4,SemiSwipe,6,13,7176.4,7,1,0,0,6,0.3214,98.15
11,4,SemiSwipe,2,14,6063.8,2,0,0,1,3,0.4634,238.59
11,4,SemiSwipe,4,14,5928.4,4,0,0,1,5,0.1394,113.55
11,4,SemiSwipe,6,14,7380.0,7,1,0,0,6,0.1735,167.37
12,0,SemiDwell,2,0,4323.9,2,0,0,0,2,0.6121,155.73
12,0,SemiDwell,4,0,4366.9,4,0,0,1,5,0.4408,224.58
12,0,SemiDwell,6,0,5775.3,6,0,0,0,6,0.2853,127.84
12,0,SemiDwell,2,1,4737.4,2,0,0,0,2,0.5562,168.65
12,0,SemiDwell,4,1,4495.5,4,0,0,1,5,0.6217,107.02
12,0,SemiDwell,6,1,5011.6,6,0,0,0,6,0.0262,97.17
12,0,SemiDwell,2,2,5796.0,2,0,0,0,2,0.1825,40.63
12,0,SemiDwell,4,2,5818.9,4,0,0,0,4,0.081,47.23
12,0,SemiDwell,6,2,5006.0,6,0,0,0,6,0.3368,198.31
12,0,SemiDwell,2,3,4733.5,2,0,0,0,2,0.4319,152.25
12,0,SemiDwell,4,3,5189.7,4,0,0,0,4,0.2653,119.9
12,0,SemiDwell,6,3,5368.0,6,0,0,0,6,0.326,62.33
12,0,SemiDwell,2,4,5512.8,2,0,0,0,2,0.4477,178.23
12,0,SemiDwell,4,4,6292.9,4,0,0,0,4,0.1889,123.37
12,0,SemiDwell,6,4,6026.1,6,0,0,0,6,0.7243,309.35
12,0,SemiDwell,2,5,4498.2,2,0,0,1,3,0.5246,200.41
12,0,SemiDwell,4,5,4878.6,4,0,0,0,4,0.608,295.13
12,0,SemiDwell,6,5,5010.5,6,0,0,0,6,0.4558,82.85
12,0,SemiDwell,2,6,6195.8,2,0,0,0,2,0.3966,169.89
12,0,SemiDwell,4,6,5464.3,4,0,1,0,3,0.6159,212.78
12,0,SemiDwell,6,6,4963.3,6,0,0,0,6,0.2593,74.2
12,0,SemiDwell,2,7,5349.0,2,0,0,0,2,0.2747,78.99
12,0,SemiDwell,4,7,4830.9,4,0,0,1,5,0.4805,174.15
12,0,SemiDwell,6,7,4624.0,6,0,0,0,6,0.7181,317.94
12,0,SemiDwell,2,8,5512.1,2,0,0,1,3,0.3366,47.58
12,0,SemiDwell,4,8,4868.4,4,0,0,1,5,0.3442,145.73
12,0,SemiDwell,6,8,4416.6,6,0,0,0,6,0.4571,227.96
12,0,SemiDwell,2,9,4649.7,2,0,0,0,2,0.2382,98.92
12,0,SemiDwell,4,9,4049.9,4,0,0,0,4,0.3346,198.67
12,0,SemiDwell,6,9,5484.6,7,1,1,1,6,0.4177,112.03
12,0,SemiDwell,2,10,5074.4,2,0,0,1,3,0.4625,227.73
12,0,SemiDwell,4,10,4299.8,4,0,0,0,4,0.3381,183.48
12,0,SemiDwell,6,10,4642.3,6,0,0,0,6,0.2974,139.97
12,0,SemiDwell,2,11,3884.2,4,2,0,0,2,0.131,51.06
12,0,SemiDwell,4,11,4889.1,4,0,0,0,4,0.2273,173.01
12,0,SemiDwell,6,11,5703.1,7,1,0,0,6,0.5013,171.01
12,0,SemiDwell,2,12,5163.5,2,0,0,0,2,0.2965,133.56
12,0,SemiDwell,4,12,5633.3,5,1,0,0,4,0.3457,210.6
12,0,SemiDwell,6,12,5452.2,6,0,0,0,6,0.5822,192.44
12,0,SemiDwell,2,13,5134.9,2,0,0,0,2,0.4143,150.96
12,0,SemiDwell,4,13,5705.6,4,0,0,0,4,0.247,77.99
12,0,SemiDwell,6,13,5769.6,7,1,0,0,6,0.4127,108.74
12,0,SemiDwell,2,14,5477.4,2,0,1,1,2,0.4429,105.73
12,0,SemiDwell,4,14,5042.4,4,0,0,1,5,0.5558,192.34
12,0,SemiDwell,6,14,4023.8,6,0,0,1,7,0.5708,61.47
12,1,SemiNDH,2,0,5446.0,2,0,0,0,2,0.4052,36.48
12,1,SemiNDH,4,0,5727.7,4,0,0,0,4,0.4457,152.02
12,1,SemiNDH,6,0,4817.6,6,0,0,0,6,0.5458,189.88
12,1,SemiNDH,2,1,5089.5,2,0,0,0,2,0.2929,156.63
12,1,SemiNDH,4,1,5648.3,5,1,0,0,4,0.2653,136.49
12,1,SemiNDH,6,1,4917.8,6,0,0,1,7,0.4525,186.71
12,1,SemiNDH,2,2,5261.1,2,0,0,1,3,0.1428,231.78
12,1,SemiNDH,4,2,4226.5,4,0,0,0,4,0.6312,293.15
12,1,SemiNDH,6,2,4957.3,7,1,0,0,6,0.5027,238.96
12,1,SemiNDH,2,3,4843.2,2,0,0,1,3,0.3841,202.1
12,1,SemiNDH,4,3,4931.9,5,1,1,0,3,0.3044,140.08
12,1,SemiNDH,6,3,5868.5,7,1,0,0,6,0.4517,103.25
12,1,SemiNDH,2,4,5048.7,2,0,0,0,2,0.5879,220.79
12,1,SemiNDH,4,4,5409.4,4,0,0,0,4,0.2256,146.76
12,1,SemiNDH,6,4,4551.5,6,0,0,0,6,0.4503,214.86
12,1,SemiNDH,2,5,4808.2,2,0,0,0,2,0.5503,260.46
12,1,SemiNDH,4,5,4553.5,5,1,0,0,4,0.2376,157.38
12,1,SemiNDH,6,5,4868.0,6,0,0,0,6,0.5136,6.49
12,1,SemiNDH,2,6,3913.4,2,0,0,0,2,0.7169,305.05
12,1,SemiNDH,4,6,4838.8,5,1,0,1,5,0.2945,92.39
12,1,SemiNDH,6,6,5596.6,6,0,0,0,6,0.1832,137.38
12,1,SemiNDH,2,7,5341.0,2,0,0,1,3,0.1755,194.9
12,1,SemiNDH,4,7,6085.9,4,0,0,0,4,0.6158,165.69
12,1,SemiNDH,6,7,5435.8,6,0,0,0,6,0.0489,84.94
12,1,SemiNDH,2,8,5145.7,2,0,0,0,2,0.0673,101.74
12,1,SemiNDH,4,8,4906.5,4,0,0,1,5,0.2651,207.4
12,1,SemiNDH,6,8,4339.7,6,0,0,1,7,0.1795,102.0
12,1,SemiNDH,2,9,4626.8,3,1,1,1,2,0.4422,92.55
12,1,SemiNDH,4,9,4916.2,5,1,0,0,4,0.4695,186.46
12,1,SemiNDH,6,9,5088.2,6,0,0,0,6,0.2734,162.23
12,1,SemiNDH,2,10,5611.4,2,0,0,1,3,0.2893,127.75
12,1,SemiNDH,4,10,4373.3,4,0,0,0,4,0.2991,138.57
12,1,SemiNDH,6,10,3338.8,7,1,0,0,6,0.5909,100.52
12,1,SemiNDH,2,11,5455.5,2,0,0,1,3,0.7156,195.22
12,1,SemiNDH,4,11,4573.3,4,0,0,0,4,0.4693,132.39
12,1,SemiNDH,6,11,4983.2,6,0,0,0,6,0.5171,108.75
12,1,SemiNDH,2,12,5218.9,2,0,0,0,2,0.2994,26.3
12,1,SemiNDH,4,12,5122.7,4,0,0,0,4,0.573,137.63
12,1,SemiNDH,6,12,5253.6,6,0,0,1,7,0.5319,182.35
12,1,SemiNDH,2,13,5222.3,2,0,0,0,2,0.2546,190.23
12,1,SemiNDH,4,13,4540.6,5,1,1,0,3,0.3501,241.8
12,1,SemiNDH,6,13,4785.2,6,0,0,0,6,0.3332,207.86
12,1,SemiNDH,2,14,4961.7,2,0,0,0,2,0.4035,156.2
12,1,SemiNDH,4,14,5458.6,5,1,0,0,4,0.4786,119.51
12,1,SemiNDH,6,14,5028.4,6,0,0,0,6,0.3425,9.39
12,2,SemiSwipe,2,0,4731.0,2,0,0,0,2,0.4818,361.77
12,2,SemiSwipe,4,0,4653.5,4,0,0,0,4,0.4264,153.97
12,2,SemiSwipe,6,0,5059.6,6,0,1,0,5,0.1205,136.7
12,2,SemiSwipe,2,1,5336.1,2,0,0,0,2,0.4165,106.56
12,2,SemiSwipe,4,1,4698.5,4,0,0,0,4,0.3792,195.25
12,2,SemiSwipe,6,1,4530.3,6,0,0,0,6,0.3338,125.41
12,2,SemiSwipe,2,2,5864.5,2,0,0,0,2,0.2136,136.33
12,2,SemiSwipe,4,2,5676.9,4,0,0,1,5,0.243,69.12
12,2,SemiSwipe,6,2,5027.6,7,1,0,1,7,0.1746,130.98
12,2,SemiSwipe,2,3,5642.0,2,0,0,1,3,0.4876,228.29
12,2,SemiSwipe,4,3,4379.5,4,0,0,0,4,0.3399,62.11
12,2,SemiSwipe,6,3,5383.0,6,0,1,1,6,0.3474,128.68
12,2,SemiSwipe,2,4,4896.5,3,1,0,0,2,0.302,99.05
12,2,SemiSwipe,4,4,5056.3,4,0,1,0,3,0.5986,226.06
12,2,SemiSwipe,6,4,4674.0,6,0,0,0,6,0.6457,166.19
12,2,SemiSwipe,2,5,5345.7,2,0,0,1,3,0.1558,214.23
12,2,SemiSwipe,4,5,5533.3,4,0,0,0,4,0.2949,149.04
12,2,SemiSwipe,6,5,5362.1,6,0,1,0,5,0.4465,230.37
12,2,SemiSwipe,2,6,4592.3,2,0,0,0,2,0.3705,110.53
12,2,SemiSwipe,4,6,4292.9,4,0,0,1,5,0.4248,182.22
12,2,SemiSwipe,6,6,6772.6,6,0,0,1,7,0.262,146.07
12,2,SemiSwipe,2,7,4823.7,2,0,0,0,2,0.2385,184.23
12,2,SemiSwipe,4,7,5064.0,4,0,0,1,5,0.3069,157.3
12,2,SemiSwipe,6,7,5118.0,6,0,1,0,5,0.2007,144.87
12,2,SemiSwipe,2,8,3975.7,2,0,0,0,2,0.269,41.63
12,2,SemiSwipe,4,8,5710.5,5,1,0,0,4,0.3209,18.25
12,2,SemiSwipe,6,8,4744.9,6,0,0,0,6,0.5136,120.1
12,2,SemiSwipe,2,9,4275.3,3,1,0,0,2,0.5855,34.54
12,2,SemiSwipe,4,9,4962.6,4,0,0,1,5,0.3796,112.77
12,2,SemiSwipe,6,9,5875.0,6,0,2,0,4,0.5132,119.43
12,2,SemiSwipe,2,10,5425.2,3,1,0,0,2,0.4632,58.59
12,2,SemiSwipe,4,10,5352.0,4,0,1,0,3,0.2716,174.89
12,2,SemiSwipe,6,10,5788.1,6,0,0,0,6,0.0918,165.12
12,2,SemiSwipe,2,11,5154.5,2,0,0,1,3,0.2927,97.41
12,2,SemiSwipe,4,11,6194.3,5,1,0,1,5,0.4971,206.03
12,2,SemiSwipe,6,11,4584.4,6,0,0,0,6,0.4397,76.76
12,2,SemiSwipe,2,12,4999.8,3,1,0,0,2,0.6159,98.58
12,2,SemiSwipe,4,12,5257.1,4,0,0,0,4,0.4536,15.1
12,2,SemiSwipe,6,12,5763.5,7,1,0,0,6,0.4062,164.29
12,2,SemiSwipe,2,13,4875.7,2,0,0,0,2,0.9033,87.35
12,2,SemiSwipe,4,13,4400.6,4,0,0,0,4,0.2097,202.4
12,2,SemiSwipe,6,13,4222.7,6,0,0,0,6,0.493,109.09
12,2,SemiSwipe,2,14,5671.5,2,0,0,0,2,0.4974,157.71
12,2,SemiSwipe,4,14,5933.3,4,0,0,0,4,0.3768,105.03
12,2,SemiSwipe,6,14,4585.7,7,1,0,1,7,0.2636,179.98
12,3,FullDH,2,0,5569.4,2,0,0,1,3,0.411,102.07
12,3,FullDH,4,0,4714.7,4,0,0,0,4,0.5716,197.35
12,3,FullDH,6,0,5625.9,6,0,1,1,6,0.5576,105.78
12,3,FullDH,2,1,3849.6,2,0,0,0,2,0.3778,124.01
12,3,FullDH,4,1,4838.5,4,0,0,1,5,0.0289,193.17
12,3,FullDH,6,1,6054.5,6,0,0,1,7,0.4044,228.0
12,3,FullDH,2,2,4666.9,2,0,1,0,1,0.5025,183.22
12,3,FullDH,4,2,4709.7,4,0,0,1,5,0.4237,134.94
12,3,FullDH,6,2,4769.1,6,0,0,1,7,0.5682,106.64
12,3,FullDH,2,3,6063.8,2,0,0,0,2,0.2307,177.03
12,3,FullDH,4,3,5198.7,4,0,0,0,4,0.5391,201.88
12,3,FullDH,6,3,4968.5,7,1,0,0,6,0.5695,137.03
12,3,FullDH,2,4,4620.6,2,0,0,1,3,0.2114,160.36
12,3,FullDH,4,4,4551.9,4,0,0,1,5,0.4537,284.08
12,3,FullDH,6,4,4317.2,7,1,0,0,6,0.3067,142.52
12,3,FullDH,2,5,5512.4,2,0,0,0,2,0.2121,112.81
12,3,FullDH,4,5,5135.9,4,0,0,0,4,0.2982,149.79
12,3,FullDH,6,5,5225.8,7,1,1,0,5,0.5538,85.01
12,3,FullDH,2,6,5210.6,2,0,0,0,2,0.506,144.92
12,3,FullDH,4,6,5805.4,4,0,0,0,4,0.2412,176.18
12,3,FullDH,6,6,4739.9,6,0,1,0,5,0.3585,152.23
12,3,FullDH,2,7,5105.9,2,0,0,1,3,0.4961,260.47
12,3,FullDH,4,7,4529.1,4,0,0,0,4,0.7163,150.05
12,3,FullDH,6,7,5218.6,6,0,0,0,6,0.009,92.12
12,3,FullDH,2,8,4460.8,2,0,0,0,2,0.4341,71.4
12,3,FullDH,4,8,4611.5,4,0,0,0,4,0.6656,114.85
12,3,FullDH,6,8,4589.7,6,0,0,1,7,0.5545,194.69
12,3,FullDH,2,9,4487.5,2,0,0,0,2,0.3921,151.85
12,3,FullDH,4,9,5811.7,5,1,0,0,4,0.3447,108.75
12,3,FullDH,6,9,4758.2,6,0,0,0,6,0.3325,104.63
12,3,FullDH,2,10,4597.4,2,0,0,0,2,0.3819,131.7
12,3,FullDH,4,10,4809.3,4,0,0,0,4,0.2423,78.74
12,3,FullDH,6,10,5346.0,6,0,0,0,6,0.2575,74.72
12,3,FullDH,2,11,5385.0,2,0,0,0,2,0.3065,193.05
12,3,FullDH,4,11,5017.5,4,0,0,0,4,0.6499,49.45
12,3,FullDH,6,11,4614.0,7,1,0,0,6,0.4764,160.82
12,3,FullDH,2,12,6035.2,2,0,1,1,2,0.4035,171.16
12,3,FullDH,4,12,5277.7,4,0,0,0,4,0.227,225.95
12,3,FullDH,6,12,5374.4,6,0,1,1,6,0.2974,29.67
12,3,FullDH,2,13,4862.2,2,0,0,0,2,0.4371,193.23
12,3,FullDH,4,13,5031.8,4,0,0,0,4,0.5736,179.93
12,3,FullDH,6,13,4918.7,6,0,0,0,6,0.372,170.47
12,3,FullDH,2,14,4550.3,2,0,0,1,3,0.5047,195.35
12,3,FullDH,4,14,5158.7,4,0,1,1,4,0.406,266.43
12,3,FullDH,6,14,3947.0,6,0,0,0,6,0.4778,92.19
12,4,SemiTilt,2,0,5535.7,2,0,0,1,3,0.3469,21.75
12,4,SemiTilt,4,0,5039.4,4,0,0,0,4,0.5245,168.0
12,4,SemiTilt,6,0,4988.2,8,2,0,0,6,0.3207,232.48
12,4,SemiTilt,2,1,5407.9,2,0,0,1,3,0.3196,196.66
12,4,SemiTilt,4,1,5694.7,5,1,0,0,4,0.2727,68.35
12,4,SemiTilt,6,1,4915.9,7,1,0,0,6,0.088,126.7
12,4,SemiTilt,2,2,5727.0,2,0,0,0,2,0.326,260.09
12,4,SemiTilt,4,2,4570.6,4,0,0,1,5,0.4535,217.03
12,4,SemiTilt,6,2,4459.6,6,0,0,0,6,0.504,169.95
12,4,SemiTilt,2,3,4570.4,2,0,1,0,1,0.3618,58.46
12,4,SemiTilt,4,3,4978.1,4,0,0,0,4,0.3758,98.73
12,4,SemiTilt,6,3,5664.2,6,0,0,0,6,0.246,194.58
12,4,SemiTilt,2,4,3906.3,2,0,0,0,2,0.1791,220.66
12,4,SemiTilt,4,4,5956.9,5,1,0,0,4,0.1695,144.68
12,4,SemiTilt,6,4,4555.4,6,0,0,0,6,0.0291,167.64
12,4,SemiTilt,2,5,4853.5,2,0,0,1,3,0.4289,135.04
12,4,SemiTilt,4,5,4226.1,5,1,1,0,3,0.3579,185.44
12,4,SemiTilt,6,5,5192.3,6,0,1,0,5,0.2687,175.58
12,4,SemiTilt,2,6,6025.7,2,0,0,0,2,0.2549,165.91
12,4,SemiTilt,4,6,5428.9,5,1,0,1,5,0.1684,203.46
12,4,SemiTilt,6,6,5032.1,7,1,1,0,5,0.0675,186.14
12,4,SemiTilt,2,7,4589.9,2,0,0,0,2,0.3744,104.37
12,4,SemiTilt,4,7,4329.0,4,0,0,0,4,0.2697,150.73
12,4,SemiTilt,6,7,4276.5,6,0,0,0,6,0.2552,173.45
12,4,SemiTilt,2,8,5014.9,3,1,0,0,2,0.4505,115.03
12,4,SemiTilt,4,8,5768.3,5,1,0,0,4,0.2371,192.57
12,4,SemiTilt,6,8,5922.1,6,0,0,1,7,0.2987,166.82
12,4,SemiTilt,2,9,5340.2,2,0,0,1,3,0.4078,193.26
12,4,SemiTilt,4,9,5205.1,4,0,0,0,4,0.4682,192.87
12,4,SemiTilt,6,9,4710.8,7,1,0,0,6,0.3839,41.94
12,4,SemiTilt,2,10,4569.5,2,0,0,0,2,0.2767,99.98
12,4,SemiTilt,4,10,4538.1,4,0,0,0,4,0.2008,83.51
12,4,SemiTilt,6,10,4277.4,6,0,0,0,6,0.2064,52.86
12,4,SemiTilt,2,11,4447.5,2,0,0,0,2,0.0353,142.09
12,4,SemiTilt,4,11,4613.1,5,1,0,0,4,0.3714,143.9
12,4,SemiTilt,6,11,5429.7,7,1,1,1,6,0.4999,242.75
12,4,SemiTilt,2,12,5913.8,2,0,1,0,1,0.0056,118.97
12,4,SemiTilt,4,12,4999.2,4,0,0,0,4,0.3761,114.4
12,4,SemiTilt,6,12,5152.6,7,1,0,0,6,0.1867,65.45
12,4,SemiTilt,2,13,5141.6,2,0,0,0,2,0.1141,189.47
12,4,SemiTilt,4,13,5445.5,4,0,0,0,4,0.3961,250.88
12,4,SemiTilt,6,13,6010.2,6,0,0,0,6,0.2281,147.27
12,4,SemiTilt,2,14,5336.1,2,0,0,0,2,0.2577,242.27
12,4,SemiTilt,4,14,4372.5,4,0,0,0,4,0.5921,142.16
12,4,SemiTilt,6,14,5232.3,7,1,1,0,5,0.6511,96.45
13,0,SemiSwipe,2,0,4258.4,3,1,1,1,2,0.2949,183.99
13,0,SemiSwipe,4,0,5086.4,5,1,0,0,4,0.5376,167.24
13,0,SemiSwipe,6,0,5186.1,6,0,0,0,6,0.3706,116.41
13,0,SemiSwipe,2,1,5618.5,2,0,0,0,2,0.6187,187.49
13,0,SemiSwipe,4,1,5016.1,5,1,0,0,4,0.3666,197.74
13,0,SemiSwipe,6,1,4873.1,6,0,0,0,6,0.3437,100.6
13,0,SemiSwipe,2,2,4409.3,2,0,0,0,2,0.15,166.78
13,0,SemiSwipe,4,2,4743.9,5,1,0,0,4,0.4799,154.69
13,0,SemiSwipe,6,2,3110.8,7,1,2,1,5,0.3458,141.95
13,0,SemiSwipe,2,3,4840.6,2,0,0,1,3,0.4887,109.1
13,0,SemiSwipe,4,3,3792.0,5,1,0,0,4,0.4163,137.61
13,0,SemiSwipe,6,3,4647.8,6,0,0,1,7,0.6367,89.3
13,0,SemiSwipe,2,4,5550.3,2,0,0,0,2,0.1104,171.2
13,0,SemiSwipe,4,4,5265.4,4,0,0,1,5,0.4055,194.92
13,0,SemiSwipe,6,4,5338.2,6,0,0,1,7,0.4004,141.53
13,0,SemiSwipe,2,5,4291.8,2,0,0,0,2,0.3685,116.31
13,0,SemiSwipe,4,5,4486.0,4,0,0,0,4,0.2539,195.81
13,0,SemiSwipe,6,5,4196.1,6,0,1,0,5,0.5452,147.14
13,0,SemiSwipe,2,6,5041.1,2,0,0,1,3,0.3386,1.11
13,0,SemiSwipe,4,6,5240.0,4,0,0,0,4,0.4786,116.32
13,0,SemiSwipe,6,6,4714.1,7,1,1,0,5,0.247,160.79
13,0,SemiSwipe,2,7,3674.7,2,0,0,1,3,0.5426,179.91
13,0,SemiSwipe,4,7,4619.2,4,0,0,0,4,0.2654,218.96
13,0,SemiSwipe,6,7,3485.4,8,2,0,0,6,0.5556,173.64
13,0,SemiSwipe,2,8,4307.6,2,0,0,1,3,0.2702,230.66
13,0,SemiSwipe,4,8,5256.5,4,0,0,1,5,0.4807,277.08
13,0,SemiSwipe,6,8,4734.6,7,1,0,0,6,0.5434,246.67
13,0,SemiSwipe,2,9,4117.0,2,0,0,0,2,0.4656,93.29
13,0,SemiSwipe,4,9,4698.3,4,0,0,1,5,0.4709,108.39
13,0,SemiSwipe,6,9,4558.7,6,0,2,0,4,0.6094,180.5
13,0,SemiSwipe,2,10,5349.0,2,0,0,1,3,0.4817,221.45
13,0,SemiSwipe,4,10,4426.2,4,0,0,0,4,0.4694,148.33
13,0,SemiSwipe,6,10,4465.3,6,0,2,0,4,0.5081,202.88
13,0,SemiSwipe,2,11,5500.1,2,0,0,1,3,0.4822,134.38
13,0,SemiSwipe,4,11,4161.1,4,0,0,0,4,0.2652,131.75
13,0,SemiSwipe,6,11,4880.8,7,1,0,0,6,0.3952,96.08
13,0,SemiSwipe,2,12,4071.3,4,2,0,0,2,0.5224,144.72
13,0,SemiSwipe,4,12,5125.1,5,1,0,0,4,0.3231,56.93
13,0,SemiSwipe,6,12,4193.2,7,1,0,0,6,0.1994,126.62
13,0,SemiSwipe,2,13,4955.1,2,0,0,0,2,0.306,197.43
13,0,SemiSwipe,4,13,4495.8,4,0,0,0,4,0.3328,109.06
13,0,SemiSwipe,6,13,3898.9,6,0,0,0,6,0.5361,28.78
13,0,SemiSwipe,2,14,4547.1,2,0,0,0,2,0.3876,137.68
13,0,SemiSwipe,4,14,3853.0,4,0,1,0,3,0.4087,171.75
13,0,SemiSwipe,6,14,4934.6,7,1,0,0,6,0.2445,67.13
13,1,SemiDwell,2,0,3974.6,2,0,0,1,3,0.4466,158.15
13,1,SemiDwell,4,0,3881.6,4,0,1,0,3,0.546,55.12
13,1,SemiDwell,6,0,5362.6,6,0,0,0,6,0.3197,192.24
13,1,SemiDwell,2,1,3595.5,2,0,0,0,2,0.4387,133.06
13,1,SemiDwell,4,1,3929.2,4,0,0,0,4,0.4663,155.82
13,1,SemiDwell,6,1,4819.5,7,1,0,0,6,0.448,208.14
13,1,SemiDwell,2,2,4125.4,2,0,0,0,2,0.4644,127.98
13,1,SemiDwell,4,2,4537.1,4,0,0,0,4,0.4423,268.91
13,1,SemiDwell,6,2,5529.6,7,1,0,0,6,0.5274,180.6
13,1,SemiDwell,2,3,4977.3,2,0,0,0,2,0.2708,185.65
13,1,SemiDwell,4,3,4938.8,4,0,0,0,4,0.2054,135.83
13,1,SemiDwell,6,3,4804.7,7,1,0,0,6,0.2631,56.85
13,1,SemiDwell,2,4,4553.2,2,0,0,1,3,0.2098,187.39
13,1,SemiDwell,4,4,3848.9,4,0,0,0,4,0.1819,134.6
13,1,SemiDwell,6,4,4386.9,7,1,0,0,6,0.3908,179.32
13,1,SemiDwell,2,5,4051.9,2,0,0,0,2,0.193,211.55
13,1,SemiDwell,4,5,4347.9,4,0,0,0,4,0.4223,80.45
13,1,SemiDwell,6,5,4914.3,6,0,1,0,5,0.2264,151.66
13,1,SemiDwell,2,6,4699.0,3,1,0,0,2,0.3447,88.69
13,1,SemiDwell,4,6,4554.9,4,0,0,0,4,0.3818,101.64
13,1,SemiDwell,6,6,4108.2,7,1,0,1,7,0.4863,158.92
13,1,SemiDwell,2,7,5158.8,2,0,0,0,2,0.4659,194.73
13,1,SemiDwell,4,7,4328.6,4,0,0,0,4,0.4405,176.47
13,1,SemiDwell,6,7,5362.6,7,1,0,0,6,0.5457,145.79
13,1,SemiDwell,2,8,3990.5,2,0,0,0,2,0.335,173.97
13,1,SemiDwell,4,8,5095.1,4,0,0,1,5,0.281,115.2
13,1,SemiDwell,6,8,5322.8,6,0,0,0,6,0.3205,117.54
13,1,SemiDwell,2,9,3743.2,2,0,1,0,1,0.3777,151.78
13,1,SemiDwell,4,9,3678.3,4,0,0,0,4,0.2252,183.06
13,1,SemiDwell,6,9,4194.3,6,0,0,0,6,0.151,170.59
13,1,SemiDwell,2,10,5217.9,2,0,0,0,2,0.2261,46.59
13,1,SemiDwell,4,10,3996.6,4,0,0,0,4,0.2845,79.06
13,1,SemiDwell,6,10,4034.6,6,0,1,0,5,0.6371,220.06
13,1,SemiDwell,2,11,3889.9,2,0,0,0,2,0.198,117.15
13,1,SemiDwell,4,11,5155.8,4,0,0,0,4,0.5284,253.31
13,1,SemiDwell,6,11,4899.7,6,0,0,0,6,0.5846,263.03
13,1,SemiDwell,2,12,4477.5,2,0,0,1,3,0.4486,291.5
13,1,SemiDwell,4,12,3075.4,4,0,0,0,4,0.3476,125.73
13,1,SemiDwell,6,12,4903.5,6,0,0,0,6,0.4245,114.64
13,1,SemiDwell,2,13,4576.0,2,0,0,1,3,0.3813,289.46
13,1,SemiDwell,4,13,4586.4,4,0,0,0,4,0.1254,13.38
13,1,SemiDwell,6,13,3957.5,7,1,0,0,6,0.281,100.94
13,1,SemiDwell,2,14,4431.4,2,0,0,0,2,0.2059,189.31
13,1,SemiDwell,4,14,4126.9,4,0,0,1,5,0.3635,130.08
13,1,SemiDwell,6,14,3730.1,6,0,1,0,5,0.3854,250.92
13,2,SemiTilt,2,0,4773.2,2,0,0,0,2,0.5268,271.11
13,2,SemiTilt,4,0,4001.5,4,0,0,0,4,0.4241,158.57
13,2,SemiTilt,6,0,4235.0,6,0,0,1,7,0.3235,180.64
13,2,SemiTilt,2,1,3483.8,2,0,0,0,2,0.4583,158.97
13,2,SemiTilt,4,1,4876.5,4,0,0,0,4,0.3886,104.55
13,2,SemiTilt,6,1,3580.5,6,0,0,0,6,0.476,132.85
13,2,SemiTilt,2,2,4839.1,2,0,0,0,2,0.4814,92.09
13,2,SemiTilt,4,2,4807.3,4,0,0,0,4,0.3445,62.08
13,2,SemiTilt,6,2,4130.2,7,1,0,0,6,0.1018,50.78
13,2,SemiTilt,2,3,3906.9,2,0,0,0,2,0.4813,139.35
13,2,SemiTilt,4,3,4510.7,4,0,0,0,4,0.4773,102.16
13,2,SemiTilt,6,3,5264.5,6,0,0,1,7,0.3669,126.08
13,2,SemiTilt,2,4,4106.7,2,0,0,1,3,0.5511,183.58
13,2,SemiTilt,4,4,3224.0,4,0,0,0,4,0.4208,118.06
13,2,SemiTilt,6,4,5582.6,6,0,0,0,6,0.1583,140.03
13,2,SemiTilt,2,5,3311.9,2,0,0,0,2,0.7025,178.38
13,2,SemiTilt,4,5,3995.4,4,0,1,0,3,0.506,219.56
13,2,SemiTilt,6,5,4619.1,6,0,0,1,7,0.5165,150.36
13,2,SemiTilt,2,6,3560.4,2,0,0,0,2,0.5257,123.71
13,2,SemiTilt,4,6,3676.4,4,0,0,0,4,0.4722,254.53
13,2,SemiTilt,6,6,5249.4,7,1,0,0,6,0.5587,94.68
13,2,SemiTilt,2,7,3788.2,2,0,0,1,3,0.2111,171.8
13,2,SemiTilt,4,7,4304.3,4,0,0,0,4,0.6056,2.2
13,2,SemiTilt,6,7,4925.8,6,0,0,0,6,0.4318,135.82
13,2,SemiTilt,2,8,5117.5,2,0,0,0,2,0.6733,132.86
13,2,SemiTilt,4,8,4365.9,5,1,0,0,4,0.6392,229.33
13,2,SemiTilt,6,8,3553.5,6,0,0,0,6,0.3687,87.84
13,2,SemiTilt,2,9,3808.1,2,0,0,0,2,0.3881,217.42
13,2,SemiTilt,4,9,4309.7,4,0,0,0,4,0.2774,202.23
13,2,SemiTilt,6,9,4287.7,6,0,1,0,5,0.2776,28.14
13,2,SemiTilt,2,10,4319.1,3,1,0,0,2,0.3137,66.53
13,2,SemiTilt,4,10,3393.6,4,0,0,0,4,0.4775,14.21
13,2,SemiTilt,6,10,3583.8,7,1,0,1,7,0.3084,153.58
13,2,SemiTilt,2,11,5406.6,2,0,0,0,2,0.161,86.89
13,2,SemiTilt,4,11,4226.2,4,0,0,1,5,0.4016,182.0
13,2,SemiTilt,6,11,3919.9,6,0,0,0,6,0.4033,110.59
13,2,SemiTilt,2,12,3886.4,2,0,0,0,2,0.5956,64.07
13,2,SemiTilt,4,12,3863.6,4,0,1,0,3,0.4064,179.99
13,2,SemiTilt,6,12,4546.1,6,0,0,0,6,0.1836,180.77
13,2,SemiTilt,2,13,3217.6,2,0,0,0,2,0.4417,187.34
13,2,SemiTilt,4,13,4719.6,4,0,0,0,4,0.2804,77.93
13,2,SemiTilt,6,13,4771.0,6,0,0,0,6,0.339,121.41
13,2,SemiTilt,2,14,4497.3,2,0,0,0,2,0.4098,125.02
13,2,SemiTilt,4,14,4762.2,4,0,0,0,4,0.4651,234.1
13,2,SemiTilt,6,14,3456.9,6,0,0,1,7,0.5684,217.64
13,3,SemiNDH,2,0,4460.2,2,0,0,1,3,0.5359,181.88
13,3,SemiNDH,4,0,4818.6,4,0,0,0,4,0.3953,45.03
13,3,SemiNDH,6,0,4364.6,6,0,0,0,6,0.6106,47.79
13,3,SemiNDH,2,1,4676.9,2,0,0,1,3,0.4233,197.44
13,3,SemiNDH,4,1,5247.4,4,0,0,0,4,0.3537,171.86
13,3,SemiNDH,6,1,4081.4,6,0,0,0,6,0.4348,207.03
13,3,SemiNDH,2,2,3723.8,2,0,0,1,3,0.4972,160.06
13,3,SemiNDH,4,2,5552.5,4,0,0,0,4,0.3644,177.14
13,3,SemiNDH,6,2,4248.6,6,0,0,0,6,0.4659,136.73
13,3,SemiNDH,2,3,4661.6,2,0,0,0,2,0.6941,181.41
13,3,SemiNDH,4,3,3887.2,4,0,0,0,4,0.237,169.19
13,3,SemiNDH,6,3,4194.8,6,0,0,0,6,0.6156,188.03
13,3,SemiNDH,2,4,4605.1,2,0,0,0,2,0.518,143.2
13,3,SemiNDH,4,4,4651.0,4,0,0,1,5,0.3978,144.18
13,3,SemiNDH,6,4,3239.4,6,0,0,0,6,0.4136,144.35
13,3,SemiNDH,2,5,4502.7,2,0,0,0,2,0.3773,80.92
13,3,SemiNDH,4,5,3478.9,4,0,0,0,4,0.4512,109.52
13,3,SemiNDH,6,5,4504.7,6,0,0,0,6,0.5754,104.7
13,3,SemiNDH,2,6,3769.8,2,0,0,0,2,0.2478,131.26
13,3,SemiNDH,4,6,5561.2,4,0,0,0,4,0.5268,157.75
13,3,SemiNDH,6,6,3811.2,6,0,0,0,6,0.296,111.85
13,3,SemiNDH,2,7,4482.0,2,0,0,0,2,0.4899,217.82
13,3,SemiNDH,4,7,5182.2,4,0,1,0,3,0.4345,84.47
13,3,SemiNDH,6,7,4844.0,6,0,0,0,6,0.4367,177.98
13,3,SemiNDH,2,8,4637.4,3,1,0,0,2,0.2512,247.96
13,3,SemiNDH,4,8,4166.4,4,0,0,0,4,0.1356,236.79
13,3,SemiNDH,6,8,3890.2,6,0,1,0,5,0.4081,144.35
13,3,SemiNDH,2,9,3883.0,3,1,0,0,2,0.4429,324.48
13,3,SemiNDH,4,9,4711.9,4,0,0,0,4,0.1417,134.54
13,3,SemiNDH,6,9,5178.5,6,0,0,1,7,0.4181,206.01
13,3,SemiNDH,2,10,4231.9,2,0,0,0,2,0.5769,152.71
13,3,SemiNDH,4,10,3743.0,4,0,0,0,4,0.6594,134.48
13,3,SemiNDH,6,10,4308.3,6,0,0,1,7,0.3257,146.67
13,3,SemiNDH,2,11,3829.7,2,0,0,0,2,0.4208,159.76
13,3,SemiNDH,4,11,4776.6,4,0,0,0,4,0.4182,110.04
13,3,SemiNDH,6,11,4256.5,6,0,0,0,6,0.3686,192.82
13,3,SemiNDH,2,12,4679.9,2,0,0,0,2,0.4919,219.77
13,3,SemiNDH,4,12,4542.0,4,0,0,0,4,0.5147,91.65
13,3,SemiNDH,6,12,5033.5,6,0,0,0,6,0.3946,221.22
13,3,SemiNDH,2,13,4400.4,2,0,0,0,2,0.151,272.98
13,3,SemiNDH,4,13,4699.0,4,0,0,0,4,0.1866,177.96
13,3,SemiNDH,6,13,5792.0,6,0,0,1,7,0.5202,200.25
13,3,SemiNDH,2,14,4958.1,3,1,0,1,3,0.5142,201.91
13,3,SemiNDH,4,14,4417.9,4,0,0,0,4,0.1593,246.84
13,3,SemiNDH,6,14,4779.8,6,0,0,1,7,0.4413,36.86
13,4,FullDH,2,0,4517.1,2,0,0,0,2,0.3831,156.28
13,4,FullDH,4,0,4932.2,4,0,0,0,4,0.2557,182.53
13,4,FullDH,6,0,5157.6,6,0,0,0,6,0.4143,208.55
13,4,FullDH,2,1,3587.1,2,0,0,0,2,0.4981,135.56
13,4,FullDH,4,1,4878.9,4,0,1,0,3,0.5655,188.19
13,4,FullDH,6,1,5097.4,7,1,0,0,6,0.5906,189.46
13,4,FullDH,2,2,5179.0,2,0,0,1,3,0.1232,166.3
13,4,FullDH,4,2,4421.1,4,0,0,0,4,0.6212,189.25
13,4,FullDH,6,2,5926.0,6,0,0,0,6,0.45,9.71
13,4,FullDH,2,3,5417.7,2,0,0,0,2,0.2499,121.93
13,4,FullDH,4,3,4381.4,4,0,0,0,4,0.4546,170.67
13,4,FullDH,6,3,4951.5,6,0,0,0,6,0.2459,65.9
13,4,FullDH,2,4,3560.2,2,0,1,0,1,0.3217,199.22
13,4,FullDH,4,4,4697.5,4,0,0,0,4,0.3986,177.52
13,4,FullDH,6,4,4760.4,6,0,0,0,6,0.512,197.51
13,4,FullDH,2,5,4169.6,2,0,0,1,3,0.4734,124.21
13,4,FullDH,4,5,4813.7,4,0,0,0,4,0.3715,57.47
13,4,FullDH,6,5,4492.8,6,0,1,0,5,0.4171,20.85
13,4,FullDH,2,6,4075.8,2,0,0,1,3,0.1444,197.87
13,4,FullDH,4,6,4782.1,4,0,0,0,4,0.4281,220.9
13,4,FullDH,6,6,4244.0,6,0,0,0,6,0.2945,247.01
13,4,FullDH,2,7,4059.8,2,0,0,0,2,0.0961,122.96
13,4,FullDH,4,7,3390.4,4,0,0,0,4,0.4691,273.05
13,4,FullDH,6,7,4190.0,6,0,0,0,6,0.2424,150.23
13,4,FullDH,2,8,3828.5,2,0,0,0,2,0.3839,46.09
13,4,FullDH,4,8,4696.4,4,0,0,0,4,0.3035,204.26
13,4,FullDH,6,8,4094.4,6,0,0,1,7,0.2574,223.3
13,4,FullDH,2,9,4093.6,2,0,1,0,1,0.1297,206.05
13,4,FullDH,4,9,4879.9,4,0,0,0,4,0.4357,180.15
13,4,FullDH,6,9,3011.1,6,0,0,0,6,0.3444,114.33
13,4,FullDH,2,10,4324.7,2,0,0,1,3,0.222,253.05
13,4,FullDH,4,10,4733.6,5,1,0,0,4,0.2376,148.39
13,4,FullDH,6,10,4506.7,7,1,0,0,6,0.2922,166.3
13,4,FullDH,2,11,3472.1,2,0,0,0,2,0.4885,183.29
13,4,FullDH,4,11,3745.8,4,0,1,0,3,0.4851,228.14
13,4,FullDH,6,11,4965.8,6,0,0,1,7,0.4965,109.46
13,4,FullDH,2,12,3444.0,2,0,0,0,2,0.5544,221.07
13,4,FullDH,4,12,4821.0,4,0,0,0,4,0.3082,167.42
13,4,FullDH,6,12,4324.7,6,0,1,1,6,0.7423,13.49
13,4,FullDH,2,13,4423.5,2,0,1,0,1,0.3819,98.8
13,4,FullDH,4,13,4400.0,5,1,0,1,5,0.3375,119.82
13,4,FullDH,6,13,4584.4,6,0,0,1,7,0.3611,60.99
13,4,FullDH,2,14,4200.9,3,1,0,0,2,0.5255,220.25
13,4,FullDH,4,14,4298.8,4,0,0,0,4,0.6213,154.26
13,4,FullDH,6,14,4536.5,6,0,0,0,6,0.5789,208.98
14,0,SemiTilt,2,0,6221.1,2,0,0,1,3,0.4582,138.83
14,0,SemiTilt,4,0,5566.7,4,0,0,0,4,0.4246,145.66
14,0,SemiTilt,6,0,6813.0,7,1,0,0,6,0.068,228.71
14,0,SemiTilt,2,1,5932.8,2,0,0,1,3,0.2412,314.51
14,0,SemiTilt,4,1,6726.7,4,0,0,1,5,0.529,241.17
14,0,SemiTilt,6,1,6906.8,6,0,0,0,6,0.6095,215.43
14,0,SemiTilt,2,2,6106.5,2,0,0,0,2,0.0987,50.49
14,0,SemiTilt,4,2,5795.8,4,0,0,0,4,0.4674,121.9
14,0,SemiTilt,6,2,5900.7,7,1,0,0,6,0.3691,160.53
14,0,SemiTilt,2,3,5515.9,2,0,0,1,3,0.2734,73.34
14,0,SemiTilt,4,3,6549.0,4,0,0,0,4,0.212,144.13
14,0,SemiTilt,6,3,5921.5,6,0,0,0,6,0.4628,82.68
14,0,SemiTilt,2,4,6777.3,2,0,0,0,2,0.3325,252.24
14,0,SemiTilt,4,4,7732.5,4,0,0,1,5,0.6225,196.12
14,0,SemiTilt,6,4,6260.9,6,0,0,0,6,0.6414,83.27
14,0,SemiTilt,2,5,5434.4,2,0,0,0,2,0.3351,30.73
14,0,SemiTilt,4,5,7098.1,4,0,0,0,4,0.2794,69.69
14,0,SemiTilt,6,5,5464.8,6,0,0,0,6,0.2523,253.29
14,0,SemiTilt,2,6,6740.6,2,0,1,0,1,0.3647,157.95
14,0,SemiTilt,4,6,5763.3,5,1,0,0,4,0.4474,71.12
14,0,SemiTilt,6,6,6340.2,6,0,0,0,6,0.5259,95.02
14,0,SemiTilt,2,7,6442.6,2,0,0,1,3,0.4565,174.59
14,0,SemiTilt,4,7,5654.9,6,2,0,1,5,0.3821,155.21
14,0,SemiTilt,6,7,5081.5,6,0,0,0,6,0.23,206.53
14,0,SemiTilt,2,8,5701.7,2,0,1,1,2,0.3566,198.12
14,0,SemiTilt,4,8,6878.1,4,0,0,0,4,0.4145,88.67
14,0,SemiTilt,6,8,6766.2,8,2,0,1,7,0.5314,113.94
14,0,SemiTilt,2,9,6293.0,2,0,0,0,2,0.25,128.16
14,0,SemiTilt,4,9,6723.3,4,0,0,0,4,0.3582,189.05
14,0,SemiTilt,6,9,6148.8,6,0,1,0,5,0.3939,169.37
14,0,SemiTilt,2,10,6708.2,2,0,0,0,2,0.4968,248.86
14,0,SemiTilt,4,10,7155.2,4,0,0,0,4,0.3752,134.24
14,0,SemiTilt,6,10,6906.7,6,0,1,0,5,0.3938,213.65
14,0,SemiTilt,2,11,6464.0,2,0,0,0,2,0.5134,86.15
14,0,SemiTilt,4,11,6643.2,4,0,0,1,5,0.4412,168.78
14,0,SemiTilt,6,11,6237.0,6,0,0,0,6,0.2632,27.04
14,0,SemiTilt,2,12,5314.3,2,0,0,0,2,0.5111,134.4
14,0,SemiTilt,4,12,5895.9,5,1,0,0,4,0.3336,190.34
14,0,SemiTilt,6,12,7044.1,6,0,1,0,5,0.2145,159.58
14,0,SemiTilt,2,13,7504.1,2,0,0,1,3,0.2083,202.59
14,0,SemiTilt,4,13,6088.7,4,0,0,0,4,0.5464,201.02
14,0,SemiTilt,6,13,6818.4,6,0,0,1,7,0.0904,188.16
14,0,SemiTilt,2,14,5691.5,2,0,0,0,2,0.5393,161.72
14,0,SemiTilt,4,14,5817.9,4,0,1,0,3,0.4552,161.33
14,0,SemiTilt,6,14,6796.0,7,1,0,0,6,0.5132,52.98
14,1,SemiSwipe,2,0,5503.2,2,0,0,1,3,0.3428,158.51
14,1,SemiSwipe,4,0,6295.4,4,0,0,0,4,0.1954,176.98
14,1,SemiSwipe,6,0,6399.1,6,0,1,1,6,0.5128,188.1
14,1,SemiSwipe,2,1,6293.0,2,0,0,0,2,0.5093,108.21
14,1,SemiSwipe,4,1,6210.4,4,0,0,0,4,0.7151,158.29
14,1,SemiSwipe,6,1,6744.7,6,0,0,0,6,0.4536,180.67
14,1,SemiSwipe,2,2,6056.6,2,0,0,0,2,0.4536,110.51
14,1,SemiSwipe,4,2,5874.9,4,0,0,0,4,0.5101,192.32
14,1,SemiSwipe,6,2,6458.7,6,0,0,0,6,0.4528,85.53
14,1,SemiSwipe,2,3,7473.4,2,0,0,0,2,0.0744,174.84
14,1,SemiSwipe,4,3,5887.7,4,0,0,0,4,0.4538,161.21
14,1,SemiSwipe,6,3,6132.8,8,2,0,1,7,0.4838,168.15
14,1,SemiSwipe,2,4,5264.9,2,0,0,0,2,0.2171,62.24
14,1,SemiSwipe,4,4,6279.2,4,0,0,0,4,0.3907,148.71
14,1,SemiSwipe,6,4,5178.5,6,0,1,0,5,0.6234,216.37
14,1,SemiSwipe,2,5,6933.9,2,0,0,0,2,0.3304,209.27
14,1,SemiSwipe,4,5,6093.1,5,1,0,0,4,0.2214,148.15
14,1,SemiSwipe,6,5,5969.8,6,0,0,0,6,0.2573,193.91
14,1,SemiSwipe,2,6,5559.1,2,0,0,0,2,0.4435,92.77
14,1,SemiSwipe,4,6,6849.3,4,0,1,1,4,0.2205,197.13
14,1,SemiSwipe,6,6,6474.8,7,1,1,0,5,0.6807,166.36
14,1,SemiSwipe,2,7,7280.5,2,0,0,0,2,0.4892,223.83
14,1,SemiSwipe,4,7,5601.5,5,1,0,0,4,0.6297,180.61
14,1,SemiSwipe,6,7,6591.4,7,1,0,0,6,0.2063,242.92
14,1,SemiSwipe,2,8,6907.2,2,0,1,0,1,0.472,119.38
14,1,SemiSwipe,4,8,6207.9,4,0,0,1,5,0.4404,102.01
14,1,SemiSwipe,6,8,6190.3,6,0,0,0,6,0.436,52.07
14,1,SemiSwipe,2,9,6000.8,2,0,0,0,2,0.3449,87.46
14,1,SemiSwipe,4,9,5641.0,4,0,0,0,4,0.5247,163.4
14,1,SemiSwipe,6,9,6458.3,6,0,1,1,6,0.2153,105.36
14,1,SemiSwipe,2,10,6476.9,3,1,0,0,2,0.302,117.94
14,1,SemiSwipe,4,10,5969.3,4,0,1,0,3,0.3883,108.73
14,1,SemiSwipe,6,10,6118.7,6,0,0,0,6,0.4564,110.1
14,1,SemiSwipe,2,11,6253.0,2,0,0,1,3,0.4505,156.36
14,1,SemiSwipe,4,11,6430.2,4,0,0,1,5,0.2564,166.72
14,1,SemiSwipe,6,11,6583.0,6,0,0,0,6,0.8676,161.83
14,1,SemiSwipe,2,12,5369.3,2,0,0,1,3,0.2683,132.89
14,1,SemiSwipe,4,12,6161.6,4,0,0,0,4,0.5297,181.73
14,1,SemiSwipe,6,12,6122.1,6,0,1,0,5,0.5014,108.89
14,1,SemiSwipe,2,13,6326.8,2,0,0,0,2,0.0084,111.04
14,1,SemiSwipe,4,13,5891.5,4,0,1,0,3,0.3183,139.48
14,1,SemiSwipe,6,13,5210.3,6,0,0,0,6,0.5703,246.28
14,1,SemiSwipe,2,14,6739.2,2,0,0,0,2,0.3007,141.57
14,1,SemiSwipe,4,14,6370.9,5,1,0,0,4,0.4256,188.52
14,1,SemiSwipe,6,14,5804.4,7,1,0,0,6,0.5336,228.35
14,2,FullDH,2,0,5325.7,2,0,0,0,2,0.2308,59.17
14,2,FullDH,4,0,6196.1,5,1,0,0,4,0.3428,123.34
14,2,FullDH,6,0,5692.4,6,0,0,1,7,0.7719,177.42
14,2,FullDH,2,1,6071.4,2,0,0,0,2,0.5027,193.63
14,2,FullDH,4,1,7181.0,4,0,0,0,4,0.7872,214.92
14,2,FullDH,6,1,5792.6,7,1,0,0,6,0.4,91.67
14,2,FullDH,2,2,7466.5,2,0,0,0,2,0.1096,198.77
14,2,FullDH,4,2,6049.0,5,1,0,0,4,0.2436,161.53
14,2,FullDH,6,2,5179.9,7,1,0,0,6,0.2581,42.77
14,2,FullDH,2,3,5848.6,3,1,0,1,3,0.3667,103.76
14,2,FullDH,4,3,6124.7,4,0,0,0,4,0.5595,141.68
14,2,FullDH,6,3,6616.6,7,1,0,0,6,0.2722,53.65
14,2,FullDH,2,4,4935.1,2,0,0,0,2,0.7259,159.73
14,2,FullDH,4,4,5574.9,4,0,0,0,4,0.571,188.7
14,2,FullDH,6,4,6146.5,7,1,0,0,6,0.3771,74.42
14,2,FullDH,2,5,5530.3,2,0,0,0,2,0.2998,56.32
14,2,FullDH,4,5,6069.9,4,0,0,0,4,0.2674,113.61
14,2,FullDH,6,5,5917.8,6,0,0,0,6,0.6547,114.76
14,2,FullDH,2,6,5916.3,2,0,0,0,2,0.6841,121.28
14,2,FullDH,4,6,5453.4,4,0,0,0,4,0.4255,43.73
14,2,FullDH,6,6,6356.3,6,0,0,1,7,0.2624,138.65
14,2,FullDH,2,7,6872.3,2,0,0,0,2,0.3611,72.99
14,2,FullDH,4,7,5877.8,4,0,0,0,4,0.2692,221.31
14,2,FullDH,6,7,5948.4,6,0,0,0,6,0.407,45.16
14,2,FullDH,2,8,7061.4,3,1,0,0,2,0.4633,140.72
14,2,FullDH,4,8,6270.8,4,0,0,0,4,0.5471,149.07
14,2,FullDH,6,8,6123.1,7,1,0,0,6,0.691,87.61
14,2,FullDH,2,9,5794.1,2,0,0,0,2,0.3332,175.77
14,2,FullDH,4,9,6845.0,4,0,0,0,4,0.7185,23.66
14,2,FullDH,6,9,5852.3,6,0,0,0,6,0.3058,154.26
14,2,FullDH,2,10,6754.7,2,0,0,0,2,0.5779,188.37
14,2,FullDH,4,10,6373.1,5,1,0,1,5,0.2763,147.54
14,2,FullDH,6,10,6133.9,7,1,1,0,5,0.2076,144.46
14,2,FullDH,2,11,6176.0,3,1,0,0,2,0.5608,71.27
14,2,FullDH,4,11,6530.0,4,0,0,1,5,0.4203,225.18
14,2,FullDH,6,11,8106.1,6,0,0,0,6,0.2294,124.44
14,2,FullDH,2,12,6398.8,2,0,0,0,2,0.2711,216.09
14,2,FullDH,4,12,6255.6,4,0,0,0,4,0.3355,135.99
14,2,FullDH,6,12,5036.0,6,0,0,0,6,0.3349,158.39
14,2,FullDH,2,13,6823.5,2,0,1,1,2,0.223,239.17
14,2,FullDH,4,13,6500.5,4,0,0,0,4,0.4122,134.36
14,2,FullDH,6,13,5875.8,7,1,0,1,7,0.3345,304.41
14,2,FullDH,2,14,5689.3,2,0,0,0,2,0.6124,204.25
14,2,FullDH,4,14,7092.6,6,2,0,1,5,0.2489,104.06
14,2,FullDH,6,14,5647.1,6,0,0,0,6,0.5842,168.99
14,3,SemiDwell,2,0,6214.1,2,0,0,0,2,0.4238,169.42
14,3,SemiDwell,4,0,5553.1,4,0,0,0,4,0.1337,180.92
14,3,SemiDwell,6,0,5989.6,8,2,0,0,6,0.5342,113.42
14,3,SemiDwell,2,1,7644.5,2,0,0,0,2,0.1097,190.94
14,3,SemiDwell,4,1,6179.0,4,0,0,0,4,0.5398,132.38
14,3,SemiDwell,6,1,6227.1,7,1,0,0,6,0.3914,313.71
14,3,SemiDwell,2,2,5310.4,2,0,0,0,2,0.3264,178.21
14,3,SemiDwell,4,2,5346.4,4,0,0,0,4,0.338,155.02
14,3,SemiDwell,6,2,5578.6,6,0,1,0,5,0.1149,155.8
14,3,SemiDwell,2,3,6577.9,2,0,0,0,2,0.0801,130.46
14,3,SemiDwell,4,3,5697.7,4,0,0,0,4,0.4159,113.62
14,3,SemiDwell,6,3,5851.0,7,1,0,0,6,0.4172,173.89
14,3,SemiDwell,2,4,5669.9,2,0,0,0,2,0.2634,64.84
14,3,SemiDwell,4,4,5622.8,4,0,0,0,4,0.4822,228.6
14,3,SemiDwell,6,4,5674.3,6,0,0,0,6,0.2951,136.99
14,3,SemiDwell,2,5,6287.4,2,0,0,0,2,0.4567,200.79
14,3,SemiDwell,4,5,6499.5,4,0,0,0,4,0.211,139.86
14,3,SemiDwell,6,5,5914.1,6,0,0,1,7,0.3529,167.48
14,3,SemiDwell,2,6,7113.8,2,0,0,0,2,0.3743,192.92
14,3,SemiDwell,4,6,6063.6,4,0,0,1,5,0.357,137.08
14,3,SemiDwell,6,6,5677.6,6,0,0,1,7,0.425,91.77
14,3,SemiDwell,2,7,6623.9,2,0,0,1,3,0.4389,235.09
14,3,SemiDwell,4,7,6558.2,4,0,0,0,4,0.3769,176.92
14,3,SemiDwell,6,7,4698.3,6,0,0,1,7,0.3747,206.69
14,3,SemiDwell,2,8,6894.9,2,0,0,0,2,0.4139,99.8
14,3,SemiDwell,4,8,5992.5,4,0,0,0,4,0.5639,303.39
14,3,SemiDwell,6,8,5627.0,6,0,0,1,7,0.2708,61.85
14,3,SemiDwell,2,9,6805.4,2,0,0,0,2,0.3159,149.0
14,3,SemiDwell,4,9,7068.0,4,0,0,1,5,0.1305,112.6
14,3,SemiDwell,6,9,5778.2,6,0,0,0,6,0.4231,74.46
14,3,SemiDwell,2,10,5819.3,2,0,0,1,3,0.2436,152.8
14,3,SemiDwell,4,10,6216.1,4,0,0,0,4,0.2579,159.21
14,3,SemiDwell,6,10,5834.3,6,0,0,0,6,0.4286,248.49
14,3,SemiDwell,2,11,5878.1,2,0,0,1,3,0.5689,142.61
14,3,SemiDwell,4,11,5998.6,4,0,0,0,4,0.3569,82.55
14,3,SemiDwell,6,11,5924.2,7,1,0,0,6,0.5318,143.98
14,3,SemiDwell,2,12,6106.4,2,0,1,1,2,0.1396,143.34
14,3,SemiDwell,4,12,6010.8,5,1,0,0,4,0.4868,117.65
14,3,SemiDwell,6,12,6266.0,6,0,1,0,5,0.2418,77.94
14,3,SemiDwell,2,13,4740.7,2,0,0,0,2,0.4009,160.54
14,3,SemiDwell,4,13,6294.1,4,0,0,0,4,0.2564,190.05
14,3,SemiDwell,6,13,6603.0,7,1,0,0,6,0.5018,171.43
14,3,SemiDwell,2,14,6024.2,2,0,0,0,2,0.3312,191.68
14,3,SemiDwell,4,14,6272.3,4,0,0,1,5,0.5435,208.44
14,3,SemiDwell,6,14,5424.5,7,1,0,0,6,0.8017,225.63
14,4,SemiNDH,2,0,6768.4,3,1,0,1,3,0.4542,195.27
14,4,SemiNDH,4,0,5987.9,4,0,0,0,4,0.5325,158.94
14,4,SemiNDH,6,0,5774.2,6,0,1,0,5,0.3497,135.86
14,4,SemiNDH,2,1,6475.7,2,0,0,1,3,0.6624,182.8
14,4,SemiNDH,4,1,6429.3,4,0,0,0,4,0.5669,245.82
14,4,SemiNDH,6,1,6197.3,6,0,0,0,6,0.5145,163.11
14,4,SemiNDH,2,2,5649.7,2,0,0,0,2,0.3093,237.66
14,4,SemiNDH,4,2,6501.9,4,0,0,0,4,0.1799,143.3
14,4,SemiNDH,6,2,5670.9,6,0,0,0,6,0.3875,227.52
14,4,SemiNDH,2,3,5799.0,2,0,1,1,2,0.3548,147.5
14,4,SemiNDH,4,3,7383.2,4,0,0,1,5,0.6961,31.29
14,4,SemiNDH,6,3,6351.5,6,0,0,1,7,0.1172,181.67
14,4,SemiNDH,2,4,5741.7,2,0,0,1,3,0.1246,197.84
14,4,SemiNDH,4,4,6877.6,4,0,0,1,5,0.4009,155.17
14,4,SemiNDH,6,4,7181.6,7,1,0,0,6,0.2851,165.73
14,4,SemiNDH,2,5,6087.3,2,0,0,1,3,0.2765,174.95
14,4,SemiNDH,4,5,5854.9,4,0,0,0,4,0.3138,193.71
14,4,SemiNDH,6,5,5723.0,6,0,0,0,6,0.6297,168.92
14,4,SemiNDH,2,6,6542.8,2,0,0,0,2,0.6129,71.15
14,4,SemiNDH,4,6,6160.5,4,0,0,0,4,0.1407,145.92
14,4,SemiNDH,6,6,6100.0,6,0,1,0,5,0.4594,86.13
14,4,SemiNDH,2,7,7210.1,2,0,0,0,2,0.3981,219.96
14,4,SemiNDH,4,7,6002.0,4,0,0,0,4,0.4336,183.48
14,4,SemiNDH,6,7,6583.1,6,0,0,0,6,0.4013,94.67
14,4,SemiNDH,2,8,5710.7,2,0,0,0,2,0.529,183.28
14,4,SemiNDH,4,8,7653.3,5,1,0,0,4,0.4847,100.28
14,4,SemiNDH,6,8,5795.8,7,1,0,1,7,0.2884,146.82
14,4,SemiNDH,2,9,6036.7,2,0,0,1,3,0.0637,190.24
14,4,SemiNDH,4,9,6333.7,5,1,1,0,3,0.3854,226.64
14,4,SemiNDH,6,9,5398.8,6,0,1,0,5,0.3445,200.56
14,4,SemiNDH,2,10,5638.0,2,0,0,0,2,0.4918,112.4
14,4,SemiNDH,4,10,5986.8,4,0,0,0,4,0.2761,131.75
14,4,SemiNDH,6,10,5766.6,6,0,1,0,5,0.5272,111.23
14,4,SemiNDH,2,11,6742.4,2,0,1,0,1,0.1968,172.15
14,4,SemiNDH,4,11,6576.2,4,0,0,0,4,0.5585,76.26
14,4,SemiNDH,6,11,6008.8,6,0,0,0,6,0.5573,122.45
14,4,SemiNDH,2,12,6024.7,2,0,0,0,2,0.3014,106.38
14,4,SemiNDH,4,12,6650.8,4,0,1,0,3,0.2391,183.08
14,4,SemiNDH,6,12,7233.9,6,0,0,0,6,0.6197,190.31
14,4,SemiNDH,2,13,6340.5,2,0,0,0,2,0.2356,202.64
14,4,SemiNDH,4,13,6557.0,6,2,0,1,5,0.2623,78.5
14,4,SemiNDH,6,13,5144.5,6,0,0,1,7,0.2881,181.65
14,4,SemiNDH,2,14,7201.6,2,0,0,0,2,0.5678,154.86
14,4,SemiNDH,4,14,7110.8,4,0,0,1,5,0.0806,111.79
14,4,SemiNDH,6,14,5592.7,6,0,0,0,6,0.2424,13.04
15,0,SemiDwell,2,0,5216.3,2,0,0,1,3,0.2596,120.49
15,0,SemiDwell,4,0,5440.4,4,0,0,0,4,0.3866,132.83
15,0,SemiDwell,6,0,5101.0,7,1,0,1,7,0.523,147.98
15,0,SemiDwell,2,1,5352.7,2,0,0,0,2,0.3835,81.35
15,0,SemiDwell,4,1,4691.5,4,0,0,0,4,0.2046,157.29
15,0,SemiDwell,6,1,4833.5,6,0,0,1,7,0.3098,206.87
15,0,SemiDwell,2,2,4562.8,2,0,0,1,3,0.3467,246.97
15,0,SemiDwell,4,2,5215.8,5,1,0,0,4,0.4524,162.29
15,0,SemiDwell,6,2,4347.4,6,0,0,1,7,0.3848,185.94
15,0,SemiDwell,2,3,5080.5,2,0,0,1,3,0.3263,148.22
15,0,SemiDwell,4,3,4373.4,4,0,0,1,5,0.4259,124.22
15,0,SemiDwell,6,3,5176.4,7,1,0,0,6,0.2743,222.43
15,0,SemiDwell,2,4,5560.5,2,0,0,0,2,0.5234,156.58
15,0,SemiDwell,4,4,4223.0,4,0,0,1,5,0.5873,229.78
15,0,SemiDwell,6,4,4843.4,6,0,0,0,6,0.5154,169.41
15,0,SemiDwell,2,5,4675.3,2,0,0,0,2,0.0552,282.09
15,0,SemiDwell,4,5,5189.5,4,0,0,1,5,0.4516,152.6
15,0,SemiDwell,6,5,4575.0,8,2,0,0,6,0.3761,281.06
15,0,SemiDwell,2,6,5691.7,2,0,0,1,3,0.2856,84.98
15,0,SemiDwell,4,6,3962.2,4,0,0,0,4,0.461,116.06
15,0,SemiDwell,6,6,5181.3,7,1,0,0,6,0.5528,191.51
15,0,SemiDwell,2,7,5454.8,2,0,0,0,2,0.2894,174.56
15,0,SemiDwell,4,7,4894.3,4,0,0,0,4,0.1893,128.36
15,0,SemiDwell,6,7,5946.6,6,0,0,0,6,0.553,134.93
15,0,SemiDwell,2,8,4392.7,2,0,0,0,2,0.2561,60.15
15,0,SemiDwell,4,8,3428.2,4,0,1,0,3,0.6833,221.29
15,0,SemiDwell,6,8,4412.7,6,0,0,0,6,0.4112,139.71
15,0,SemiDwell,2,9,6077.0,2,0,0,0,2,0.2879,152.71
15,0,SemiDwell,4,9,5127.7,4,0,0,1,5,0.5131,178.91
15,0,SemiDwell,6,9,4135.0,7,1,0,0,6,0.4229,78.4
15,0,SemiDwell,2,10,4442.6,2,0,0,0,2,0.6476,133.78
15,0,SemiDwell,4,10,5726.6,4,0,0,0,4,0.4507,277.24
15,0,SemiDwell,6,10,5102.8,6,0,0,0,6,0.3125,62.24
15,0,SemiDwell,2,11,5169.1,2,0,0,0,2,0.5676,78.67
15,0,SemiDwell,4,11,6074.7,4,0,0,1,5,0.5375,130.08
15,0,SemiDwell,6,11,3816.5,6,0,0,0,6,0.2713,140.11
15,0,SemiDwell,2,12,4942.8,2,0,0,1,3,0.6369,89.89
15,0,SemiDwell,4,12,4863.6,4,0,0,0,4,0.1927,146.21
15,0,SemiDwell,6,12,5031.0,6,0,0,0,6,0.2162,175.52
15,0,SemiDwell,2,13,3815.0,2,0,0,0,2,0.5173,125.7
15,0,SemiDwell,4,13,5405.7,4,0,0,0,4,0.4998,162.84
15,0,SemiDwell,6,13,5293.6,7,1,0,0,6,0.3703,97.71
15,0,SemiDwell,2,14,4669.8,2,0,0,0,2,0.2489,106.68
15,0,SemiDwell,4,14,4427.9,4,0,1,1,4,0.2884,85.3
15,0,SemiDwell,6,14,4573.6,7,1,1,0,5,0.3353,170.37
15,1,SemiSwipe,2,0,5813.5,2,0,0,1,3,0.3222,191.71
15,1,SemiSwipe,4,0,5439.8,5,1,0,0,4,0.221,126.56
15,1,SemiSwipe,6,0,5410.8,6,0,1,0,5,0.5427,122.36
15,1,SemiSwipe,2,1,4567.0,2,0,0,0,2,0.3419,136.75
15,1,SemiSwipe,4,1,4142.4,4,0,0,1,5,0.4502,171.62
15,1,SemiSwipe,6,1,5081.5,6,0,0,0,6,0.4881,145.49
15,1,SemiSwipe,2,2,4726.3,3,1,0,0,2,0.8612,125.72
15,1,SemiSwipe,4,2,4144.8,4,0,0,0,4,0.3485,121.42
15,1,SemiSwipe,6,2,3732.7,6,0,0,1,7,0.4274,234.49
15,1,SemiSwipe,2,3,2608.8,2,0,0,0,2,0.4681,162.83
15,1,SemiSwipe,4,3,3643.5,5,1,0,1,5,0.5349,147.29
15,1,SemiSwipe,6,3,4475.5,7,1,0,0,6,0.3462,216.9
15,1,SemiSwipe,2,4,5069.4,2,0,0,0,2,0.4675,122.7
15,1,SemiSwipe,4,4,4322.9,4,0,0,0,4,0.4187,160.52
15,1,SemiSwipe,6,4,5846.1,6,0,0,0,6,0.5043,48.03
15,1,SemiSwipe,2,5,4087.1,2,0,0,0,2,0.4937,130.12
15,1,SemiSwipe,4,5,4165.3,5,1,0,1,5,0.4238,148.67
15,1,SemiSwipe,6,5,4931.3,6,0,0,0,6,0.221,227.63
15,1,SemiSwipe,2,6,4446.9,2,0,0,1,3,0.168,116.8
15,1,SemiSwipe,4,6,3837.0,4,0,0,0,4,0.3714,111.61
15,1,SemiSwipe,6,6,5427.2,6,0,0,0,6,0.1763,89.63
15,1,SemiSwipe,2,7,4937.6,2,0,0,0,2,0.2951,262.63
15,1,SemiSwipe,4,7,4681.4,4,0,0,0,4,0.428,196.58
15,1,SemiSwipe,6,7,4116.1,6,0,0,0,6,0.344,184.21
15,1,SemiSwipe,2,8,4465.6,2,0,0,0,2,0.4302,152.83
15,1,SemiSwipe,4,8,5154.9,4,0,0,0,4,0.459,93.05
15,1,SemiSwipe,6,8,4683.7,6,0,1,0,5,0.4058,155.18
15,1,SemiSwipe,2,9,5494.6,2,0,0,0,2,0.2862,163.65
15,1,SemiSwipe,4,9,3827.1,5,1,0,0,4,0.5186,170.71
15,1,SemiSwipe,6,9,3826.7,6,0,0,0,6,0.2412,204.77
15,1,SemiSwipe,2,10,4254.1,2,0,0,0,2,0.5014,173.61
15,1,SemiSwipe,4,10,5340.5,4,0,1,0,3,0.484,189.26
15,1,SemiSwipe,6,10,5001.1,6,0,0,0,6,0.5115,159.04
15,1,SemiSwipe,2,11,4939.1,2,0,0,0,2,0.5941,200.38
15,1,SemiSwipe,4,11,4317.5,4,0,0,1,5,0.4421,212.42
15,1,SemiSwipe,6,11,4703.1,6,0,0,0,6,0.4298,160.45
15,1,SemiSwipe,2,12,4374.6,2,0,0,0,2,0.5356,80.86
15,1,SemiSwipe,4,12,5032.9,4,0,0,1,5,0.2731,228.08
15,1,SemiSwipe,6,12,4215.5,7,1,0,0,6,0.1943,175.07
15,1,SemiSwipe,2,13,4587.2,2,0,0,0,2,0.2824,140.17
15,1,SemiSwipe,4,13,5489.4,4,0,0,1,5,0.3122,142.73
15,1,SemiSwipe,6,13,4504.7,6,0,0,1,7,0.397,167.26
15,1,SemiSwipe,2,14,5195.4,2,0,0,0,2,0.2275,175.45
15,1,SemiSwipe,4,14,5172.7,4,0,0,0,4,0.6864,259.35
15,1,SemiSwipe,6,14,5686.6,6,0,0,0,6,0.2884,184.91
15,2,SemiNDH,2,0,4292.6,2,0,0,0,2,0.4031,129.07
15,2,SemiNDH,4,0,6240.2,4,0,0,0,4,0.2417,243.42
15,2,SemiNDH,6,0,4105.0,6,0,0,0,6,0.4608,162.91
15,2,SemiNDH,2,1,4350.1,3,1,0,1,3,0.3845,222.88
15,2,SemiNDH,4,1,5148.1,4,0,0,1,5,0.3924,193.24
15,2,SemiNDH,6,1,4040.1,6,0,0,0,6,0.3374,166.21
15,2,SemiNDH,2,2,4268.4,2,0,0,0,2,0.265,113.72
15,2,SemiNDH,4,2,4389.1,4,0,1,0,3,0.5456,46.52
15,2,SemiNDH,6,2,3488.8,7,1,0,0,6,0.4558,93.75
15,2,SemiNDH,2,3,4811.3,2,0,0,0,2,0.5367,174.86
15,2,SemiNDH,4,3,5254.7,5,1,0,0,4,0.5331,116.88
15,2,SemiNDH,6,3,5333.1,8,2,1,0,5,0.146,173.48
15,2,SemiNDH,2,4,3932.5,3,1,1,0,1,0.3175,241.51
15,2,SemiNDH,4,4,4399.8,4,0,0,0,4,0.3955,165.93
15,2,SemiNDH,6,4,5228.7,7,1,0,0,6,0.3494,198.65
15,2,SemiNDH,2,5,4163.7,2,0,0,0,2,0.6574,148.39
15,2,SemiNDH,4,5,5061.7,5,1,0,1,5,0.2565,183.37
15,2,SemiNDH,6,5,5811.5,7,1,0,0,6,0.3148,145.33
15,2,SemiNDH,2,6,4818.1,3,1,0,1,3,0.5104,139.41
15,2,SemiNDH,4,6,4249.8,5,1,1,0,3,0.1686,115.06
15,2,SemiNDH,6,6,3994.4,6,0,0,0,6,0.1732,178.5
15,2,SemiNDH,2,7,4918.0,2,0,0,1,3,0.4116,141.18
15,2,SemiNDH,4,7,5067.6,4,0,0,0,4,0.4036,221.41
15,2,SemiNDH,6,7,5322.8,7,1,0,0,6,0.2971,210.67
15,2,SemiNDH,2,8,3780.2,2,0,0,0,2,0.4277,112.85
15,2,SemiNDH,4,8,4388.9,5,1,0,0,4,0.1952,175.82
15,2,SemiNDH,6,8,5358.9,7,1,0,0,6,0.4105,106.27
15,2,SemiNDH,2,9,3817.8,2,0,0,1,3,0.7666,88.5
15,2,SemiNDH,4,9,5036.0,4,0,0,0,4,0.3897,113.44
15,2,SemiNDH,6,9,4215.7,6,0,0,1,7,0.4737,245.35
15,2,SemiNDH,2,10,3949.3,2,0,0,0,2,0.2089,130.83
15,2,SemiNDH,4,10,4163.9,5,1,0,0,4,0.3827,178.84
15,2,SemiNDH,6,10,5412.0,8,2,0,1,7,0.5795,116.29
15,2,SemiNDH,2,11,3748.2,2,0,0,0,2,0.5028,201.85
15,2,SemiNDH,4,11,5543.3,4,0,0,0,4,0.6882,238.14
15,2,SemiNDH,6,11,4282.1,7,1,0,0,6,0.3438,151.76
15,2,SemiNDH,2,12,4993.3,2,0,0,0,2,0.5386,190.53
15,2,SemiNDH,4,12,4774.6,5,1,0,0,4,0.5366,161.81
15,2,SemiNDH,6,12,4397.2,6,0,0,1,7,0.2594,204.73
15,2,SemiNDH,2,13,3224.9,2,0,0,0,2,0.5883,184.59
15,2,SemiNDH,4,13,5564.8,5,1,0,0,4,0.2211,245.78
15,2,SemiNDH,6,13,5332.7,6,0,0,0,6,0.5315,167.72
15,2,SemiNDH,2,14,3241.4,2,0,0,0,2,0.2745,107.66
15,2,SemiNDH,4,14,4685.0,4,0,0,1,5,0.4133,162.94
15,2,SemiNDH,6,14,4394.8,6,0,0,0,6,0.3808,214.38
15,3,SemiTilt,2,0,4597.9,3,1,0,0,2,0.5152,126.69
15,3,SemiTilt,4,0,4357.3,5,1,1,0,3,0.394,126.69
15,3,SemiTilt,6,0,4576.9,7,1,0,0,6,0.4738,117.54
15,3,SemiTilt,2,1,4414.2,3,1,0,0,2,0.0999,99.11
15,3,SemiTilt,4,1,3576.3,4,0,0,0,4,0.1428,245.15
15,3,SemiTilt,6,1,5462.8,6,0,0,1,7,0.5514,242.09
15,3,SemiTilt,2,2,4916.0,2,0,0,1,3,0.4314,93.8
15,3,SemiTilt,4,2,5645.0,4,0,0,0,4,0.4156,108.02
15,3,SemiTilt,6,2,4834.8,6,0,0,0,6,0.3725,156.78
15,3,SemiTilt,2,3,5492.9,2,0,0,1,3,0.3572,170.15
15,3,SemiTilt,4,3,4509.2,4,0,0,0,4,0.1721,104.96
15,3,SemiTilt,6,3,3983.8,6,0,1,0,5,0.4771,104.52
15,3,SemiTilt,2,4,4303.4,2,0,0,0,2,0.4461,120.55
15,3,SemiTilt,4,4,3793.8,4,0,0,0,4,0.4708,79.04
15,3,SemiTilt,6,4,4660.5,7,1,0,0,6,0.5637,152.71
15,3,SemiTilt,2,5,4406.6,2,0,0,0,2,0.0915,137.03
15,3,SemiTilt,4,5,5423.9,4,0,0,0,4,0.4896,201.81
15,3,SemiTilt,6,5,5298.5,6,0,0,1,7,0.3255,223.92
15,3,SemiTilt,2,6,4750.5,2,0,0,0,2,0.205,102.69
15,3,SemiTilt,4,6,4830.4,4,0,0,1,5,0.4849,204.58
15,3,SemiTilt,6,6,4289.6,7,1,0,1,7,0.6902,78.8
15,3,SemiTilt,2,7,4259.6,3,1,0,1,3,0.3232,246.44
15,3,SemiTilt,4,7,5188.5,4,0,1,0,3,0.441,133.56
15,3,SemiTilt,6,7,5186.3,6,0,0,0,6,0.1725,123.73
15,3,SemiTilt,2,8,6698.1,2,0,0,0,2,0.3024,246.22
15,3,SemiTilt,4,8,4606.0,5,1,1,0,3,0.4348,150.66
15,3,SemiTilt,6,8,5081.7,6,0,0,0,6,0.6054,165.5
15,3,SemiTilt,2,9,5342.1,2,0,0,0,2,0.2854,181.09
15,3,SemiTilt,4,9,5564.4,4,0,0,0,4,0.4046,271.88
15,3,SemiTilt,6,9,4644.6,6,0,0,0,6,0.3981,107.43
15,3,SemiTilt,2,10,4675.5,2,0,0,0,2,0.49,170.9
15,3,SemiTilt,4,10,4783.1,4,0,2,0,2,0.3754,107.82
15,3,SemiTilt,6,10,4636.6,6,0,0,0,6,0.5463,130.63
15,3,SemiTilt,2,11,5359.3,2,0,0,1,3,0.4893,180.23
15,3,SemiTilt,4,11,3739.2,4,0,0,0,4,0.686,122.12
15,3,SemiTilt,6,11,5015.0,6,0,0,1,7,0.6,137.83
15,3,SemiTilt,2,12,3660.2,2,0,0,0,2,0.3067,209.08
15,3,SemiTilt,4,12,5271.5,5,1,0,0,4,0.2833,161.21
15,3,SemiTilt,6,12,4669.8,6,0,0,1,7,0.5806,137.36
15,3,SemiTilt,2,13,4657.3,2,0,0,0,2,0.3464,96.98
15,3,SemiTilt,4,13,6118.0,4,0,0,0,4,0.7125,164.46
15,3,SemiTilt,6,13,4797.7,6,0,0,0,6,0.7661,59.33
15,3,SemiTilt,2,14,3506.2,2,0,0,0,2,0.5505,133.33
15,3,SemiTilt,4,14,5018.9,4,0,0,0,4,0.6687,181.62
15,3,SemiTilt,6,14,5614.3,6,0,0,1,7,0.209,241.25
15,4,FullDH,2,0,5185.3,2,0,0,1,3,0.3208,140.76
15,4,FullDH,4,0,3630.9,4,0,0,0,4,0.301,176.24
15,4,FullDH,6,0,5333.2,7,1,1,1,6,0.0159,128.52
15,4,FullDH,2,1,5110.2,2,0,0,0,2,0.0882,95.51
15,4,FullDH,4,1,4965.8,4,0,0,0,4,0.4219,166.97
15,4,FullDH,6,1,4927.1,7,1,0,0,6,0.4964,160.81
15,4,FullDH,2,2,4221.6,2,0,0,0,2,0.4721,139.62
15,4,FullDH,4,2,4660.4,4,0,0,1,5,0.4414,170.76
15,4,FullDH,6,2,4025.5,6,0,1,1,6,0.4365,150.35
15,4,FullDH,2,3,4940.7,3,1,0,1,3,0.492,136.82
15,4,FullDH,4,3,6271.2,4,0,0,0,4,0.5021,200.94
15,4,FullDH,6,3,4495.2,7,1,0,0,6,0.4904,160.79
15,4,FullDH,2,4,3364.4,2,0,0,0,2,0.5405,33.74
15,4,FullDH,4,4,5766.5,4,0,0,0,4,0.6221,187.14
15,4,FullDH,6,4,4635.7,6,0,0,0,6,0.3143,140.69
15,4,FullDH,2,5,5342.0,3,1,0,0,2,0.3734,142.3
15,4,FullDH,4,5,5172.4,4,0,0,1,5,0.2216,169.28
15,4,FullDH,6,5,4872.9,6,0,0,1,7,0.4322,153.3
15,4,FullDH,2,6,5038.9,2,0,1,0,1,0.1783,120.72
15,4,FullDH,4,6,4616.1,5,1,0,0,4,0.4272,147.54
15,4,FullDH,6,6,4614.2,6,0,0,0,6,0.3191,176.38
15,4,FullDH,2,7,5770.3,2,0,0,0,2,0.2677,92.68
15,4,FullDH,4,7,5282.0,4,0,0,0,4,0.4361,207.9
15,4,FullDH,6,7,4358.3,6,0,0,1,7,0.4064,96.51
15,4,FullDH,2,8,4904.5,2,0,0,0,2,0.5742,203.38
15,4,FullDH,4,8,4420.6,4,0,0,0,4,0.3569,30.97
15,4,FullDH,6,8,3894.3,6,0,1,0,5,0.3778,151.4
15,4,FullDH,2,9,4617.0,2,0,0,0,2,0.4686,56.19
15,4,FullDH,4,9,5087.3,4,0,0,1,5,0.3412,6.64
15,4,FullDH,6,9,4641.0,6,0,0,0,6,0.3306,280.76
15,4,FullDH,2,10,4379.1,2,0,1,1,2,0.4112,123.65
15,4,FullDH,4,10,4308.0,5,1,0,0,4,0.3512,108.24
15,4,FullDH,6,10,5740.9,7,1,0,0,6,0.5028,106.06
15,4,FullDH,2,11,5393.7,2,0,0,0,2,0.427,93.4
15,4,FullDH,4,11,4587.2,4,0,0,0,4,0.2457,114.03
15,4,FullDH,6,11,3346.0,7,1,0,0,6,0.3633,128.65
15,4,FullDH,2,12,4577.6,2,0,0,1,3,0.3512,127.63
15,4,FullDH,4,12,5139.2,4,0,0,0,4,0.4957,65.71
15,4,FullDH,6,12,5426.9,6,0,0,0,6,0.6442,122.38
15,4,FullDH,2,13,4012.4,2,0,0,0,2,0.2418,173.81
15,4,FullDH,4,13,3798.6,4,0,0,1,5,0.5473,227.57
15,4,FullDH,6,13,4662.7,6,0,0,0,6,0.6086,148.93
15,4,FullDH,2,14,5016.6,2,0,0,0,2,0.5888,227.62
15,4,FullDH,4,14,4544.5,4,0,0,0,4,0.4592,274.02
15,4,FullDH,6,14,5298.2,7,1,1,0,5,0.2892,152.14
16,0,SemiSwipe,2,0,3642.1,2,0,0,0,2,0.0824,264.89
16,0,SemiSwipe,4,0,3883.8,4,0,0,0,4,0.514,126.01
16,0,SemiSwipe,6,0,3613.9,7,1,1,0,5,0.3006,185.46
16,0,SemiSwipe,2,1,3597.9,2,0,1,1,2,0.55,222.88
16,0,SemiSwipe,4,1,3836.7,4,0,0,1,5,0.3555,34.91
16,0,SemiSwipe,6,1,4375.6,6,0,0,0,6,0.5744,116.67
16,0,SemiSwipe,2,2,4032.0,2,0,0,1,3,0.4896,175.83
16,0,SemiSwipe,4,2,4100.8,4,0,0,1,5,0.5114,194.77
16,0,SemiSwipe,6,2,4086.9,6,0,1,0,5,0.2848,168.6
16,0,SemiSwipe,2,3,3365.7,2,0,0,1,3,0.3392,212.75
16,0,SemiSwipe,4,3,3177.9,4,0,0,0,4,0.4092,182.45
16,0,SemiSwipe,6,3,2755.1,6,0,0,0,6,0.419,114.1
16,0,SemiSwipe,2,4,3842.9,2,0,0,0,2,0.2094,189.45
16,0,SemiSwipe,4,4,4099.8,4,0,1,1,4,0.5391,136.03
16,0,SemiSwipe,6,4,3860.0,7,1,0,1,7,0.6669,113.34
16,0,SemiSwipe,2,5,4457.1,2,0,1,0,1,0.3368,49.25
16,0,SemiSwipe,4,5,4306.3,4,0,1,0,3,0.3784,143.41
16,0,SemiSwipe,6,5,3133.0,6,0,1,0,5,0.4406,77.01
16,0,SemiSwipe,2,6,4326.2,2,0,0,0,2,0.3931,147.4
16,0,SemiSwipe,4,6,3562.8,4,0,0,0,4,0.2855,125.26
16,0,SemiSwipe,6,6,2857.0,6,0,0,0,6,0.2323,254.71
16,0,SemiSwipe,2,7,4628.5,2,0,0,0,2,0.5649,213.81
16,0,SemiSwipe,4,7,3717.5,4,0,0,0,4,0.2668,104.61
16,0,SemiSwipe,6,7,3298.9,6,0,0,0,6,0.4639,198.5
16,0,SemiSwipe,2,8,4145.6,2,0,0,0,2,0.3205,245.96
16,0,SemiSwipe,4,8,4820.8,4,0,0,0,4,0.109,89.7
16,0,SemiSwipe,6,8,3173.7,8,2,0,0,6,0.4425,105.99
16,0,SemiSwipe,2,9,4374.4,2,0,0,1,3,0.5861,210.17
16,0,SemiSwipe,4,9,2879.2,4,0,0,0,4,0.3813,113.75
16,0,SemiSwipe,6,9,3208.9,6,0,0,1,7,0.3446,134.62
16,0,SemiSwipe,2,10,3959.8,3,1,0,0,2,0.3123,101.51
16,0,SemiSwipe,4,10,3291.4,5,1,0,0,4,0.4289,314.03
16,0,SemiSwipe,6,10,4196.7,7,1,0,0,6,0.5798,121.98
16,0,SemiSwipe,2,11,3996.9,2,0,0,1,3,0.4458,92.03
16,0,SemiSwipe,4,11,4683.8,5,1,1,0,3,0.5929,46.45
16,0,SemiSwipe,6,11,4394.4,7,1,0,1,7,0.3276,139.81
16,0,SemiSwipe,2,12,3287.7,2,0,0,0,2,0.173,225.62
16,0,SemiSwipe,4,12,3337.0,4,0,0,0,4,0.3392,147.03
16,0,SemiSwipe,6,12,3365.4,7,1,0,0,6,0.051,157.24
16,0,SemiSwipe,2,13,2977.6,2,0,0,1,3,0.4083,127.16
16,0,SemiSwipe,4,13,4202.1,4,0,0,0,4,0.6839,4.4
16,0,SemiSwipe,6,13,3139.3,8,2,0,1,7,0.1449,132.46
16,0,SemiSwipe,2,14,3699.8,2,0,0,1,3,0.6769,152.93
16,0,SemiSwipe,4,14,3743.8,5,1,0,0,4,0.262,143.18
16,0,SemiSwipe,6,14,3725.2,6,0,0,1,7,0.3882,105.53
16,1,SemiTilt,2,0,4088.7,2,0,1,0,1,0.4667,129.47
16,1,SemiTilt,4,0,3013.6,6,2,0,0,4,0.5142,23.21
16,1,SemiTilt,6,0,4155.0,6,0,0,0,6,0.4656,137.12
16,1,SemiTilt,2,1,2428.4,2,0,0,0,2,0.4465,162.44
16,1,SemiTilt,4,1,4481.9,4,0,1,0,3,0.2377,121.84
16,1,SemiTilt,6,1,3360.5,6,0,0,0,6,0.5836,124.77
16,1,SemiTilt,2,2,3456.9,2,0,0,0,2,0.5536,175.64
16,1,SemiTilt,4,2,3533.9,4,0,0,0,4,0.3556,87.33
16,1,SemiTilt,6,2,2799.0,6,0,0,0,6,0.3628,159.54
16,1,SemiTilt,2,3,3819.8,2,0,0,0,2,0.2939,137.83
16,1,SemiTilt,4,3,3972.5,4,0,0,0,4,0.2565,155.9
16,1,SemiTilt,6,3,3707.7,6,0,0,0,6,0.6074,153.2
16,1,SemiTilt,2,4,4156.5,2,0,0,0,2,0.3658,103.99
16,1,SemiTilt,4,4,3970.2,4,0,0,0,4,0.4332,195.03
16,1,SemiTilt,6,4,2888.2,9,3,0,0,6,0.7439,164.35
16,1,SemiTilt,2,5,3898.8,2,0,0,0,2,0.3873,139.13
16,1,SemiTilt,4,5,4909.4,4,0,0,0,4,0.4566,16.54
16,1,SemiTilt,6,5,3965.0,8,2,0,1,7,0.6274,182.76
16,1,SemiTilt,2,6,2757.8,2,0,0,0,2,0.421,162.25
16,1,SemiTilt,4,6,3023.8,4,0,0,1,5,0.264,118.17
16,1,SemiTilt,6,6,3737.1,6,0,0,0,6,0.6517,98.08
16,1,SemiTilt,2,7,2660.3,2,0,0,0,2,0.6071,63.86
16,1,SemiTilt,4,7,4098.7,4,0,0,0,4,0.4097,87.01
16,1,SemiTilt,6,7,4280.1,6,0,0,0,6,0.2439,107.26
16,1,SemiTilt,2,8,3390.7,2,0,0,1,3,0.5601,212.71
16,1,SemiTilt,4,8,3436.5,4,0,0,0,4,0.3981,213.55
16,1,SemiTilt,6,8,3429.3,6,0,0,0,6,0.4744,161.21
16,1,SemiTilt,2,9,4214.9,2,0,0,0,2,0.4256,184.94
16,1,SemiTilt,4,9,4248.3,4,0,0,0,4,0.2883,37.66
16,1,SemiTilt,6,9,3259.7,6,0,0,0,6,0.6433,199.96
16,1,SemiTilt,2,10,3865.0,2,0,2,0,1,0.2742,120.46
16,1,SemiTilt,4,10,4612.4,4,0,0,1,5,0.5042,189.74
16,1,SemiTilt,6,10,4591.3,6,0,0,0,6,0.4807,86.68
16,1,SemiTilt,2,11,3713.9,2,0,0,0,2,0.647,246.96
16,1,SemiTilt,4,11,3231.7,5,1,0,1,5,0.5732,202.22
16,1,SemiTilt,6,11,3086.1,6,0,0,0,6,0.2792,128.49
16,1,SemiTilt,2,12,3509.4,2,0,0,0,2,0.3914,106.13
16,1,SemiTilt,4,12,2821.8,4,0,0,1,5,0.3693,279.71
16,1,SemiTilt,6,12,4011.9,6,0,2,0,4,0.5263,153.13
16,1,SemiTilt,2,13,3326.9,3,1,0,0,2,0.4013,153.9
16,1,SemiTilt,4,13,4842.4,4,0,1,0,3,0.3277,121.7
16,1,SemiTilt,6,13,4252.3,7,1,0,0,6,0.4981,130.57
16,1,SemiTilt,2,14,4523.6,2,0,0,0,2,0.3407,94.92
16,1,SemiTilt,4,14,3846.6,4,0,0,0,4,0.7021,158.39
16,1,SemiTilt,6,14,3166.5,6,0,0,0,6,0.5533,13.79
16,2,SemiDwell,2,0,2924.0,2,0,0,0,2,0.2831,229.29
16,2,SemiDwell,4,0,3846.5,4,0,0,1,5,0.4181,188.12
16,2,SemiDwell,6,0,3142.1,6,0,0,0,6,0.4013,205.71
16,2,SemiDwell,2,1,2762.1,2,0,0,1,3,0.4669,189.11
16,2,SemiDwell,4,1,3748.5,4,0,0,0,4,0.4917,180.81
16,2,SemiDwell,6,1,4683.1,7,1,0,1,7,0.4814,193.77
16,2,SemiDwell,2,2,3427.8,3,1,0,0,2,0.2187,291.9
16,2,SemiDwell,4,2,2957.0,4,0,1,0,3,0.6982,209.17
16,2,SemiDwell,6,2,4057.8,6,0,0,0,6,0.5094,86.09
16,2,SemiDwell,2,3,4001.5,3,1,0,1,3,0.3076,314.64
16,2,SemiDwell,4,3,3245.1,4,0,0,0,4,0.4469,176.68
16,2,SemiDwell,6,3,3815.0,7,1,0,0,6,0.2668,137.39
16,2,SemiDwell,2,4,3922.9,2,0,0,0,2,0.4899,86.46
16,2,SemiDwell,4,4,4714.8,4,0,0,1,5,0.5216,18.37
16,2,SemiDwell,6,4,3530.9,7,1,0,1,7,0.468,173.13
16,2,SemiDwell,2,5,3287.8,2,0,0,0,2,0.259,75.57
16,2,SemiDwell,4,5,4279.6,4,0,0,0,4,0.4193,126.0
16,2,SemiDwell,6,5,3853.8,7,1,0,0,6,0.5614,167.36
16,2,SemiDwell,2,6,4177.7,2,0,1,1,2,0.3775,181.22
16,2,SemiDwell,4,6,3040.0,4,0,0,0,4,0.2769,90.29
16,2,SemiDwell,6,6,3109.3,6,0,1,0,5,0.2771,111.82
16,2,SemiDwell,2,7,3742.8,2,0,0,0,2,0.3556,92.88
16,2,SemiDwell,4,7,4062.9,4,0,0,0,4,0.5211,118.53
16,2,SemiDwell,6,7,3884.9,7,1,0,0,6,0.3606,123.12
16,2,SemiDwell,2,8,3879.1,2,0,0,0,2,0.3788,100.33
16,2,SemiDwell,4,8,3455.9,5,1,0,0,4,0.4997,238.35
16,2,SemiDwell,6,8,4468.7,6,0,1,0,5,0.5888,159.59
16,2,SemiDwell,2,9,3844.4,2,0,0,1,3,0.1638,289.62
16,2,SemiDwell,4,9,3951.4,4,0,0,0,4,0.6545,69.46
16,2,SemiDwell,6,9,4221.0,6,0,0,0,6,0.2219,135.13
16,2,SemiDwell,2,10,3015.3,2,0,0,0,2,0.3957,180.98
16,2,SemiDwell,4,10,2718.9,4,0,0,1,5,0.5928,168.64
16,2,SemiDwell,6,10,4092.5,7,1,0,0,6,0.5696,277.11
16,2,SemiDwell,2,11,4029.3,2,0,0,0,2,0.6184,37.65
16,2,SemiDwell,4,11,3802.2,4,0,0,0,4,0.3173,126.72
16,2,SemiDwell,6,11,4461.9,6,0,0,0,6,0.5036,89.27
16,2,SemiDwell,2,12,4078.7,2,0,0,1,3,0.0359,191.87
16,2,SemiDwell,4,12,2852.3,4,0,0,0,4,0.3685,132.84
16,2,SemiDwell,6,12,3994.3,6,0,0,1,7,0.4749,231.25
16,2,SemiDwell,2,13,4352.0,2,0,0,1,3,0.2684,153.5
16,2,SemiDwell,4,13,4029.0,4,0,0,1,5,0.4503,138.81
16,2,SemiDwell,6,13,3191.2,6,0,0,0,6,0.353,94.56
16,2,SemiDwell,2,14,4807.9,2,0,0,0,2,0.6641,194.35
16,2,SemiDwell,4,14,3876.7,4,0,0,1,5,0.4124,141.49
16,2,SemiDwell,6,14,3443.5,6,0,0,0,6,0.3325,216.2
16,3,FullDH,2,0,3564.8,2,0,0,0,2,0.2174,12.98
16,3,FullDH,4,0,2443.3,4,0,1,1,4,0.5589,139.12
16,3,FullDH,6,0,4215.5,6,0,0,1,7,0.3661,69.14
16,3,FullDH,2,1,2956.4,2,0,0,1,3,0.2496,171.84
16,3,FullDH,4,1,3492.6,4,0,0,0,4,0.0693,158.47
16,3,FullDH,6,1,2804.2,6,0,0,0,6,0.4275,184.89
16,3,FullDH,2,2,4493.0,2,0,1,1,2,0.523,189.8
16,3,FullDH,4,2,4925.4,4,0,0,0,4,0.2722,217.47
16,3,FullDH,6,2,3693.4,6,0,0,0,6,0.4369,104.27
16,3,FullDH,2,3,3295.4,2,0,0,0,2,0.3924,49.09
16,3,FullDH,4,3,5187.9,4,0,0,1,5,0.3495,103.74
16,3,FullDH,6,3,3951.5,6,0,1,0,5,0.5232,170.17
16,3,FullDH,2,4,4206.0,2,0,0,0,2,0.6581,193.72
16,3,FullDH,4,4,4276.0,5,1,0,0,4,0.4497,133.71
16,3,FullDH,6,4,3274.3,6,0,0,0,6,0.2712,128.5
16,3,FullDH,2,5,3977.5,2,0,1,0,1,0.4369,192.19
16,3,FullDH,4,5,5232.5,4,0,0,0,4,0.4065,94.84
16,3,FullDH,6,5,4132.9,6,0,0,1,7,0.4498,154.28
16,3,FullDH,2,6,3862.8,2,0,0,0,2,0.2258,261.02
16,3,FullDH,4,6,4027.1,4,0,0,0,4,0.5473,24.44
16,3,FullDH,6,6,2395.8,6,0,1,0,5,0.4067,133.96
16,3,FullDH,2,7,3032.8,2,0,0,0,2,0.5808,153.57
16,3,FullDH,4,7,3750.4,4,0,0,0,4,0.4521,230.7
16,3,FullDH,6,7,3059.0,6,0,0,0,6,0.0488,179.89
16,3,FullDH,2,8,4767.9,2,0,0,1,3,0.4096,79.19
16,3,FullDH,4,8,4317.2,5,1,0,0,4,0.6102,50.72
16,3,FullDH,6,8,3671.4,7,1,0,0,6,0.4841,63.93
16,3,FullDH,2,9,3317.5,2,0,0,1,3,0.5585,219.68
16,3,FullDH,4,9,3716.8,4,0,0,1,5,0.1058,189.32
16,3,FullDH,6,9,4198.2,6,0,0,0,6,0.2776,110.8
16,3,FullDH,2,10,2608.9,2,0,0,0,2,0.5012,139.63
16,3,FullDH,4,10,3732.2,4,0,0,0,4,0.626,100.57
16,3,FullDH,6,10,3310.6,6,0,0,0,6,0.4309,247.34
16,3,FullDH,2,11,4438.0,2,0,0,0,2,0.3983,127.77
16,3,FullDH,4,11,3818.5,4,0,1,0,3,0.1438,139.42
16,3,FullDH,6,11,3009.4,6,0,0,0,6,0.5761,253.94
16,3,FullDH,2,12,4204.2,2,0,1,0,1,0.2945,103.29
16,3,FullDH,4,12,3076.5,5,1,0,0,4,0.4464,164.03
16,3,FullDH,6,12,4859.4,7,1,1,0,5,0.3738,176.32
16,3,FullDH,2,13,3841.4,2,0,0,0,2,0.187,118.22
16,3,FullDH,4,13,3878.9,4,0,0,0,4,0.3018,207.4
16,3,FullDH,6,13,3920.6,6,0,0,0,6,0.0599,128.38
16,3,FullDH,2,14,4151.1,2,0,0,0,2,0.5097,92.92
16,3,FullDH,4,14,3293.4,4,0,0,1,5,0.4648,141.47
16,3,FullDH,6,14,2591.7,6,0,1,1,6,0.6147,70.38
16,4,SemiNDH,2,0,2756.2,2,0,0,1,3,0.3169,24.36
16,4,SemiNDH,4,0,3836.1,4,0,0,0,4,0.41,140.58
16,4,SemiNDH,6,0,3096.6,6,0,0,0,6,0.3026,64.05
16,4,SemiNDH,2,1,4504.3,2,0,1,0,1,0.1428,215.43
16,4,SemiNDH,4,1,3913.8,4,0,0,0,4,0.3591,52.41
16,4,SemiNDH,6,1,3605.2,6,0,0,0,6,0.5122,153.35
16,4,SemiNDH,2,2,4398.0,2,0,0,0,2,0.273,126.65
16,4,SemiNDH,4,2,4548.0,4,0,1,1,4,0.2362,108.07
16,4,SemiNDH,6,2,4219.6,6,0,0,0,6,0.1965,47.0
16,4,SemiNDH,2,3,4382.8,2,0,0,0,2,0.4421,117.48
16,4,SemiNDH,4,3,4589.5,4,0,0,1,5,0.3954,219.86
16,4,SemiNDH,6,3,4177.7,6,0,0,0,6,0.2842,238.5
16,4,SemiNDH,2,4,3841.0,2,0,1,0,1,0.4044,185.81
16,4,SemiNDH,4,4,3400.4,4,0,0,0,4,0.6035,226.24
16,4,SemiNDH,6,4,3278.4,7,1,0,1,7,0.4261,148.51
16,4,SemiNDH,2,5,4753.1,2,0,0,0,2,0.4855,106.43
16,4,SemiNDH,4,5,3835.0,4,0,0,0,4,0.4981,111.24
16,4,SemiNDH,6,5,3965.2,6,0,0,0,6,0.4615,90.35
16,4,SemiNDH,2,6,3114.0,3,1,0,1,3,0.4018,124.21
16,4,SemiNDH,4,6,4241.3,4,0,0,0,4,0.5568,180.95
16,4,SemiNDH,6,6,2676.7,6,0,0,0,6,0.5829,134.53
16,4,SemiNDH,2,7,3461.6,2,0,0,1,3,0.6655,59.37
16,4,SemiNDH,4,7,3804.6,4,0,1,0,3,0.1498,226.79
16,4,SemiNDH,6,7,3354.5,8,2,0,0,6,0.3815,90.4
16,4,SemiNDH,2,8,3687.5,2,0,0,0,2,0.457,97.87
16,4,SemiNDH,4,8,3278.6,4,0,0,0,4,0.3127,164.1
16,4,SemiNDH,6,8,2500.5,6,0,0,0,6,0.6286,153.06
16,4,SemiNDH,2,9,2813.4,2,0,0,0,2,0.4054,169.32
16,4,SemiNDH,4,9,3797.8,4,0,0,0,4,0.0253,132.9
16,4,SemiNDH,6,9,2955.8,6,0,0,0,6,0.3474,87.79
16,4,SemiNDH,2,10,4366.0,2,0,0,0,2,0.251,74.64
16,4,SemiNDH,4,10,2836.8,4,0,0,0,4,0.413,242.03
16,4,SemiNDH,6,10,2581.3,6,0,0,1,7,0.7036,149.84
16,4,SemiNDH,2,11,3910.5,2,0,0,0,2,0.3696,255.53
16,4,SemiNDH,4,11,5026.3,4,0,1,0,3,0.5337,70.94
16,4,SemiNDH,6,11,3416.0,6,0,0,1,7,0.4783,261.64
16,4,SemiNDH,2,12,4548.7,2,0,0,0,2,0.5526,77.14
16,4,SemiNDH,4,12,3209.9,4,0,1,0,3,0.5962,145.34
16,4,SemiNDH,6,12,3031.4,6,0,0,0,6,0.41,292.84
16,4,SemiNDH,2,13,3998.0,2,0,0,1,3,0.5072,204.41
16,4,SemiNDH,4,13,2903.3,6,2,0,2,6,0.4158,177.05
16,4,SemiNDH,6,13,3260.6,6,0,0,0,6,0.3328,143.44
16,4,SemiNDH,2,14,3126.8,2,0,0,0,2,0.6631,111.48
16,4,SemiNDH,4,14,4235.6,4,0,0,0,4,0.2587,299.12
16,4,SemiNDH,6,14,4284.6,6,0,0,0,6,0.5691,156.96
17,0,SemiTilt,2,0,3674.2,2,0,0,0,2,0.093,87.09
17,0,SemiTilt,4,0,3645.3,5,1,0,0,4,0.3173,153.03
17,0,SemiTilt,6,0,3783.6,7,1,0,0,6,0.2449,125.99
17,0,SemiTilt,2,1,3888.0,2,0,0,1,3,0.3648,98.29
17,0,SemiTilt,4,1,3928.1,4,0,1,0,3,0.5633,149.34
17,0,SemiTilt,6,1,3814.3,6,0,0,0,6,0.5174,144.81
17,0,SemiTilt,2,2,4236.6,2,0,0,0,2,0.3918,56.18
17,0,SemiTilt,4,2,4983.1,4,0,0,0,4,0.4262,105.6
17,0,SemiTilt,6,2,4312.9,6,0,0,0,6,0.1547,115.79
17,0,SemiTilt,2,3,3892.0,2,0,0,0,2,0.3421,163.55
17,0,SemiTilt,4,3,3210.9,4,0,1,0,3,0.4073,154.93
17,0,SemiTilt,6,3,4166.0,6,0,0,0,6,0.1439,140.88
17,0,SemiTilt,2,4,4521.0,2,0,0,0,2,0.4206,162.64
17,0,SemiTilt,4,4,4238.5,5,1,0,1,5,0.3217,122.22
17,0,SemiTilt,6,4,4558.2,7,1,0,0,6,0.3898,54.48
17,0,SemiTilt,2,5,4009.6,2,0,0,0,2,0.3033,135.46
17,0,SemiTilt,4,5,4865.2,4,0,0,1,5,0.2939,234.4
17,0,SemiTilt,6,5,3858.3,6,0,1,1,6,0.3991,170.7
17,0,SemiTilt,2,6,4506.3,3,1,0,0,2,0.7662,244.84
17,0,SemiTilt,4,6,4536.8,4,0,0,0,4,0.4298,211.86
17,0,SemiTilt,6,6,3723.5,6,0,0,0,6,0.3403,21.1
17,0,SemiTilt,2,7,4315.4,2,0,0,0,2,0.1399,110.48
17,0,SemiTilt,4,7,4575.4,4,0,1,0,3,0.4329,148.28
17,0,SemiTilt,6,7,5348.3,7,1,0,0,6,0.4684,88.53
17,0,SemiTilt,2,8,3428.4,2,0,0,0,2,0.3691,231.26
17,0,SemiTilt,4,8,3392.6,4,0,0,0,4,0.5719,161.08
17,0,SemiTilt,6,8,3990.2,6,0,0,0,6,0.2781,224.52
17,0,SemiTilt,2,9,3064.6,2,0,0,0,2,0.443,130.48
17,0,SemiTilt,4,9,4850.9,4,0,0,0,4,0.4707,151.94
17,0,SemiTilt,6,9,3959.2,6,0,2,0,4,0.1055,244.05
17,0,SemiTilt,2,10,4760.1,2,0,0,1,3,0.6771,138.73
17,0,SemiTilt,4,10,3396.3,4,0,0,1,5,0.4094,163.25
17,0,SemiTilt,6,10,2941.7,6,0,0,0,6,0.1962,77.8
17,0,SemiTilt,2,11,3749.2,2,0,0,0,2,0.5891,197.61
17,0,SemiTilt,4,11,3831.0,4,0,0,0,4,0.1757,164.37
17,0,SemiTilt,6,11,5198.0,6,0,0,0,6,0.4723,130.29
17,0,SemiTilt,2,12,4657.8,3,1,0,0,2,0.3594,160.71
17,0,SemiTilt,4,12,4250.2,4,0,1,0,3,0.6842,97.72
17,0,SemiTilt,6,12,4164.9,6,0,0,0,6,0.2598,224.1
17,0,SemiTilt,2,13,5275.5,2,0,0,0,2,0.3962,214.97
17,0,SemiTilt,4,13,3934.7,4,0,0,0,4,0.2448,198.56
17,0,SemiTilt,6,13,3437.9,7,1,0,0,6,0.2357,176.83
17,0,SemiTilt,2,14,3840.5,2,0,0,0,2,0.4276,198.56
17,0,SemiTilt,4,14,4999.2,4,0,0,0,4,0.4313,117.82
17,0,SemiTilt,6,14,5070.3,6,0,0,0,6,0.1878,280.81
17,1,FullDH,2,0,4633.7,2,0,0,0,2,0.2858,67.34
17,1,FullDH,4,0,4194.0,5,1,0,1,5,0.2787,234.72
17,1,FullDH,6,0,4532.4,7,1,0,1,7,0.3937,90.08
17,1,FullDH,2,1,3939.7,2,0,0,0,2,0.4479,179.91
17,1,FullDH,4,1,5071.6,5,1,0,0,4,0.4437,1.13
17,1,FullDH,6,1,2859.0,6,0,0,0,6,0.6505,150.91
17,1,FullDH,2,2,3654.2,2,0,0,1,3,0.4114,227.96
17,1,FullDH,4,2,4319.1,4,0,0,1,5,0.505,83.66
17,1,FullDH,6,2,3666.0,6,0,0,0,6,0.3784,115.26
17,1,FullDH,2,3,4544.0,2,0,0,0,2,0.4596,143.3
17,1,FullDH,4,3,3881.9,4,0,0,0,4,0.2843,153.95
17,1,FullDH,6,3,3857.2,6,0,0,1,7,0.0939,178.46
17,1,FullDH,2,4,4072.1,2,0,0,0,2,0.3075,256.89
17,1,FullDH,4,4,3642.4,4,0,0,0,4,0.32,170.02
17,1,FullDH,6,4,4420.2,7,1,0,0,6,0.1958,83.39
17,1,FullDH,2,5,4526.5,3,1,0,0,2,0.6844,199.98
17,1,FullDH,4,5,4031.3,5,1,1,0,3,0.3263,276.47
17,1,FullDH,6,5,4110.3,6,0,0,0,6,0.0916,110.91
17,1,FullDH,2,6,4414.4,2,0,0,1,3,0.4492,185.24
17,1,FullDH,4,6,3856.5,5,1,1,0,3,0.4471,234.93
17,1,FullDH,6,6,4924.9,6,0,0,0,6,0.2177,63.53
17,1,FullDH,2,7,4206.6,3,1,0,0,2,0.621,171.87
17,1,FullDH,4,7,3715.9,4,0,0,1,5,0.4732,221.93
17,1,FullDH,6,7,3842.9,6,0,1,1,6,0.2725,96.26
17,1,FullDH,2,8,3008.9,2,0,0,0,2,0.4639,92.71
17,1,FullDH,4,8,4213.5,5,1,0,0,4,0.8004,134.31
17,1,FullDH,6,8,3409.5,7,1,0,0,6,0.3925,119.57
17,1,FullDH,2,9,2735.8,2,0,0,1,3,0.3982,201.4
17,1,FullDH,4,9,4595.9,4,0,0,0,4,0.2797,128.86
17,1,FullDH,6,9,3139.2,6,0,0,0,6,0.5251,140.47
17,1,FullDH,2,10,4842.0,2,0,0,0,2,0.4658,167.66
17,1,FullDH,4,10,3452.0,4,0,0,1,5,0.2347,163.4
17,1,FullDH,6,10,4104.3,6,0,0,0,6,0.5616,92.3
17,1,FullDH,2,11,4512.5,2,0,0,1,3,0.3366,132.31
17,1,FullDH,4,11,3878.7,4,0,0,0,4,0.2022,165.15
17,1,FullDH,6,11,3444.5,6,0,0,0,6,0.5668,289.07
17,1,FullDH,2,12,4680.4,2,0,0,0,2,0.36,74.83
17,1,FullDH,4,12,4191.3,4,0,0,0,4,0.4481,125.38
17,1,FullDH,6,12,4646.2,6,0,0,0,6,0.3077,168.38
17,1,FullDH,2,13,4194.8,2,0,0,1,3,0.0624,244.4
17,1,FullDH,4,13,4172.2,4,0,0,0,4,0.6308,185.59
17,1,FullDH,6,13,3928.2,6,0,0,0,6,0.5959,192.74
17,1,FullDH,2,14,4072.0,2,0,0,0,2,0.3364,130.43
17,1,FullDH,4,14,4504.7,4,0,0,0,4,0.3063,252.8
17,1,FullDH,6,14,4196.9,6,0,0,1,7,0.384,171.42
17,2,SemiSwipe,2,0,4055.8,2,0,1,0,1,0.383,169.27
17,2,SemiSwipe,4,0,4875.8,4,0,0,0,4,0.451,176.04
17,2,SemiSwipe,6,0,4078.8,6,0,0,0,6,0.4322,73.63
17,2,SemiSwipe,2,1,3667.7,2,0,0,0,2,0.3465,191.79
17,2,SemiSwipe,4,1,3548.7,5,1,0,0,4,0.5181,107.54
17,2,SemiSwipe,6,1,4131.6,6,0,0,1,7,0.4471,156.44
17,2,SemiSwipe,2,2,3908.6,2,0,0,1,3,0.5044,170.78
17,2,SemiSwipe,4,2,4380.7,4,0,1,0,3,0.4409,97.3
17,2,SemiSwipe,6,2,4612.9,6,0,0,1,7,0.5344,133.16
17,2,SemiSwipe,2,3,4154.1,2,0,0,0,2,0.5765,122.58
17,2,SemiSwipe,4,3,3244.3,4,0,0,0,4,0.2769,196.42
17,2,SemiSwipe,6,3,4082.2,6,0,1,0,5,0.5072,166.8
17,2,SemiSwipe,2,4,4064.8,2,0,0,0,2,0.3538,248.01
17,2,SemiSwipe,4,4,4570.5,4,0,0,1,5,0.2219,115.62
17,2,SemiSwipe,6,4,3906.7,6,0,1,0,5,0.1629,168.26
17,2,SemiSwipe,2,5,3967.1,2,0,0,0,2,0.0594,165.61
17,2,SemiSwipe,4,5,4077.1,4,0,0,1,5,0.2416,71.24
17,2,SemiSwipe,6,5,2682.6,6,0,1,1,6,0.4762,175.29
17,2,SemiSwipe,2,6,4297.2,2,0,0,0,2,0.2701,111.41
17,2,SemiSwipe,4,6,4327.4,4,0,0,0,4,0.4647,55.93
17,2,SemiSwipe,6,6,4043.9,7,1,0,1,7,0.6059,60.48
17,2,SemiSwipe,2,7,4681.8,2,0,0,0,2,0.2378,151.34
17,2,SemiSwipe,4,7,4316.9,4,0,0,0,4,0.3027,100.22
17,2,SemiSwipe,6,7,4680.3,6,0,0,1,7,0.1659,116.11
17,2,SemiSwipe,2,8,4474.6,2,0,0,0,2,0.4673,210.81
17,2,SemiSwipe,4,8,4992.8,4,0,0,0,4,0.289,194.66
17,2,SemiSwipe,6,8,3382.7,6,0,0,0,6,0.3312,184.52
17,2,SemiSwipe,2,9,4306.1,2,0,0,0,2,0.6594,222.37
17,2,SemiSwipe,4,9,3582.4,4,0,0,1,5,0.202,124.37
17,2,SemiSwipe,6,9,4629.2,6,0,0,0,6,0.182,205.85
17,2,SemiSwipe,2,10,4889.1,2,0,0,0,2,0.5125,216.8
17,2,SemiSwipe,4,10,4187.0,4,0,0,0,4,0.3156,115.02
17,2,SemiSwipe,6,10,4172.3,6,0,0,0,6,0.2205,146.48
17,2,SemiSwipe,2,11,4278.1,2,0,1,0,1,0.402,241.68
17,2,SemiSwipe,4,11,4480.1,4,0,0,0,4,0.6265,93.99
17,2,SemiSwipe,6,11,4156.0,7,1,0,1,7,0.299,208.27
17,2,SemiSwipe,2,12,4187.1,2,0,0,0,2,0.3717,155.39
17,2,SemiSwipe,4,12,4497.4,4,0,0,0,4,0.5636,144.29
17,2,SemiSwipe,6,12,3896.5,6,0,0,1,7,0.2291,205.34
17,2,SemiSwipe,2,13,4184.0,3,1,1,1,2,0.4321,107.9
17,2,SemiSwipe,4,13,3916.4,4,0,0,0,4,0.472,257.47
17,2,SemiSwipe,6,13,5214.8,7,1,0,0,6,0.1927,208.61
17,2,SemiSwipe,2,14,4097.8,2,0,0,0,2,0.4051,117.79
17,2,SemiSwipe,4,14,4221.4,4,0,0,0,4,0.6449,195.14
17,2,SemiSwipe,6,14,4093.0,6,0,1,0,5,0.3273,116.81
17,3,SemiNDH,2,0,4176.2,2,0,0,0,2,0.4317,214.04
17,3,SemiNDH,4,0,3646.5,4,0,0,0,4,0.556,188.65
17,3,SemiNDH,6,0,3962.0,6,0,0,0,6,0.4554,214.82
17,3,SemiNDH,2,1,3757.5,2,0,0,0,2,0.4498,45.06
17,3,SemiNDH,4,1,3280.6,5,1,0,0,4,0.5665,161.25
17,3,SemiNDH,6,1,3563.4,7,1,0,0,6,0.3963,227.38
17,3,SemiNDH,2,2,4085.5,3,1,0,0,2,0.375,92.36
17,3,SemiNDH,4,2,3372.3,4,0,0,1,5,0.7552,59.16
17,3,SemiNDH,6,2,4515.3,6,0,0,0,6,0.098,121.88
17,3,SemiNDH,2,3,4836.9,2,0,0,0,2,0.5791,147.91
17,3,SemiNDH,4,3,3772.6,4,0,0,0,4,0.549,2.55
17,3,SemiNDH,6,3,4486.6,6,0,0,1,7,0.3839,141.14
17,3,SemiNDH,2,4,4419.0,2,0,0,0,2,0.32,98.63
17,3,SemiNDH,4,4,2933.9,5,1,0,0,4,0.7598,178.16
17,3,SemiNDH,6,4,3929.0,6,0,1,0,5,0.2637,125.81
17,3,SemiNDH,2,5,3214.6,2,0,0,0,2,0.5367,199.2
17,3,SemiNDH,4,5,4883.9,4,0,0,0,4,0.5134,166.35
17,3,SemiNDH,6,5,4283.2,6,0,0,0,6,0.528,153.45
17,3,SemiNDH,2,6,3759.0,2,0,0,1,3,0.243,196.02
17,3,SemiNDH,4,6,4634.2,5,1,0,0,4,0.3812,127.59
17,3,SemiNDH,6,6,3432.2,6,0,0,0,6,0.6203,148.9
17,3,SemiNDH,2,7,5546.2,3,1,0,0,2,0.5215,113.45
17,3,SemiNDH,4,7,4384.5,5,1,0,1,5,0.4173,124.78
17,3,SemiNDH,6,7,4009.8,6,0,0,0,6,0.4235,191.88
17,3,SemiNDH,2,8,2700.9,2,0,0,1,3,0.8473,106.28
17,3,SemiNDH,4,8,4000.4,4,0,0,0,4,0.4534,198.38
17,3,SemiNDH,6,8,3908.4,6,0,0,1,7,0.6091,138.14
17,3,SemiNDH,2,9,3687.4,2,0,0,1,3,0.4635,245.98
17,3,SemiNDH,4,9,3828.1,4,0,1,0,3,0.3045,103.59
17,3,SemiNDH,6,9,2864.3,6,0,0,0,6,0.3014,124.04
17,3,SemiNDH,2,10,3553.5,3,1,0,1,3,0.3669,34.88
17,3,SemiNDH,4,10,4269.2,4,0,1,0,3,0.5335,88.98
17,3,SemiNDH,6,10,4383.5,6,0,0,0,6,0.1596,139.99
17,3,SemiNDH,2,11,4276.6,2,0,0,1,3,0.431,204.25
17,3,SemiNDH,4,11,3022.6,4,0,0,1,5,0.3689,124.42
17,3,SemiNDH,6,11,3328.6,7,1,0,1,7,0.3497,44.71
17,3,SemiNDH,2,12,2624.6,2,0,0,0,2,0.4258,50.83
17,3,SemiNDH,4,12,3091.0,5,1,1,0,3,0.3564,99.65
17,3,SemiNDH,6,12,4071.9,7,1,1,0,5,0.4078,73.99
17,3,SemiNDH,2,13,3584.1,2,0,1,1,2,0.3888,172.33
17,3,SemiNDH,4,13,4790.5,4,0,0,0,4,0.2868,282.43
17,3,SemiNDH,6,13,4989.7,6,0,0,0,6,0.5663,172.86
17,3,SemiNDH,2,14,4090.4,2,0,0,1,3,0.4445,1.49
17,3,SemiNDH,4,14,4788.8,4,0,0,0,4,0.546,206.97
17,3,SemiNDH,6,14,3873.2,6,0,0,1,7,0.7163,97.07
17,4,SemiDwell,2,0,3682.9,2,0,0,0,2,0.4803,274.9
17,4,SemiDwell,4,0,4839.8,4,0,0,0,4,0.439,203.75
17,4,SemiDwell,6,0,4097.0,6,0,1,0,5,0.4551,168.34
17,4,SemiDwell,2,1,3658.8,2,0,0,1,3,0.3857,164.76
17,4,SemiDwell,4,1,3558.5,5,1,0,0,4,0.725,161.72
17,4,SemiDwell,6,1,3987.7,6,0,0,1,7,0.4115,65.65
17,4,SemiDwell,2,2,3358.5,2,0,1,0,1,0.0491,120.3
17,4,SemiDwell,4,2,3880.5,4,0,0,0,4,0.4058,139.55
17,4,SemiDwell,6,2,4401.4,6,0,0,0,6,0.2963,136.91
17,4,SemiDwell,2,3,3888.8,2,0,0,0,2,0.3188,184.22
17,4,SemiDwell,4,3,3507.1,4,0,0,0,4,0.1363,155.82
17,4,SemiDwell,6,3,4334.1,6,0,0,1,7,0.6284,144.66
17,4,SemiDwell,2,4,3834.3,2,0,0,0,2,0.4407,214.76
17,4,SemiDwell,4,4,4168.3,6,2,0,0,4,0.2727,90.71
17,4,SemiDwell,6,4,4446.6,7,1,0,0,6,0.4879,44.73
17,4,SemiDwell,2,5,4213.5,2,0,0,0,2,0.4437,124.84
17,4,SemiDwell,4,5,4486.8,4,0,0,0,4,0.2822,137.27
17,4,SemiDwell,6,5,4725.4,6,0,0,0,6,0.6441,126.66
17,4,SemiDwell,2,6,3953.1,2,0,0,0,2,0.3873,196.77
17,4,SemiDwell,4,6,4914.5,4,0,0,1,5,0.1404,280.73
17,4,SemiDwell,6,6,3263.3,6,0,1,0,5,0.4097,82.76
17,4,SemiDwell,2,7,4193.1,2,0,0,1,3,0.1669,225.52
17,4,SemiDwell,4,7,2835.0,4,0,0,1,5,0.6234,139.47
17,4,SemiDwell,6,7,3239.1,6,0,0,0,6,0.2803,141.22
17,4,SemiDwell,2,8,2690.7,2,0,0,1,3,0.5575,140.79
17,4,SemiDwell,4,8,3929.9,4,0,0,1,5,0.4464,139.97
17,4,SemiDwell,6,8,4597.5,6,0,0,0,6,0.584,196.34
17,4,SemiDwell,2,9,4845.6,2,0,0,0,2,0.4676,40.99
17,4,SemiDwell,4,9,5035.9,6,2,0,0,4,0.4418,210.41
17,4,SemiDwell,6,9,3711.0,6,0,0,1,7,0.3976,211.77
17,4,SemiDwell,2,10,4494.5,3,1,0,0,2,0.2918,130.22
17,4,SemiDwell,4,10,4532.3,4,0,0,0,4,0.4875,166.56
17,4,SemiDwell,6,10,4822.6,7,1,0,0,6,0.1347,174.32
17,4,SemiDwell,2,11,4610.0,2,0,0,0,2,0.4437,215.35
17,4,SemiDwell,4,11,3783.9,4,0,0,0,4,0.4727,180.65
17,4,SemiDwell,6,11,5043.0,6,0,0,0,6,0.3467,99.26
17,4,SemiDwell,2,12,4911.6,3,1,0,0,2,0.601,178.97
17,4,SemiDwell,4,12,3430.0,4,0,0,0,4,0.3341,229.04
17,4,SemiDwell,6,12,2892.2,6,0,0,1,7,0.4982,176.09
17,4,SemiDwell,2,13,4615.6,2,0,0,1,3,0.4248,107.39
17,4,SemiDwell,4,13,4335.6,4,0,1,0,3,0.2969,105.61
17,4,SemiDwell,6,13,4668.8,6,0,0,0,6,0.5419,182.59
17,4,SemiDwell,2,14,3806.3,2,0,0,0,2,0.1968,192.43
17,4,SemiDwell,4,14,4236.8,4,0,0,0,4,0.1721,236.09
17,4,SemiDwell,6,14,3638.8,6,0,0,0,6,0.0368,20.33
18,0,FullDH,2,0,4431.5,2,0,0,0,2,0.3408,97.71
18,0,FullDH,4,0,5207.3,4,0,0,1,5,0.3922,35.37
18,0,FullDH,6,0,3313.9,6,0,1,0,5,0.3067,185.57
18,0,FullDH,2,1,3679.7,2,0,0,0,2,0.2818,186.38
18,0,FullDH,4,1,4831.2,4,0,1,0,3,0.3213,74.88
18,0,FullDH,6,1,3700.6,6,0,0,0,6,0.255,173.28
18,0,FullDH,2,2,4736.8,2,0,0,0,2,0.3397,97.72
18,0,FullDH,4,2,4424.0,4,0,0,0,4,0.4448,34.85
18,0,FullDH,6,2,4625.5,8,2,0,0,6,0.3219,134.08
18,0,FullDH,2,3,4543.0,3,1,0,0,2,0.2302,163.5
18,0,FullDH,4,3,4769.6,4,0,0,1,5,0.4487,166.05
18,0,FullDH,6,3,4167.1,6,0,2,1,5,0.4705,225.25
18,0,FullDH,2,4,4722.7,2,0,1,0,1,0.5217,81.25
18,0,FullDH,4,4,5530.5,4,0,0,0,4,0.4795,119.37
18,0,FullDH,6,4,4702.0,6,0,0,1,7,0.4236,143.01
18,0,FullDH,2,5,5892.2,2,0,0,0,2,0.5567,128.19
18,0,FullDH,4,5,5869.4,5,1,0,0,4,0.3916,208.36
18,0,FullDH,6,5,3789.8,6,0,1,0,5,0.3255,184.74
18,0,FullDH,2,6,3910.3,2,0,0,0,2,0.3653,207.5
18,0,FullDH,4,6,4547.4,5,1,1,0,3,0.5525,232.55
18,0,FullDH,6,6,3667.7,8,2,0,0,6,0.6465,185.84
18,0,FullDH,2,7,4027.3,3,1,0,1,3,0.3346,157.85
18,0,FullDH,4,7,4913.5,4,0,0,0,4,0.2774,49.4
18,0,FullDH,6,7,5315.1,6,0,0,0,6,0.3405,179.18
18,0,FullDH,2,8,3978.7,2,0,0,0,2,0.1923,191.12
18,0,FullDH,4,8,5519.8,4,0,0,0,4,0.2658,121.2
18,0,FullDH,6,8,4963.3,6,0,0,0,6,0.0296,268.97
18,0,FullDH,2,9,4345.0,2,0,0,1,3,0.3806,107.31
18,0,FullDH,4,9,3949.8,5,1,0,0,4,0.4622,178.97
18,0,FullDH,6,9,4037.6,6,0,0,0,6,0.3441,223.3
18,0,FullDH,2,10,5219.8,2,0,0,0,2,0.1415,207.59
18,0,FullDH,4,10,3681.3,4,0,0,0,4,0.3702,117.6
18,0,FullDH,6,10,4560.4,6,0,1,0,5,0.3555,194.06
18,0,FullDH,2,11,3499.2,2,0,0,0,2,0.3324,250.92
18,0,FullDH,4,11,3738.9,4,0,0,0,4,0.4572,88.16
18,0,FullDH,6,11,4764.9,6,0,0,0,6,0.5817,172.05
18,0,FullDH,2,12,4533.9,2,0,0,1,3,0.2647,95.62
18,0,FullDH,4,12,6616.1,4,0,0,1,5,0.2555,116.66
18,0,FullDH,6,12,4628.5,7,1,0,1,7,0.4087,145.74
18,0,FullDH,2,13,4820.2,2,0,0,0,2,0.5858,193.54
18,0,FullDH,4,13,3898.9,4,0,0,1,5,0.3903,153.29
18,0,FullDH,6,13,4538.4,7,1,0,1,7,0.3169,2.58
18,0,FullDH,2,14,5124.8,3,1,0,1,3,0.2089,37.75
18,0,FullDH,4,14,5394.4,4,0,0,0,4,0.3415,165.32
18,0,FullDH,6,14,4748.2,7,1,0,1,7,0.4892,179.01
18,1,SemiNDH,2,0,5394.3,3,1,0,0,2,0.4407,95.71
18,1,SemiNDH,4,0,4406.8,4,0,0,0,4,0.5219,129.7
18,1,SemiNDH,6,0,5492.2,6,0,0,0,6,0.5179,174.51
18,1,SemiNDH,2,1,5812.4,2,0,0,0,2,0.4302,120.5
18,1,SemiNDH,4,1,3754.1,5,1,0,0,4,0.1885,67.62
18,1,SemiNDH,6,1,5126.8,6,0,0,0,6,0.4168,212.24
18,1,SemiNDH,2,2,4484.5,2,0,0,0,2,0.4307,142.58
18,1,SemiNDH,4,2,5368.9,4,0,0,0,4,0.3694,222.38
18,1,SemiNDH,6,2,5142.7,6,0,0,0,6,0.3787,126.33
18,1,SemiNDH,2,3,5524.4,2,0,0,1,3,0.2524,37.83
18,1,SemiNDH,4,3,3538.9,4,0,0,0,4,0.2981,87.54
18,1,SemiNDH,6,3,4527.2,6,0,0,0,6,0.6316,68.32
18,1,SemiNDH,2,4,4377.9,2,0,0,1,3,0.5334,57.43
18,1,SemiNDH,4,4,4433.3,4,0,0,0,4,0.3736,94.46
18,1,SemiNDH,6,4,3993.4,6,0,0,1,7,0.4644,237.49
18,1,SemiNDH,2,5,4486.6,2,0,0,0,2,0.3886,199.21
18,1,SemiNDH,4,5,4008.2,4,0,1,0,3,0.1978,210.36
18,1,SemiNDH,6,5,5085.0,6,0,0,0,6,0.366,201.35
18,1,SemiNDH,2,6,3530.1,2,0,0,0,2,0.2252,166.89
18,1,SemiNDH,4,6,4471.6,4,0,0,0,4,0.5162,103.24
18,1,SemiNDH,6,6,4339.6,6,0,0,0,6,0.5212,107.03
18,1,SemiNDH,2,7,4282.3,2,0,0,1,3,0.376,154.47
18,1,SemiNDH,4,7,4077.0,5,1,0,0,4,0.3832,274.37
18,1,SemiNDH,6,7,4248.3,6,0,0,1,7,0.3036,111.26
18,1,SemiNDH,2,8,4750.5,2,0,0,0,2,0.2745,240.07
18,1,SemiNDH,4,8,4447.7,5,1,0,0,4,0.2945,129.65
18,1,SemiNDH,6,8,5619.6,6,0,0,0,6,0.6325,205.3
18,1,SemiNDH,2,9,5371.6,2,0,0,0,2,0.4939,286.23
18,1,SemiNDH,4,9,3605.9,4,0,0,0,4,0.0035,160.05
18,1,SemiNDH,6,9,4249.0,7,1,0,0,6,0.4564,49.08
18,1,SemiNDH,2,10,4925.4,2,0,0,0,2,0.5584,113.78
18,1,SemiNDH,4,10,3784.9,4,0,0,1,5,0.1538,107.9
18,1,SemiNDH,6,10,4098.2,6,0,0,0,6,0.3479,193.54
18,1,SemiNDH,2,11,4810.8,2,0,1,0,1,0.5151,68.44
18,1,SemiNDH,4,11,4220.6,4,0,0,0,4,0.3198,197.29
18,1,SemiNDH,6,11,4799.3,8,2,0,0,6,0.5504,229.13
18,1,SemiNDH,2,12,5248.9,2,0,0,0,2,0.2486,192.51
18,1,SemiNDH,4,12,4725.0,4,0,0,0,4,0.4356,160.56
18,1,SemiNDH,6,12,4779.1,6,0,0,0,6,0.3962,233.92
18,1,SemiNDH,2,13,4533.3,2,0,0,0,2,0.4005,173.87
18,1,SemiNDH,4,13,4689.9,4,0,0,1,5,0.1783,155.36
18,1,SemiNDH,6,13,4501.5,6,0,0,0,6,0.3667,223.7
18,1,SemiNDH,2,14,3853.9,2,0,0,0,2,0.2237,216.7
18,1,SemiNDH,4,14,4522.1,5,1,0,0,4,0.4499,109.62
18,1,SemiNDH,6,14,4463.7,6,0,0,0,6,0.4678,124.03
18,2,SemiTilt,2,0,4163.6,2,0,0,1,3,0.3535,144.76
18,2,SemiTilt,4,0,4431.9,5,1,0,0,4,0.2147,117.3
18,2,SemiTilt,6,0,4253.8,6,0,0,0,6,0.3551,136.69
18,2,SemiTilt,2,1,4311.0,2,0,0,1,3,0.3492,296.6
18,2,SemiTilt,4,1,4650.1,4,0,0,1,5,0.4845,183.31
18,2,SemiTilt,6,1,5339.9,6,0,0,0,6,0.4004,198.97
18,2,SemiTilt,2,2,5842.6,2,0,0,1,3,0.0951,63.49
18,2,SemiTilt,4,2,4665.7,4,0,0,1,5,0.5989,104.64
18,2,SemiTilt,6,2,5289.7,6,0,0,0,6,0.3454,124.3
18,2,SemiTilt,2,3,4983.8,2,0,0,1,3,0.4224,82.6
18,2,SemiTilt,4,3,3906.8,4,0,0,0,4,0.2748,160.95
18,2,SemiTilt,6,3,5455.4,6,0,0,0,6,0.538,167.68
18,2,SemiTilt,2,4,4830.3,2,0,0,0,2,0.1663,96.42
18,2,SemiTilt,4,4,4142.3,4,0,0,0,4,0.2149,198.45
18,2,SemiTilt,6,4,4438.8,6,0,0,0,6,0.2966,284.81
18,2,SemiTilt,2,5,3984.0,2,0,0,0,2,0.4095,139.77
18,2,SemiTilt,4,5,5033.0,4,0,0,0,4,0.5996,231.12
18,2,SemiTilt,6,5,5268.4,6,0,0,1,7,0.1345,131.19
18,2,SemiTilt,2,6,3641.9,2,0,0,0,2,0.3426,97.44
18,2,SemiTilt,4,6,4675.7,4,0,0,1,5,0.2594,70.05
18,2,SemiTilt,6,6,3936.4,6,0,1,0,5,0.424,177.41
18,2,SemiTilt,2,7,5447.6,2,0,0,0,2,0.3331,221.9
18,2,SemiTilt,4,7,3419.2,5,1,0,1,5,0.5458,173.43
18,2,SemiTilt,6,7,4499.6,7,1,0,0,6,0.4381,160.21
18,2,SemiTilt,2,8,5337.2,3,1,0,0,2,0.5421,128.61
18,2,SemiTilt,4,8,4697.0,4,0,0,0,4,0.4136,217.43
18,2,SemiTilt,6,8,3659.8,6,0,0,0,6,0.614,185.79
18,2,SemiTilt,2,9,3886.8,2,0,0,1,3,0.2349,225.81
18,2,SemiTilt,4,9,5123.2,4,0,0,0,4,0.5007,187.39
18,2,SemiTilt,6,9,4915.8,7,1,0,1,7,0.1919,146.23
18,2,SemiTilt,2,10,5504.7,2,0,0,0,2,0.3354,84.7
18,2,SemiTilt,4,10,2828.9,4,0,0,0,4,0.3059,189.89
18,2,SemiTilt,6,10,3841.1,6,0,0,0,6,0.4279,208.37
18,2,SemiTilt,2,11,4560.3,2,0,0,1,3,0.1915,66.7
18,2,SemiTilt,4,11,4887.3,4,0,0,1,5,0.5828,224.31
18,2,SemiTilt,6,11,5108.2,6,0,0,1,7,0.5108,125.58
18,2,SemiTilt,2,12,3780.5,2,0,0,0,2,0.2008,235.7
18,2,SemiTilt,4,12,4731.9,4,0,0,0,4,0.3709,85.96
18,2,SemiTilt,6,12,4942.5,6,0,0,0,6,0.4239,101.53
18,2,SemiTilt,2,13,4895.4,2,0,0,0,2,0.3425,61.36
18,2,SemiTilt,4,13,4503.8,4,0,0,1,5,0.6018,174.83
18,2,SemiTilt,6,13,4711.0,6,0,0,0,6,0.3369,180.59
18,2,SemiTilt,2,14,4971.5,2,0,0,0,2,0.4145,56.41
18,2,SemiTilt,4,14,4821.5,4,0,0,0,4,0.2677,43.24
18,2,SemiTilt,6,14,4879.8,6,0,0,0,6,0.6394,216.38
18,3,SemiDwell,2,0,5697.2,2,0,0,1,3,0.5064,202.82
18,3,SemiDwell,4,0,4288.7,4,0,0,1,5,0.5527,160.81
18,3,SemiDwell,6,0,3844.1,6,0,0,1,7,0.2652,143.06
18,3,SemiDwell,2,1,5001.4,2,0,0,1,3,0.3065,166.92
18,3,SemiDwell,4,1,4297.6,4,0,0,0,4,0.2777,78.6
18,3,SemiDwell,6,1,4706.1,6,0,0,0,6,0.3763,218.13
18,3,SemiDwell,2,2,5298.2,3,1,0,1,3,0.5227,164.53
18,3,SemiDwell,4,2,4569.2,5,1,0,0,4,0.5348,122.59
18,3,SemiDwell,6,2,4365.8,6,0,0,0,6,0.2689,79.99
18,3,SemiDwell,2,3,4137.2,2,0,0,0,2,0.3039,89.44
18,3,SemiDwell,4,3,4712.8,5,1,0,0,4,0.3016,56.28
18,3,SemiDwell,6,3,5366.5,6,0,0,1,7,0.3888,44.08
18,3,SemiDwell,2,4,4030.3,2,0,0,1,3,0.3712,118.78
18,3,SemiDwell,4,4,4732.9,4,0,0,1,5,0.2557,124.3
18,3,SemiDwell,6,4,4559.3,6,0,0,0,6,0.4,263.82
18,3,SemiDwell,2,5,4656.6,2,0,0,0,2,0.6702,136.85
18,3,SemiDwell,4,5,4306.9,5,1,0,1,5,0.4783,206.74
18,3,SemiDwell,6,5,4060.9,7,1,1,0,5,0.5684,181.25
18,3,SemiDwell,2,6,4832.6,3,1,0,0,2,0.2703,54.05
18,3,SemiDwell,4,6,3903.5,5,1,0,0,4,0.5584,245.1
18,3,SemiDwell,6,6,3826.9,6,0,0,0,6,0.0894,190.2
18,3,SemiDwell,2,7,4869.9,2,0,0,0,2,0.5542,74.29
18,3,SemiDwell,4,7,4369.7,5,1,0,0,4,0.628,200.92
18,3,SemiDwell,6,7,4848.5,6,0,0,0,6,0.4046,280.15
18,3,SemiDwell,2,8,5450.4,3,1,1,0,1,0.1976,111.79
18,3,SemiDwell,4,8,4189.9,4,0,0,0,4,0.2282,226.51
18,3,SemiDwell,6,8,5586.7,7,1,1,0,5,0.4155,170.72
18,3,SemiDwell,2,9,3720.7,2,0,0,1,3,0.3781,112.29
18,3,SemiDwell,4,9,5127.0,4,0,0,1,5,0.1254,195.75
18,3,SemiDwell,6,9,3435.0,7,1,0,1,7,0.5667,103.92
18,3,SemiDwell,2,10,5167.0,2,0,0,0,2,0.3763,13.3
18,3,SemiDwell,4,10,4489.6,4,0,0,0,4,0.4193,222.69
18,3,SemiDwell,6,10,4623.0,6,0,0,1,7,0.8544,65.77
18,3,SemiDwell,2,11,4986.5,2,0,0,1,3,0.4491,149.93
18,3,SemiDwell,4,11,4613.6,4,0,0,0,4,0.671,89.49
18,3,SemiDwell,6,11,5068.8,6,0,0,1,7,0.2689,240.94
18,3,SemiDwell,2,12,5180.9,2,0,0,0,2,0.3066,182.35
18,3,SemiDwell,4,12,5440.8,4,0,0,0,4,0.256,209.05
18,3,SemiDwell,6,12,5196.6,7,1,0,0,6,0.2379,169.68
18,3,SemiDwell,2,13,4220.5,2,0,0,0,2,0.541,155.47
18,3,SemiDwell,4,13,4571.3,5,1,0,0,4,0.1912,213.58
18,3,SemiDwell,6,13,5184.2,6,0,1,0,5,0.3576,314.13
18,3,SemiDwell,2,14,4582.9,2,0,0,0,2,0.2782,77.0
18,3,SemiDwell,4,14,3982.2,4,0,0,1,5,0.5109,236.09
18,3,SemiDwell,6,14,4604.1,6,0,0,0,6,0.3632,198.9
18,4,SemiSwipe,2,0,3932.7,2,0,0,0,2,0.3292,162.89
18,4,SemiSwipe,4,0,4420.1,4,0,0,0,4,0.3887,187.88
18,4,SemiSwipe,6,0,4579.9,7,1,0,0,6,0.4717,110.01
18,4,SemiSwipe,2,1,4818.3,3,1,0,0,2,0.4375,123.07
18,4,SemiSwipe,4,1,4612.6,4,0,0,0,4,0.5175,198.0
18,4,SemiSwipe,6,1,5564.5,7,1,1,1,6,0.3465,77.23
18,4,SemiSwipe,2,2,5307.8,3,1,0,1,3,0.269,134.78
18,4,SemiSwipe,4,2,4163.0,4,0,0,0,4,0.4464,93.03
18,4,SemiSwipe,6,2,4903.7,7,1,0,1,7,0.4454,97.36
18,4,SemiSwipe,2,3,4497.5,2,0,0,0,2,0.5039,148.15
18,4,SemiSwipe,4,3,4304.8,5,1,0,0,4,0.5055,87.46
18,4,SemiSwipe,6,3,3592.2,7,1,0,1,7,0.2501,140.02
18,4,SemiSwipe,2,4,4438.8,3,1,0,0,2,0.6525,173.21
18,4,SemiSwipe,4,4,4538.2,4,0,0,0,4,0.2896,83.04
18,4,SemiSwipe,6,4,3463.2,7,1,1,0,5,0.4347,124.5
18,4,SemiSwipe,2,5,4713.3,2,0,0,1,3,0.4156,41.78
18,4,SemiSwipe,4,5,3376.6,4,0,0,1,5,0.3283,166.4
18,4,SemiSwipe,6,5,5804.1,6,0,0,1,7,0.6322,196.24
18,4,SemiSwipe,2,6,4881.6,2,0,0,0,2,0.2298,68.57
18,4,SemiSwipe,4,6,4358.2,4,0,0,0,4,0.5998,160.51
18,4,SemiSwipe,6,6,5891.0,8,2,1,0,5,0.3586,112.55
18,4,SemiSwipe,2,7,4978.1,2,0,0,0,2,0.3102,157.11
18,4,SemiSwipe,4,7,4031.1,4,0,1,0,3,0.2788,102.4
18,4,SemiSwipe,6,7,5597.6,6,0,0,1,7,0.5543,121.0
18,4,SemiSwipe,2,8,5002.5,2,0,0,0,2,0.4336,68.69
18,4,SemiSwipe,4,8,5160.9,4,0,1,0,3,0.2907,177.48
18,4,SemiSwipe,6,8,3962.2,6,0,1,0,5,0.3428,159.0
18,4,SemiSwipe,2,9,5440.0,2,0,0,0,2,0.2356,136.97
18,4,SemiSwipe,4,9,4122.5,4,0,0,0,4,0.1792,43.05
18,4,SemiSwipe,6,9,3871.1,6,0,0,0,6,0.3166,126.94
18,4,SemiSwipe,2,10,4903.0,2,0,0,0,2,0.4225,68.27
18,4,SemiSwipe,4,10,5042.9,5,1,0,0,4,0.489,159.15
18,4,SemiSwipe,6,10,5469.9,6,0,1,0,5,0.4613,106.58
18,4,SemiSwipe,2,11,4875.1,2,0,0,0,2,0.8585,8.79
18,4,SemiSwipe,4,11,5058.7,4,0,0,0,4,0.6734,126.38
18,4,SemiSwipe,6,11,5295.5,7,1,1,0,5,0.5523,135.81
18,4,SemiSwipe,2,12,4615.6,2,0,0,0,2,0.4736,78.99
18,4,SemiSwipe,4,12,4898.5,4,0,0,0,4,0.5026,78.48
18,4,SemiSwipe,6,12,4652.9,6,0,1,0,5,0.6485,159.01
18,4,SemiSwipe,2,13,4763.9,2,0,0,0,2,0.145,73.86
18,4,SemiSwipe,4,13,4762.3,4,0,1,1,4,0.3229,224.22
18,4,SemiSwipe,6,13,5008.9,6,0,0,0,6,0.2232,128.62
18,4,SemiSwipe,2,14,4529.6,2,0,0,0,2,0.2779,81.38
18,4,SemiSwipe,4,14,4887.7,4,0,0,0,4,0.458,119.11
18,4,SemiSwipe,6,14,3388.2,7,1,0,0,6,0.2983,90.58
19,0,SemiNDH,2,0,6471.4,3,1,0,1,3,0.3116,174.08
19,0,SemiNDH,4,0,6045.6,4,0,1,1,4,0.3672,143.89
19,0,SemiNDH,6,0,5959.9,6,0,0,0,6,0.2746,104.6
19,0,SemiNDH,2,1,7631.6,2,0,0,0,2,0.5004,300.02
19,0,SemiNDH,4,1,6806.0,5,1,0,1,5,0.4677,212.0
19,0,SemiNDH,6,1,6152.1,6,0,0,0,6,0.437,177.19
19,0,SemiNDH,2,2,5601.5,2,0,0,1,3,0.5208,80.02
19,0,SemiNDH,4,2,6698.6,4,0,0,0,4,0.4619,207.46
19,0,SemiNDH,6,2,5510.0,7,1,0,0,6,0.3338,151.47
19,0,SemiNDH,2,3,7076.7,2,0,1,0,1,0.1904,117.18
19,0,SemiNDH,4,3,6510.0,4,0,0,1,5,0.4974,234.38
19,0,SemiNDH,6,3,6167.8,6,0,0,1,7,0.4328,208.34
19,0,SemiNDH,2,4,6729.5,2,0,0,0,2,0.3953,122.09
19,0,SemiNDH,4,4,6161.7,4,0,0,0,4,0.1756,104.36
19,0,SemiNDH,6,4,6080.5,7,1,0,1,7,0.5672,110.9
19,0,SemiNDH,2,5,6474.4,2,0,0,1,3,0.3294,53.53
19,0,SemiNDH,4,5,6718.9,4,0,0,0,4,0.2278,87.93
19,0,SemiNDH,6,5,6711.1,8,2,0,1,7,0.417,263.91
19,0,SemiNDH,2,6,6348.2,2,0,0,1,3,0.5882,269.36
19,0,SemiNDH,4,6,5573.4,5,1,0,0,4,0.3383,128.99
19,0,SemiNDH,6,6,5489.7,7,1,0,0,6,0.5996,252.41
19,0,SemiNDH,2,7,6005.6,2,0,0,0,2,0.3947,161.54
19,0,SemiNDH,4,7,6474.4,4,0,2,0,2,0.4678,79.0
19,0,SemiNDH,6,7,6570.2,6,0,0,0,6,0.6469,131.79
19,0,SemiNDH,2,8,5597.7,2,0,0,0,2,0.5661,58.36
19,0,SemiNDH,4,8,6676.4,4,0,0,0,4,0.6616,147.21
19,0,SemiNDH,6,8,6726.1,8,2,1,0,5,0.383,259.48
19,0,SemiNDH,2,9,7370.1,2,0,0,0,2,0.3639,33.23
19,0,SemiNDH,4,9,6231.6,4,0,0,0,4,0.4013,128.8
19,0,SemiNDH,6,9,6693.8,6,0,0,1,7,0.4914,90.43
19,0,SemiNDH,2,10,6594.2,3,1,0,1,3,0.6367,175.04
19,0,SemiNDH,4,10,5964.8,4,0,0,1,5,0.5419,163.6
19,0,SemiNDH,6,10,5708.6,6,0,0,0,6,0.2751,206.52
19,0,SemiNDH,2,11,5942.5,2,0,0,0,2,0.5876,226.03
19,0,SemiNDH,4,11,7196.8,4,0,1,1,4,0.1107,236.48
19,0,SemiNDH,6,11,6518.4,8,2,0,0,6,0.5848,61.27
19,0,SemiNDH,2,12,7138.6,2,0,0,0,2,0.5763,166.67
19,0,SemiNDH,4,12,7354.0,4,0,0,0,4,0.2044,102.72
19,0,SemiNDH,6,12,4810.2,6,0,0,0,6,0.2816,197.73
19,0,SemiNDH,2,13,6643.7,2,0,0,0,2,0.4707,165.93
19,0,SemiNDH,4,13,6763.8,4,0,0,0,4,0.4571,148.06
19,0,SemiNDH,6,13,6031.9,6,0,0,1,7,0.3198,175.28
19,0,SemiNDH,2,14,6317.3,2,0,0,1,3,0.2663,118.14
19,0,SemiNDH,4,14,5492.5,4,0,0,0,4,0.2372,205.74
19,0,SemiNDH,6,14,6263.8,8,2,0,0,6,0.3594,169.92
19,1,SemiDwell,2,0,6039.3,2,0,0,0,2,0.5485,147.29
19,1,SemiDwell,4,0,6866.2,4,0,0,0,4,0.2779,109.28
19,1,SemiDwell,6,0,7038.3,6,0,0,1,7,0.1703,109.12
19,1,SemiDwell,2,1,5280.6,3,1,0,0,2,0.2562,36.39
19,1,SemiDwell,4,1,6259.6,4,0,2,0,2,0.4922,91.08
19,1,SemiDwell,6,1,5292.7,6,0,1,0,5,0.4828,103.73
19,1,SemiDwell,2,2,5257.9,2,0,0,0,2,0.3294,110.34
19,1,SemiDwell,4,2,6257.2,4,0,1,1,4,0.1577,109.82
19,1,SemiDwell,6,2,6405.2,6,0,1,0,5,0.1567,200.78
19,1,SemiDwell,2,3,6305.2,2,0,0,0,2,0.5962,57.67
19,1,SemiDwell,4,3,7333.7,5,1,1,1,4,0.3699,175.98
19,1,SemiDwell,6,3,5964.4,6,0,0,1,7,0.4866,159.35
19,1,SemiDwell,2,4,7026.7,2,0,0,0,2,0.238,164.31
19,1,SemiDwell,4,4,6201.7,4,0,0,1,5,0.2312,68.84
19,1,SemiDwell,6,4,6235.4,6,0,0,0,6,0.4766,104.02
19,1,SemiDwell,2,5,6374.2,2,0,0,0,2,0.4414,106.34
19,1,SemiDwell,4,5,6086.1,4,0,0,0,4,0.435,191.8
19,1,SemiDwell,6,5,5205.6,6,0,3,0,3,0.2757,145.36
19,1,SemiDwell,2,6,6057.1,2,0,0,0,2,0.4419,179.31
19,1,SemiDwell,4,6,6049.9,4,0,0,0,4,0.302,172.78
19,1,SemiDwell,6,6,4686.3,7,1,0,1,7,0.4109,114.63
19,1,SemiDwell,2,7,6842.2,2,0,1,1,2,0.0428,163.7
19,1,SemiDwell,4,7,5853.8,4,0,0,0,4,0.3528,114.93
19,1,SemiDwell,6,7,6612.5,6,0,0,1,7,0.6327,165.86
19,1,SemiDwell,2,8,6049.6,2,0,0,0,2,0.4901,95.9
19,1,SemiDwell,4,8,5785.7,4,0,0,0,4,0.3993,196.74
19,1,SemiDwell,6,8,7274.5,6,0,0,0,6,0.5619,137.57
19,1,SemiDwell,2,9,6669.0,2,0,0,0,2,0.7625,267.01
19,1,SemiDwell,4,9,6736.5,4,0,1,0,3,0.4985,47.73
19,1,SemiDwell,6,9,6090.8,6,0,0,0,6,0.0118,62.62
19,1,SemiDwell,2,10,6372.6,2,0,0,0,2,0.0923,178.55
19,1,SemiDwell,4,10,6612.1,4,0,0,0,4,0.2627,155.25
19,1,SemiDwell,6,10,6537.9,6,0,0,0,6,0.5293,111.72
19,1,SemiDwell,2,11,6504.2,2,0,0,0,2,0.2735,245.71
19,1,SemiDwell,4,11,7005.6,4,0,0,0,4,0.3928,159.58
19,1,SemiDwell,6,11,5903.3,6,0,0,0,6,0.256,145.54
19,1,SemiDwell,2,12,6589.0,2,0,0,0,2,0.5141,285.55
19,1,SemiDwell,4,12,6673.2,4,0,0,0,4,0.3642,104.16
19,1,SemiDwell,6,12,6408.9,6,0,1,0,5,0.4775,85.31
19,1,SemiDwell,2,13,6429.2,2,0,0,0,2,0.4322,109.12
19,1,SemiDwell,4,13,6343.6,4,0,0,0,4,0.3176,97.32
19,1,SemiDwell,6,13,5487.1,6,0,0,0,6,0.4967,165.77
19,1,SemiDwell,2,14,6153.5,2,0,0,1,3,0.2161,188.18
19,1,SemiDwell,4,14,6103.7,4,0,0,0,4,0.7561,200.02
19,1,SemiDwell,6,14,5162.5,6,0,0,0,6,0.6239,244.63
19,2,FullDH,2,0,5761.2,2,0,0,0,2,0.5457,143.74
19,2,FullDH,4,0,6183.4,4,0,1,0,3,0.2756,101.34
19,2,FullDH,6,0,6597.7,6,0,0,0,6,0.1362,221.31
19,2,FullDH,2,1,5590.3,2,0,0,0,2,0.3328,261.9
19,2,FullDH,4,1,7163.6,4,0,0,1,5,0.3221,219.42
19,2,FullDH,6,1,6341.4,7,1,0,0,6,0.2538,221.96
19,2,FullDH,2,2,5951.9,2,0,0,0,2,0.5153,132.36
19,2,FullDH,4,2,6428.9,4,0,0,0,4,0.4628,132.2
19,2,FullDH,6,2,6500.7,7,1,0,0,6,0.6377,145.02
19,2,FullDH,2,3,6256.8,3,1,0,0,2,0.4185,166.96
19,2,FullDH,4,3,5865.9,4,0,0,0,4,0.4691,146.3
19,2,FullDH,6,3,6116.7,6,0,0,1,7,0.4497,103.85
19,2,FullDH,2,4,5580.8,2,0,0,0,2,0.4812,163.37
19,2,FullDH,4,4,6307.3,4,0,0,0,4,0.6021,101.58
19,2,FullDH,6,4,6384.1,6,0,0,0,6,0.248,137.03
19,2,FullDH,2,5,6063.3,2,0,0,1,3,0.2533,251.9
19,2,FullDH,4,5,7110.2,4,0,0,0,4,0.1631,82.91
19,2,FullDH,6,5,6039.7,6,0,0,0,6,0.1009,77.29
19,2,FullDH,2,6,6688.0,2,0,0,1,3,0.2652,200.3
19,2,FullDH,4,6,6888.8,4,0,0,0,4,0.3208,162.07
19,2,FullDH,6,6,8158.4,7,1,2,0,4,0.4314,322.17
19,2,FullDH,2,7,6225.4,2,0,0,0,2,0.4309,250.46
19,2,FullDH,4,7,6369.1,4,0,0,0,4,0.4319,133.46
19,2,FullDH,6,7,5984.3,6,0,0,1,7,0.32,172.19
19,2,FullDH,2,8,6095.9,2,0,0,0,2,0.227,205.02
19,2,FullDH,4,8,5673.7,5,1,0,0,4,0.477,188.96
19,2,FullDH,6,8,5982.7,7,1,0,0,6,0.4231,266.67
19,2,FullDH,2,9,5568.0,3,1,0,0,2,0.4488,211.32
19,2,FullDH,4,9,6359.5,4,0,0,1,5,0.4445,150.42
19,2,FullDH,6,9,6443.9,6,0,0,0,6,0.7011,52.23
19,2,FullDH,2,10,6702.5,2,0,0,0,2,0.4544,242.43
19,2,FullDH,4,10,6010.0,4,0,0,0,4,0.4216,95.08
19,2,FullDH,6,10,6001.7,6,0,1,1,6,0.323,125.56
19,2,FullDH,2,11,5516.7,2,0,0,0,2,0.5626,69.73
19,2,FullDH,4,11,6979.7,4,0,0,0,4,0.2903,144.78
19,2,FullDH,6,11,6232.9,7,1,1,0,5,0.3972,167.39
19,2,FullDH,2,12,7246.0,2,0,0,1,3,0.2128,88.57
19,2,FullDH,4,12,6280.5,4,0,2,1,3,0.5836,130.21
19,2,FullDH,6,12,6120.7,6,0,1,0,5,0.2839,117.31
19,2,FullDH,2,13,5853.6,2,0,0,1,3,0.4878,238.46
19,2,FullDH,4,13,7219.8,4,0,0,0,4,0.3093,236.41
19,2,FullDH,6,13,6903.4,6,0,0,0,6,0.3453,210.98
19,2,FullDH,2,14,7620.1,2,0,0,0,2,0.5116,229.34
19,2,FullDH,4,14,7686.8,4,0,0,0,4,0.295,158.49
19,2,FullDH,6,14,6630.1,7,1,0,0,6,0.3521,221.76
19,3,SemiSwipe,2,0,5992.5,2,0,0,0,2,0.2717,97.62
19,3,SemiSwipe,4,0,7598.3,4,0,0,0,4,0.218,64.37
19,3,SemiSwipe,6,0,7292.0,6,0,0,0,6,0.2236,193.88
19,3,SemiSwipe,2,1,6100.3,2,0,0,0,2,0.2142,230.66
19,3,SemiSwipe,4,1,6429.0,4,0,0,0,4,0.6835,97.46
19,3,SemiSwipe,6,1,6924.7,6,0,0,0,6,0.288,214.43
19,3,SemiSwipe,2,2,6140.8,2,0,0,0,2,0.5699,122.35
19,3,SemiSwipe,4,2,5333.7,4,0,0,0,4,0.2219,198.87
19,3,SemiSwipe,6,2,7421.2,6,0,0,0,6,0.2714,167.14
19,3,SemiSwipe,2,3,6557.5,2,0,0,1,3,0.4175,117.34
19,3,SemiSwipe,4,3,6137.8,5,1,0,0,4,0.1919,201.58
19,3,SemiSwipe,6,3,6943.1,6,0,0,0,6,0.3337,118.67
19,3,SemiSwipe,2,4,7642.4,2,0,0,1,3,0.3066,117.37
19,3,SemiSwipe,4,4,6188.6,4,0,0,0,4,0.6425,175.98
19,3,SemiSwipe,6,4,5873.7,7,1,0,0,6,0.6061,210.21
19,3,SemiSwipe,2,5,5612.8,2,0,0,0,2,0.3214,127.1
19,3,SemiSwipe,4,5,4788.1,4,0,0,0,4,0.2656,191.15
19,3,SemiSwipe,6,5,6225.0,6,0,0,1,7,0.6524,85.02
19,3,SemiSwipe,2,6,6671.4,2,0,0,0,2,0.4681,139.99
19,3,SemiSwipe,4,6,6779.8,5,1,0,0,4,0.2687,175.4
19,3,SemiSwipe,6,6,6857.7,7,1,0,0,6,0.2005,222.64
19,3,SemiSwipe,2,7,6850.3,2,0,0,0,2,0.1907,226.35
19,3,SemiSwipe,4,7,7302.5,4,0,0,0,4,0.3019,100.21
19,3,SemiSwipe,6,7,5750.0,6,0,0,1,7,0.4626,168.56
19,3,SemiSwipe,2,8,6931.8,2,0,0,0,2,0.263,164.75
19,3,SemiSwipe,4,8,6783.1,4,0,1,0,3,0.232,150.84
19,3,SemiSwipe,6,8,5087.7,7,1,0,0,6,0.1513,86.59
19,3,SemiSwipe,2,9,5853.1,2,0,0,1,3,0.691,86.59
19,3,SemiSwipe,4,9,6894.9,4,0,1,0,3,0.5503,103.83
19,3,SemiSwipe,6,9,5604.7,7,1,1,0,5,0.5003,223.12
19,3,SemiSwipe,2,10,6304.6,2,0,0,0,2,0.3979,141.81
19,3,SemiSwipe,4,10,7212.5,4,0,0,1,5,0.4476,172.59
19,3,SemiSwipe,6,10,6604.1,6,0,0,1,7,0.247,149.53
19,3,SemiSwipe,2,11,6004.2,2,0,0,0,2,0.2142,29.31
19,3,SemiSwipe,4,11,4974.2,4,0,0,0,4,0.5689,179.12
19,3,SemiSwipe,6,11,6716.7,6,0,0,1,7,0.3258,211.85
19,3,SemiSwipe,2,12,6628.8,2,0,0,0,2,0.1658,151.07
19,3,SemiSwipe,4,12,6601.5,4,0,0,0,4,0.2588,92.66
19,3,SemiSwipe,6,12,6962.8,6,0,1,0,5,0.2167,21.63
19,3,SemiSwipe,2,13,6272.4,3,1,0,0,2,0.2422,79.82
19,3,SemiSwipe,4,13,6457.8,4,0,0,1,5,0.4826,211.69
19,3,SemiSwipe,6,13,6888.6,6,0,0,0,6,0.4227,166.15
19,3,SemiSwipe,2,14,7061.4,2,0,0,1,3,0.4049,30.16
19,3,SemiSwipe,4,14,6729.2,4,0,0,1,5,0.5664,179.35
19,3,SemiSwipe,6,14,6577.9,6,0,0,1,7,0.2628,39.91
19,4,SemiTilt,2,0,6075.7,2,0,0,0,2,0.5264,160.97
19,4,SemiTilt,4,0,6425.8,4,0,0,0,4,0.7139,168.13
19,4,SemiTilt,6,0,6414.4,7,1,0,0,6,0.1227,122.7
19,4,SemiTilt,2,1,6851.8,2,0,0,0,2,0.4224,116.53
19,4,SemiTilt,4,1,7992.3,5,1,0,0,4,0.028,254.03
19,4,SemiTilt,6,1,6745.7,6,0,1,0,5,0.4644,189.48
19,4,SemiTilt,2,2,5648.6,3,1,0,0,2,0.2082,214.17
19,4,SemiTilt,4,2,6549.5,4,0,0,0,4,0.4628,153.92
19,4,SemiTilt,6,2,5890.0,6,0,0,0,6,0.2473,175.01
19,4,SemiTilt,2,3,6860.2,2,0,0,0,2,0.3989,178.76
19,4,SemiTilt,4,3,6578.7,4,0,0,1,5,0.2083,305.14
19,4,SemiTilt,6,3,6637.6,7,1,0,0,6,0.5192,183.04
19,4,SemiTilt,2,4,6238.3,2,0,1,0,1,0.3643,69.09
19,4,SemiTilt,4,4,6006.9,4,0,0,0,4,0.4423,205.81
19,4,SemiTilt,6,4,7178.6,8,2,0,0,6,0.3143,227.49
19,4,SemiTilt,2,5,6535.9,2,0,0,1,3,0.7484,95.73
19,4,SemiTilt,4,5,6115.4,4,0,0,0,4,0.2926,60.99
19,4,SemiTilt,6,5,7008.8,6,0,1,1,6,0.4985,217.55
19,4,SemiTilt,2,6,5567.2,2,0,0,0,2,0.3936,133.26
19,4,SemiTilt,4,6,5490.4,4,0,0,0,4,0.4619,120.29
19,4,SemiTilt,6,6,5476.9,6,0,0,0,6,0.383,160.35
19,4,SemiTilt,2,7,5380.9,2,0,0,0,2,0.6178,95.06
19,4,SemiTilt,4,7,5839.3,4,0,0,0,4,0.399,91.19
19,4,SemiTilt,6,7,6085.7,6,0,1,1,6,0.4055,79.39
19,4,SemiTilt,2,8,5790.4,2,0,0,0,2,0.2343,51.54
19,4,SemiTilt,4,8,5612.6,4,0,0,0,4,0.5754,109.46
19,4,SemiTilt,6,8,6704.4,6,0,0,0,6,0.2466,147.85
19,4,SemiTilt,2,9,6122.7,3,1,0,0,2,0.2395,277.52
19,4,SemiTilt,4,9,7348.4,4,0,0,1,5,0.4432,107.35
19,4,SemiTilt,6,9,5935.1,6,0,0,0,6,0.4801,127.94
19,4,SemiTilt,2,10,5621.4,2,0,0,0,2,0.3444,174.18
19,4,SemiTilt,4,10,7065.4,4,0,1,0,3,0.4103,41.05
19,4,SemiTilt,6,10,5750.7,7,1,0,0,6,0.3878,119.58
19,4,SemiTilt,2,11,6179.0,2,0,0,0,2,0.1816,159.13
19,4,SemiTilt,4,11,6049.1,4,0,1,0,3,0.1354,262.18
19,4,SemiTilt,6,11,6340.4,7,1,0,1,7,0.1254,189.53
19,4,SemiTilt,2,12,6927.2,2,0,0,0,2,0.4544,155.35
19,4,SemiTilt,4,12,6366.2,4,0,0,0,4,0.6956,114.74
19,4,SemiTilt,6,12,6564.8,6,0,0,1,7,0.1859,209.42
19,4,SemiTilt,2,13,6568.0,2,0,1,0,1,0.382,102.69
19,4,SemiTilt,4,13,6213.2,4,0,0,1,5,0.2307,277.1
19,4,SemiTilt,6,13,6592.4,7,1,0,1,7,0.5593,127.63
19,4,SemiTilt,2,14,6689.3,2,0,0,0,2,0.3207,175.62
19,4,SemiTilt,4,14,7017.8,5,1,0,0,4,0.5731,246.69
19,4,SemiTilt,6,14,6376.3,6,0,0,0,6,0.5704,117.23
20,0,FullDH,2,0,7263.7,2,0,0,0,2,0.1813,180.74
20,0,FullDH,4,0,5635.3,4,0,0,1,5,0.4619,66.99
20,0,FullDH,6,0,6193.4,6,0,0,0,6,0.3944,84.33
20,0,FullDH,2,1,6123.6,2,0,0,0,2,0.5554,122.27
20,0,FullDH,4,1,6965.2,4,0,0,0,4,0.2323,148.06
20,0,FullDH,6,1,7442.6,6,0,1,0,5,0.2425,207.22
20,0,FullDH,2,2,6502.1,2,0,0,1,3,0.5905,179.74
20,0,FullDH,4,2,6513.6,4,0,0,0,4,0.614,228.85
20,0,FullDH,6,2,7455.1,6,0,2,0,4,0.2535,130.77
20,0,FullDH,2,3,6410.1,2,0,0,0,2,0.3951,171.05
20,0,FullDH,4,3,6294.1,4,0,0,0,4,0.0326,264.11
20,0,FullDH,6,3,7173.5,6,0,0,0,6,0.3922,89.84
20,0,FullDH,2,4,6626.4,2,0,0,0,2,0.3855,179.27
20,0,FullDH,4,4,5690.4,4,0,0,0,4,0.1177,179.54
20,0,FullDH,6,4,6308.6,7,1,0,0,6,0.2029,180.76
20,0,FullDH,2,5,6728.0,2,0,0,0,2,0.3537,155.54
20,0,FullDH,4,5,6635.0,4,0,0,0,4,0.5314,110.72
20,0,FullDH,6,5,6191.6,6,0,0,1,7,0.4852,77.76
20,0,FullDH,2,6,6179.0,3,1,0,0,2,0.7772,180.41
20,0,FullDH,4,6,6475.7,4,0,0,0,4,0.2874,188.26
20,0,FullDH,6,6,6402.7,7,1,0,0,6,0.3856,157.33
20,0,FullDH,2,7,6716.1,2,0,0,0,2,0.4171,227.58
20,0,FullDH,4,7,6070.8,4,0,1,0,3,0.1629,85.5
20,0,FullDH,6,7,5882.9,8,2,1,0,5,0.4492,161.52
20,0,FullDH,2,8,6332.6,2,0,0,0,2,0.5291,173.95
20,0,FullDH,4,8,6921.8,4,0,0,0,4,0.3963,98.8
20,0,FullDH,6,8,7467.9,6,0,0,0,6,0.6641,113.17
20,0,FullDH,2,9,6691.7,2,0,0,0,2,0.4625,94.53
20,0,FullDH,4,9,7649.5,4,0,1,0,3,0.5225,236.01
20,0,FullDH,6,9,7494.6,6,0,0,1,7,0.3178,154.97
20,0,FullDH,2,10,6876.5,4,2,0,0,2,0.4855,177.28
20,0,FullDH,4,10,6267.4,4,0,0,0,4,0.8485,35.43
20,0,FullDH,6,10,5066.0,7,1,0,0,6,0.4546,127.74
20,0,FullDH,2,11,6778.0,2,0,0,0,2,0.4479,106.74
20,0,FullDH,4,11,6441.5,4,0,0,0,4,0.5212,213.88
20,0,FullDH,6,11,5737.5,7,1,0,1,7,0.5747,233.64
20,0,FullDH,2,12,6947.3,2,0,0,0,2,0.5174,114.83
20,0,FullDH,4,12,8071.0,4,0,1,0,3,0.4372,262.86
20,0,FullDH,6,12,6086.2,6,0,0,0,6,0.3925,119.94
20,0,FullDH,2,13,6324.0,2,0,0,0,2,0.5273,92.7
20,0,FullDH,4,13,6247.0,4,0,0,0,4,0.1034,179.71
20,0,FullDH,6,13,6368.1,7,1,0,0,6,0.2945,75.9
20,0,FullDH,2,14,6775.2,2,0,0,1,3,0.5267,82.78
20,0,FullDH,4,14,6462.0,6,2,0,0,4,0.6748,160.46
20,0,FullDH,6,14,6585.3,7,1,0,1,7,0.3927,107.34
20,1,SemiTilt,2,0,6031.3,2,0,0,0,2,0.2275,170.23
20,1,SemiTilt,4,0,6138.8,4,0,0,0,4,0.4128,219.81
20,1,SemiTilt,6,0,6454.6,6,0,0,0,6,0.5349,139.08
20,1,SemiTilt,2,1,5746.7,2,0,0,0,2,0.307,134.62
20,1,SemiTilt,4,1,6850.6,4,0,0,0,4,0.226,168.86
20,1,SemiTilt,6,1,6304.7,6,0,0,0,6,0.4479,45.58
20,1,SemiTilt,2,2,6178.8,2,0,0,0,2,0.4682,126.08
20,1,SemiTilt,4,2,7569.4,4,0,0,0,4,0.3183,48.59
20,1,SemiTilt,6,2,5637.3,6,0,0,0,6,0.6393,115.25
20,1,SemiTilt,2,3,6216.3,2,0,0,0,2,0.3993,43.11
20,1,SemiTilt,4,3,5149.3,4,0,0,0,4,0.6382,110.91
20,1,SemiTilt,6,3,7188.6,6,0,0,1,7,0.2102,121.96
20,1,SemiTilt,2,4,6096.7,2,0,0,0,2,0.2443,144.85
20,1,SemiTilt,4,4,6971.8,4,0,0,0,4,0.3453,103.27
20,1,SemiTilt,6,4,6276.4,6,0,0,0,6,0.5008,163.07
20,1,SemiTilt,2,5,5540.4,2,0,0,0,2,0.0418,194.62
20,1,SemiTilt,4,5,6133.9,4,0,0,0,4,0.4334,155.94
20,1,SemiTilt,6,5,6896.5,6,0,0,0,6,0.1176,151.7
20,1,SemiTilt,2,6,6648.9,2,0,0,1,3,0.2928,72.76
20,1,SemiTilt,4,6,6393.1,5,1,0,1,5,0.3562,101.48
20,1,SemiTilt,6,6,6313.0,6,0,0,0,6,0.279,149.97
20,1,SemiTilt,2,7,6871.6,2,0,0,0,2,0.4039,112.87
20,1,SemiTilt,4,7,7260.5,4,0,0,0,4,0.6238,80.53
20,1,SemiTilt,6,7,5438.4,6,0,1,1,6,0.5165,203.95
20,1,SemiTilt,2,8,8114.4,2,0,0,1,3,0.4596,243.8
20,1,SemiTilt,4,8,6829.7,4,0,0,0,4,0.5308,229.37
20,1,SemiTilt,6,8,7018.7,7,1,0,0,6,0.2817,198.12
20,1,SemiTilt,2,9,7052.3,3,1,0,0,2,0.2487,10.38
20,1,SemiTilt,4,9,6403.2,4,0,0,0,4,0.6221,138.16
20,1,SemiTilt,6,9,6248.5,7,1,0,0,6,0.4814,152.61
20,1,SemiTilt,2,10,5890.6,2,0,1,0,1,0.5293,143.23
20,1,SemiTilt,4,10,7203.4,4,0,0,0,4,0.6331,8.95
20,1,SemiTilt,6,10,6097.1,6,0,0,1,7,0.5817,124.07
20,1,SemiTilt,2,11,6933.0,2,0,0,0,2,0.6237,129.83
20,1,SemiTilt,4,11,6571.2,4,0,0,1,5,0.6008,195.21
20,1,SemiTilt,6,11,7442.2,7,1,0,1,7,0.3561,186.42
20,1,SemiTilt,2,12,6153.9,2,0,0,0,2,0.5359,47.87
20,1,SemiTilt,4,12,6742.7,4,0,0,0,4,0.4928,118.16
20,1,SemiTilt,6,12,6896.6,6,0,0,0,6,0.5793,23.23
20,1,SemiTilt,2,13,6991.0,2,0,0,0,2,0.2913,56.44
20,1,SemiTilt,4,13,7488.2,4,0,0,1,5,0.2852,190.26
20,1,SemiTilt,6,13,6481.1,6,0,0,1,7,0.6025,185.69
20,1,SemiTilt,2,14,6738.4,2,0,0,0,2,0.5956,97.81
20,1,SemiTilt,4,14,5450.4,4,0,0,0,4,0.574,141.53
20,1,SemiTilt,6,14,5860.5,6,0,0,0,6,0.4937,109.91
20,2,SemiNDH,2,0,5575.1,2,0,0,0,2,0.3347,275.54
20,2,SemiNDH,4,0,5296.1,4,0,0,0,4,0.2733,174.9
20,2,SemiNDH,6,0,5428.9,6,0,0,0,6,0.5873,164.12
20,2,SemiNDH,2,1,7064.5,2,0,0,0,2,0.3647,110.14
20,2,SemiNDH,4,1,5923.1,4,0,0,1,5,0.5253,164.82
20,2,SemiNDH,6,1,6464.8,6,0,0,0,6,0.383,124.27
20,2,SemiNDH,2,2,6380.5,2,0,0,0,2,0.2779,151.31
20,2,SemiNDH,4,2,5343.8,4,0,0,0,4,0.4437,35.46
20,2,SemiNDH,6,2,5713.5,6,0,0,0,6,0.6738,184.46
20,2,SemiNDH,2,3,6570.0,2,0,0,0,2,0.332,157.02
20,2,SemiNDH,4,3,6126.3,4,0,0,0,4,0.4167,43.67
20,2,SemiNDH,6,3,6794.1,6,0,0,0,6,0.5117,144.26
20,2,SemiNDH,2,4,6598.4,2,0,0,0,2,0.5076,140.87
20,2,SemiNDH,4,4,5527.6,4,0,0,0,4,0.1471,84.85
20,2,SemiNDH,6,4,6850.2,7,1,0,0,6,0.3451,169.24
20,2,SemiNDH,2,5,6533.2,2,0,0,0,2,0.483,116.83
20,2,SemiNDH,4,5,6949.1,4,0,0,0,4,0.5814,62.03
20,2,SemiNDH,6,5,5873.6,6,0,1,0,5,0.4218,116.65
20,2,SemiNDH,2,6,6308.7,2,0,0,0,2,0.3134,183.43
20,2,SemiNDH,4,6,7095.7,5,1,0,0,4,0.2398,187.1
20,2,SemiNDH,6,6,6360.6,6,0,0,1,7,0.2405,107.24
20,2,SemiNDH,2,7,6713.9,2,0,0,0,2,0.5206,170.83
20,2,SemiNDH,4,7,6535.4,4,0,0,1,5,0.3475,174.08
20,2,SemiNDH,6,7,6535.5,6,0,0,1,7,0.4971,85.88
20,2,SemiNDH,2,8,8178.8,2,0,0,1,3,0.1932,167.07
20,2,SemiNDH,4,8,6464.6,5,1,0,0,4,0.5627,152.45
20,2,SemiNDH,6,8,6317.9,7,1,0,1,7,0.4333,196.47
20,2,SemiNDH,2,9,6595.3,2,0,0,0,2,0.5029,17.28
20,2,SemiNDH,4,9,5912.4,4,0,1,0,3,0.371,165.3
20,2,SemiNDH,6,9,6341.6,6,0,0,0,6,0.4952,251.48
20,2,SemiNDH,2,10,6083.1,2,0,0,1,3,0.5112,111.4
20,2,SemiNDH,4,10,6932.5,5,1,0,0,4,0.5845,147.35
20,2,SemiNDH,6,10,6517.2,6,0,0,1,7,0.4575,154.27
20,2,SemiNDH,2,11,6512.4,2,0,0,1,3,0.4152,147.3
20,2,SemiNDH,4,11,7596.4,4,0,0,0,4,0.3528,80.84
20,2,SemiNDH,6,11,5848.0,6,0,0,0,6,0.1978,159.33
20,2,SemiNDH,2,12,6169.3,2,0,0,1,3,0.3219,160.29
20,2,SemiNDH,4,12,7374.1,4,0,1,0,3,0.3496,153.26
20,2,SemiNDH,6,12,6589.4,6,0,1,0,5,0.5545,259.88
20,2,SemiNDH,2,13,6217.9,2,0,0,1,3,0.2125,158.08
20,2,SemiNDH,4,13,7179.2,5,1,0,0,4,0.4808,236.07
20,2,SemiNDH,6,13,6313.8,6,0,1,1,6,0.3024,185.85
20,2,SemiNDH,2,14,6630.5,2,0,0,1,3,0.2842,185.91
20,2,SemiNDH,4,14,5960.5,4,0,0,0,4,0.7266,210.32
20,2,SemiNDH,6,14,6570.9,7,1,0,1,7,0.3853,183.38
20,3,SemiSwipe,2,0,6943.4,2,0,0,0,2,0.4353,211.6
20,3,SemiSwipe,4,0,7718.3,5,1,1,1,4,0.317,210.24
20,3,SemiSwipe,6,0,7243.6,6,0,0,1,7,0.5413,165.25
20,3,SemiSwipe,2,1,5650.6,2,0,1,0,1,0.6033,102.03
20,3,SemiSwipe,4,1,6265.8,5,1,0,0,4,0.3507,162.58
20,3,SemiSwipe,6,1,5593.6,6,0,0,0,6,0.4059,138.21
20,3,SemiSwipe,2,2,5748.7,2,0,0,0,2,0.0615,197.56
20,3,SemiSwipe,4,2,6235.4,4,0,0,1,5,0.4982,101.76
20,3,SemiSwipe,6,2,6725.0,8,2,1,0,5,0.2784,197.36
20,3,SemiSwipe,2,3,6148.0,3,1,0,0,2,0.5844,216.53
20,3,SemiSwipe,4,3,6451.6,4,0,0,0,4,0.2342,211.04
20,3,SemiSwipe,6,3,6125.1,6,0,0,0,6,0.3156,138.34
20,3,SemiSwipe,2,4,7115.9,3,1,0,0,2,0.3734,223.45
20,3,SemiSwipe,4,4,6370.1,4,0,0,0,4,0.3418,145.47
20,3,SemiSwipe,6,4,5465.4,6,0,0,0,6,0.1125,79.13
20,3,SemiSwipe,2,5,6941.3,2,0,0,0,2,0.407,149.8
20,3,SemiSwipe,4,5,6310.0,5,1,0,1,5,0.1819,173.64
20,3,SemiSwipe,6,5,6565.8,6,0,0,0,6,0.6015,142.38
20,3,SemiSwipe,2,6,5143.0,2,0,0,0,2,0.4409,231.32
20,3,SemiSwipe,4,6,6429.7,5,1,0,0,4,0.3631,37.0
20,3,SemiSwipe,6,6,6048.8,6,0,1,0,5,0.385,85.53
20,3,SemiSwipe,2,7,7826.7,2,0,0,0,2,0.2206,181.94
20,3,SemiSwipe,4,7,5665.5,4,0,1,1,4,0.5319,102.75
20,3,SemiSwipe,6,7,5554.2,7,1,0,0,6,0.4005,115.97
20,3,SemiSwipe,2,8,5573.5,2,0,0,0,2,0.2458,64.22
20,3,SemiSwipe,4,8,6495.8,4,0,0,0,4,0.3996,12.39
20,3,SemiSwipe,6,8,6190.9,6,0,0,0,6,0.3686,105.04
20,3,SemiSwipe,2,9,7250.0,2,0,0,0,2,0.4216,58.81
20,3,SemiSwipe,4,9,6096.9,4,0,0,1,5,0.6064,218.49
20,3,SemiSwipe,6,9,6501.1,6,0,2,0,4,0.5466,208.39
20,3,SemiSwipe,2,10,6035.2,2,0,0,1,3,0.4327,218.28
20,3,SemiSwipe,4,10,6618.5,4,0,0,0,4,0.6225,188.5
20,3,SemiSwipe,6,10,6486.2,6,0,0,1,7,0.378,33.36
20,3,SemiSwipe,2,11,7121.6,2,0,0,1,3,0.4969,239.72
20,3,SemiSwipe,4,11,6410.7,4,0,0,1,5,0.5037,26.18
20,3,SemiSwipe,6,11,5055.5,6,0,0,0,6,0.4441,108.7
20,3,SemiSwipe,2,12,6980.5,2,0,0,1,3,0.3917,284.88
20,3,SemiSwipe,4,12,6241.4,4,0,0,0,4,0.2291,118.83
20,3,SemiSwipe,6,12,7103.9,7,1,0,0,6,0.3604,100.44
20,3,SemiSwipe,2,13,6397.8,3,1,0,0,2,0.516,116.75
20,3,SemiSwipe,4,13,7164.4,4,0,0,0,4,0.299,80.69
20,3,SemiSwipe,6,13,6662.8,6,0,0,0,6,0.4869,130.48
20,3,SemiSwipe,2,14,6216.6,2,0,0,0,2,0.6332,114.19
20,3,SemiSwipe,4,14,6210.1,4,0,0,0,4,0.0418,107.03
20,3,SemiSwipe,6,14,6931.1,6,0,0,0,6,0.4306,203.96
20,4,SemiDwell,2,0,6575.5,2,0,0,0,2,0.5667,7.11
20,4,SemiDwell,4,0,5586.4,6,2,1,1,4,0.1901,188.51
20,4,SemiDwell,6,0,6885.4,6,0,2,0,4,0.3966,225.07
20,4,SemiDwell,2,1,7241.6,2,0,0,1,3,0.3577,286.7
20,4,SemiDwell,4,1,6543.0,5,1,1,1,4,0.003,199.01
20,4,SemiDwell,6,1,6677.2,7,1,0,1,7,0.5206,43.92
20,4,SemiDwell,2,2,5524.2,2,0,0,1,3,0.4395,195.69
20,4,SemiDwell,4,2,5511.8,4,0,0,0,4,0.2674,84.78
20,4,SemiDwell,6,2,6938.9,7,1,0,0,6,0.2331,164.17
20,4,SemiDwell,2,3,6724.1,2,0,0,1,3,0.426,89.55
20,4,SemiDwell,4,3,6264.3,5,1,1,0,3,0.2531,69.24
20,4,SemiDwell,6,3,5073.4,6,0,1,0,5,0.5361,110.46
20,4,SemiDwell,2,4,6508.0,2,0,0,0,2,0.4982,111.51
20,4,SemiDwell,4,4,7770.9,4,0,0,1,5,0.33,197.59
20,4,SemiDwell,6,4,6144.0,7,1,1,0,5,0.3298,62.33
20,4,SemiDwell,2,5,7398.5,3,1,0,1,3,0.3663,57.35
20,4,SemiDwell,4,5,5411.4,4,0,0,0,4,0.3235,181.42
20,4,SemiDwell,6,5,6127.6,6,0,0,0,6,0.3806,105.18
20,4,SemiDwell,2,6,7380.0,2,0,0,0,2,0.3372,186.46
20,4,SemiDwell,4,6,6312.1,4,0,0,0,4,0.4132,143.14
20,4,SemiDwell,6,6,5896.7,6,0,0,0,6,0.3645,131.45
20,4,SemiDwell,2,7,7221.4,2,0,0,1,3,0.4724,117.44
20,4,SemiDwell,4,7,6587.3,4,0,1,0,3,0.0785,108.27
20,4,SemiDwell,6,7,6396.9,7,1,0,0,6,0.4312,112.98
20,4,SemiDwell,2,8,6044.1,2,0,0,0,2,0.4562,111.64
20,4,SemiDwell,4,8,7736.3,4,0,0,0,4,0.5997,168.34
20,4,SemiDwell,6,8,7881.0,6,0,1,1,6,0.318,162.27
20,4,SemiDwell,2,9,6440.7,2,0,0,1,3,0.4027,175.28
20,4,SemiDwell,4,9,6253.0,4,0,1,0,3,0.3234,166.33
20,4,SemiDwell,6,9,5935.9,6,0,0,0,6,0.4461,116.93
20,4,SemiDwell,2,10,5332.7,2,0,0,0,2,0.5705,156.19
20,4,SemiDwell,4,10,6827.4,5,1,0,0,4,0.3614,157.27
20,4,SemiDwell,6,10,6788.7,6,0,1,0,5,0.3979,98.31
20,4,SemiDwell,2,11,6629.4,2,0,0,0,2,0.5202,109.56
20,4,SemiDwell,4,11,6562.1,4,0,0,0,4,0.5115,326.82
20,4,SemiDwell,6,11,6043.2,6,0,0,0,6,0.4194,67.0
20,4,SemiDwell,2,12,5897.0,2,0,0,0,2,0.6262,120.14
20,4,SemiDwell,4,12,5573.5,4,0,0,0,4,0.3564,35.2
20,4,SemiDwell,6,12,6463.4,6,0,0,0,6,0.1692,115.14
20,4,SemiDwell,2,13,5730.9,3,1,0,0,2,0.438,107.41
20,4,SemiDwell,4,13,6508.8,4,0,0,0,4,0.7078,44.04
20,4,SemiDwell,6,13,6780.4,6,0,0,0,6,0.4069,163.69
20,4,SemiDwell,2,14,6848.6,2,0,0,0,2,0.8177,115.82
20,4,SemiDwell,4,14,5941.8,4,0,0,1,5,0.4108,81.78
20,4,SemiDwell,6,14,6810.4,7,1,0,0,6,0.4573,132.98
21,0,SemiNDH,2,0,8032.4,2,0,0,0,2,0.283,2.78
21,0,SemiNDH,4,0,6958.6,4,0,0,0,4,0.3514,76.14
21,0,SemiNDH,6,0,8312.6,7,1,0,0,6,0.7092,117.25
21,0,SemiNDH,2,1,7942.2,2,0,0,1,3,0.2979,122.75
21,0,SemiNDH,4,1,7214.4,4,0,0,0,4,0.3778,114.6
21,0,SemiNDH,6,1,7731.8,6,0,0,0,6,0.2177,134.31
21,0,SemiNDH,2,2,6702.9,3,1,0,0,2,0.762,114.28
21,0,SemiNDH,4,2,8138.2,4,0,0,0,4,0.2506,223.9
21,0,SemiNDH,6,2,8503.4,6,0,0,0,6,0.2727,122.37
21,0,SemiNDH,2,3,7012.1,2,0,0,1,3,0.3088,259.87
21,0,SemiNDH,4,3,7519.6,4,0,0,0,4,0.1803,184.33
21,0,SemiNDH,6,3,7918.2,6,0,0,0,6,0.2919,102.35
21,0,SemiNDH,2,4,8415.8,2,0,0,0,2,0.4928,104.74
21,0,SemiNDH,4,4,7788.1,4,0,0,1,5,0.3835,170.53
21,0,SemiNDH,6,4,6637.1,6,0,0,0,6,0.1142,164.04
21,0,SemiNDH,2,5,7776.6,2,0,0,1,3,0.6381,190.39
21,0,SemiNDH,4,5,7319.4,5,1,0,0,4,0.5231,151.91
21,0,SemiNDH,6,5,8024.9,6,0,0,0,6,0.5684,79.88
21,0,SemiNDH,2,6,7833.5,3,1,0,0,2,0.4934,201.36
21,0,SemiNDH,4,6,6815.9,4,0,0,0,4,0.3963,133.76
21,0,SemiNDH,6,6,7644.6,6,0,0,0,6,0.3103,217.55
21,0,SemiNDH,2,7,7313.8,3,1,1,0,1,0.4805,119.32
21,0,SemiNDH,4,7,7748.8,5,1,0,0,4,0.5293,211.04
21,0,SemiNDH,6,7,7672.1,6,0,0,1,7,0.438,181.02
21,0,SemiNDH,2,8,7745.3,2,0,0,0,2,0.4637,209.39
21,0,SemiNDH,4,8,7832.7,4,0,0,0,4,0.6246,112.76
21,0,SemiNDH,6,8,8144.4,6,0,1,0,5,0.4253,183.8
21,0,SemiNDH,2,9,7405.4,2,0,0,0,2,0.3997,132.95
21,0,SemiNDH,4,9,6817.6,4,0,0,0,4,0.2599,121.38
21,0,SemiNDH,6,9,8014.9,6,0,0,1,7,0.4092,209.88
21,0,SemiNDH,2,10,6666.0,2,0,0,1,3,0.4801,201.6
21,0,SemiNDH,4,10,6661.9,4,0,0,0,4,0.6597,192.23
21,0,SemiNDH,6,10,7957.9,6,0,0,0,6,0.4326,103.03
21,0,SemiNDH,2,11,8488.0,2,0,0,1,3,0.6255,166.08
21,0,SemiNDH,4,11,7162.5,4,0,0,1,5,0.4765,111.77
21,0,SemiNDH,6,11,6932.1,6,0,0,0,6,0.4264,232.96
21,0,SemiNDH,2,12,6618.7,2,0,0,0,2,0.4373,256.21
21,0,SemiNDH,4,12,9172.5,5,1,0,0,4,0.5122,186.63
21,0,SemiNDH,6,12,8150.2,6,0,0,0,6,0.4765,72.71
21,0,SemiNDH,2,13,7319.9,3,1,0,0,2,0.6473,208.53
21,0,SemiNDH,4,13,7546.2,4,0,0,0,4,0.477,186.22
21,0,SemiNDH,6,13,7232.5,6,0,0,1,7,0.4559,125.65
21,0,SemiNDH,2,14,7607.9,2,0,0,0,2,0.1407,213.2
21,0,SemiNDH,4,14,7633.1,4,0,1,1,4,0.2292,141.06
21,0,SemiNDH,6,14,7177.1,6,0,0,0,6,0.407,132.36
21,1,FullDH,2,0,6541.0,2,0,0,0,2,0.3502,84.48
21,1,FullDH,4,0,7080.0,4,0,0,0,4,0.6704,159.83
21,1,FullDH,6,0,8332.8,6,0,1,0,5,0.6451,198.61
21,1,FullDH,2,1,7506.1,3,1,0,1,3,0.6055,158.85
21,1,FullDH,4,1,7507.8,5,1,0,0,4,0.2431,73.22
21,1,FullDH,6,1,6777.7,6,0,0,0,6,0.3807,48.99
21,1,FullDH,2,2,7565.4,2,0,0,1,3,0.442,200.7
21,1,FullDH,4,2,7085.9,4,0,0,1,5,0.3227,120.91
21,1,FullDH,6,2,8123.2,6,0,0,1,7,0.2504,143.09
21,1,FullDH,2,3,7476.7,2,0,0,0,2,0.3032,199.82
21,1,FullDH,4,3,8305.6,5,1,0,0,4,0.6962,143.56
21,1,FullDH,6,3,7416.3,7,1,0,0,6,0.2815,122.36
21,1,FullDH,2,4,8222.3,2,0,0,0,2,0.4766,53.47
21,1,FullDH,4,4,8091.6,5,1,0,0,4,0.8058,164.19
21,1,FullDH,6,4,7365.9,6,0,0,0,6,0.4154,226.53
21,1,FullDH,2,5,8414.6,2,0,0,1,3,0.3237,266.01
21,1,FullDH,4,5,6992.4,4,0,0,0,4,0.4033,177.84
21,1,FullDH,6,5,6172.9,7,1,1,0,5,0.2313,68.39
21,1,FullDH,2,6,7463.5,2,0,0,1,3,0.3132,36.8
21,1,FullDH,4,6,7769.8,4,0,0,0,4,0.3214,204.82
21,1,FullDH,6,6,7844.2,6,0,0,0,6,0.655,214.87
21,1,FullDH,2,7,7622.8,2,0,0,1,3,0.3446,121.7
21,1,FullDH,4,7,7147.6,4,0,0,0,4,0.4718,157.03
21,1,FullDH,6,7,9114.7,6,0,0,0,6,0.4264,188.32
21,1,FullDH,2,8,7040.4,2,0,0,0,2,0.292,120.88
21,1,FullDH,4,8,7988.8,5,1,1,0,3,0.2836,105.87
21,1,FullDH,6,8,7536.3,6,0,0,0,6,0.5009,175.61
21,1,FullDH,2,9,7382.7,2,0,0,0,2,0.7432,124.71
21,1,FullDH,4,9,7226.5,5,1,0,0,4,0.5869,121.21
21,1,FullDH,6,9,8642.3,7,1,0,0,6,0.3197,208.82
21,1,FullDH,2,10,6154.2,3,1,0,1,3,0.4244,223.67
21,1,FullDH,4,10,7226.4,5,1,0,0,4,0.4046,180.66
21,1,FullDH,6,10,6909.1,6,0,0,0,6,0.2806,33.49
21,1,FullDH,2,11,7918.3,3,1,0,1,3,0.2187,245.65
21,1,FullDH,4,11,8552.4,4,0,0,0,4,0.3026,181.3
21,1,FullDH,6,11,5503.3,6,0,0,0,6,0.2725,166.35
21,1,FullDH,2,12,7004.2,2,0,0,0,2,0.7124,211.75
21,1,FullDH,4,12,7328.5,4,0,0,1,5,0.6503,110.13
21,1,FullDH,6,12,7697.9,6,0,0,0,6,0.3834,104.64
21,1,FullDH,2,13,7796.6,2,0,0,0,2,0.3757,157.4
21,1,FullDH,4,13,7274.3,4,0,0,1,5,0.5632,125.83
21,1,FullDH,6,13,6959.2,6,0,0,1,7,0.2189,164.85
21,1,FullDH,2,14,6470.1,2,0,0,0,2,0.6057,117.61
21,1,FullDH,4,14,7144.7,5,1,0,0,4,0.6677,48.68
21,1,FullDH,6,14,7454.8,7,1,1,1,6,0.697,87.61
21,2,SemiDwell,2,0,7473.7,3,1,0,0,2,0.2608,160.67
21,2,SemiDwell,4,0,8308.0,4,0,0,1,5,0.2581,116.24
21,2,SemiDwell,6,0,7969.1,6,0,1,0,5,0.3105,179.78
21,2,SemiDwell,2,1,7746.4,2,0,0,0,2,0.3906,211.59
21,2,SemiDwell,4,1,6743.2,4,0,0,0,4,0.4946,114.31
21,2,SemiDwell,6,1,7618.9,6,0,0,0,6,0.0918,137.93
21,2,SemiDwell,2,2,7494.3,2,0,0,0,2,0.2665,147.95
21,2,SemiDwell,4,2,7512.3,5,1,0,0,4,0.4063,293.22
21,2,SemiDwell,6,2,8477.1,6,0,0,0,6,0.5169,157.44
21,2,SemiDwell,2,3,6689.9,2,0,0,1,3,0.5334,120.53
21,2,SemiDwell,4,3,7404.3,4,0,1,0,3,0.6091,73.1
21,2,SemiDwell,6,3,6971.6,7,1,1,1,6,0.3958,129.41
21,2,SemiDwell,2,4,7900.0,2,0,0,1,3,0.3757,270.74
21,2,SemiDwell,4,4,8298.7,4,0,0,0,4,0.3333,24.0
21,2,SemiDwell,6,4,7351.6,6,0,0,0,6,0.5576,228.68
21,2,SemiDwell,2,5,6571.1,2,0,0,1,3,0.6266,239.3
21,2,SemiDwell,4,5,7680.4,4,0,0,0,4,0.5365,223.6
21,2,SemiDwell,6,5,7039.6,6,0,0,0,6,0.2872,170.36
21,2,SemiDwell,2,6,7420.4,2,0,0,0,2,0.2686,20.17
21,2,SemiDwell,4,6,7503.2,4,0,0,0,4,0.4507,143.41
21,2,SemiDwell,6,6,8396.4,7,1,0,1,7,0.2335,66.42
21,2,SemiDwell,2,7,7322.2,2,0,0,0,2,0.45,130.92
21,2,SemiDwell,4,7,7876.9,4,0,0,0,4,0.4826,189.58
21,2,SemiDwell,6,7,7014.7,6,0,0,0,6,0.5111,203.79
21,2,SemiDwell,2,8,8033.6,2,0,0,1,3,0.3313,185.54
21,2,SemiDwell,4,8,7980.0,5,1,0,0,4,0.5026,147.01
21,2,SemiDwell,6,8,7474.3,7,1,0,0,6,0.6108,219.47
21,2,SemiDwell,2,9,8465.1,2,0,0,1,3,0.225,50.64
21,2,SemiDwell,4,9,8387.6,4,0,0,1,5,0.4354,88.15
21,2,SemiDwell,6,9,7360.5,6,0,0,0,6,0.5116,65.37
21,2,SemiDwell,2,10,6366.4,2,0,0,0,2,0.5228,188.13
21,2,SemiDwell,4,10,7107.0,4,0,0,0,4,0.3821,152.49
21,2,SemiDwell,6,10,7366.1,6,0,0,0,6,0.3672,51.66
21,2,SemiDwell,2,11,7670.1,2,0,0,1,3,0.2832,210.22
21,2,SemiDwell,4,11,7440.7,4,0,0,0,4,0.3275,323.45
21,2,SemiDwell,6,11,6463.0,6,0,1,0,5,0.3921,117.43
21,2,SemiDwell,2,12,8525.1,2,0,0,0,2,0.435,91.96
21,2,SemiDwell,4,12,8109.3,4,0,1,0,3,0.319,201.52
21,2,SemiDwell,6,12,8600.7,6,0,0,0,6,0.384,193.34
21,2,SemiDwell,2,13,7473.1,2,0,0,0,2,0.2048,180.57
21,2,SemiDwell,4,13,7260.8,4,0,0,0,4,0.4372,194.43
21,2,SemiDwell,6,13,7252.3,7,1,0,0,6,0.4527,135.29
21,2,SemiDwell,2,14,7214.2,2,0,0,0,2,0.4616,181.15
21,2,SemiDwell,4,14,7538.6,5,1,0,0,4,0.5728,44.75
21,2,SemiDwell,6,14,7890.2,7,1,0,0,6,0.3543,114.02
21,3,SemiTilt,2,0,7087.1,2,0,0,1,3,0.1773,119.87
21,3,SemiTilt,4,0,8097.2,4,0,0,0,4,0.3035,217.85
21,3,SemiTilt,6,0,7971.9,7,1,0,0,6,0.4663,176.49
21,3,SemiTilt,2,1,7200.1,2,0,0,0,2,0.2775,134.78
21,3,SemiTilt,4,1,8295.7,4,0,1,0,3,0.2247,115.91
21,3,SemiTilt,6,1,8149.2,6,0,0,0,6,0.1545,149.0
21,3,SemiTilt,2,2,7350.1,3,1,0,0,2,0.3413,55.84
21,3,SemiTilt,4,2,7593.8,4,0,0,1,5,0.2276,155.86
21,3,SemiTilt,6,2,7978.2,6,0,0,0,6,0.6884,214.29
21,3,SemiTilt,2,3,7106.8,2,0,0,0,2,0.6069,131.17
21,3,SemiTilt,4,3,7435.4,4,0,0,0,4,0.2913,188.91
21,3,SemiTilt,6,3,8319.5,7,1,2,0,4,0.1907,98.84
21,3,SemiTilt,2,4,6207.6,2,0,0,0,2,0.6599,156.48
21,3,SemiTilt,4,4,7620.5,4,0,0,1,5,0.0197,204.46
21,3,SemiTilt,6,4,7961.3,6,0,0,0,6,0.4136,154.38
21,3,SemiTilt,2,5,7200.2,2,0,0,0,2,0.3813,149.85
21,3,SemiTilt,4,5,7324.8,5,1,0,1,5,0.4289,206.72
21,3,SemiTilt,6,5,8713.8,6,0,0,0,6,0.2632,281.77
21,3,SemiTilt,2,6,7384.9,2,0,0,0,2,0.2731,218.82
21,3,SemiTilt,4,6,6445.6,5,1,0,1,5,0.246,233.58
21,3,SemiTilt,6,6,7098.1,6,0,0,0,6,0.6376,42.76
21,3,SemiTilt,2,7,7394.8,2,0,0,0,2,0.6862,179.69
21,3,SemiTilt,4,7,7581.3,5,1,0,0,4,0.4521,158.51
21,3,SemiTilt,6,7,7849.7,7,1,0,0,6,0.3332,110.54
21,3,SemiTilt,2,8,7044.0,2,0,0,0,2,0.502,167.59
21,3,SemiTilt,4,8,7603.4,4,0,0,0,4,0.2259,195.26
21,3,SemiTilt,6,8,7134.4,6,0,0,0,6,0.4592,234.98
21,3,SemiTilt,2,9,7354.7,2,0,0,1,3,0.3601,71.26
21,3,SemiTilt,4,9,6699.3,5,1,0,0,4,0.4201,104.0
21,3,SemiTilt,6,9,9061.9,6,0,0,0,6,0.3734,206.8
21,3,SemiTilt,2,10,7524.8,2,0,0,0,2,0.3215,202.78
21,3,SemiTilt,4,10,7775.1,4,0,1,0,3,0.3942,218.67
21,3,SemiTilt,6,10,7516.9,7,1,0,0,6,0.5417,202.99
21,3,SemiTilt,2,11,8261.3,2,0,0,0,2,0.2884,319.85
21,3,SemiTilt,4,11,6789.8,4,0,0,1,5,0.4216,116.21
21,3,SemiTilt,6,11,7511.2,7,1,1,0,5,0.3078,68.74
21,3,SemiTilt,2,12,7138.3,2,0,0,1,3,0.2894,197.3
21,3,SemiTilt,4,12,7933.3,4,0,1,0,3,0.5384,138.31
21,3,SemiTilt,6,12,6827.5,7,1,0,0,6,0.4247,190.94
21,3,SemiTilt,2,13,6870.6,2,0,0,1,3,0.5214,260.16
21,3,SemiTilt,4,13,7163.7,4,0,0,0,4,0.2841,97.41
21,3,SemiTilt,6,13,6763.5,6,0,1,1,6,0.2288,196.55
21,3,SemiTilt,2,14,8212.1,2,0,0,0,2,0.1534,313.86
21,3,SemiTilt,4,14,8568.5,4,0,0,0,4,0.3984,145.96
21,3,SemiTilt,6,14,7413.4,6,0,0,1,7,0.4225,91.08
21,4,SemiSwipe,2,0,7116.0,2,0,0,0,2,0.7499,22.63
21,4,SemiSwipe,4,0,7378.0,4,0,0,1,5,0.1475,104.67
21,4,SemiSwipe,6,0,7806.4,6,0,0,1,7,0.6584,170.62
21,4,SemiSwipe,2,1,6783.3,2,0,0,1,3,0.3637,202.16
21,4,SemiSwipe,4,1,7435.5,4,0,0,1,5,0.6432,208.6
21,4,SemiSwipe,6,1,7664.9,6,0,0,0,6,0.5674,194.5
21,4,SemiSwipe,2,2,7669.7,3,1,0,1,3,0.3272,166.07
21,4,SemiSwipe,4,2,8494.9,4,0,2,0,2,0.2131,129.81
21,4,SemiSwipe,6,2,6996.2,6,0,0,1,7,0.5834,130.8
21,4,SemiSwipe,2,3,7681.8,2,0,0,1,3,0.4877,137.98
21,4,SemiSwipe,4,3,7358.1,4,0,0,0,4,0.6248,194.6
21,4,SemiSwipe,6,3,8456.9,7,1,0,0,6,0.5946,156.94
21,4,SemiSwipe,2,4,6582.2,2,0,0,0,2,0.6267,108.33
21,4,SemiSwipe,4,4,7421.5,5,1,0,0,4,0.4298,78.74
21,4,SemiSwipe,6,4,8666.5,6,0,0,1,7,0.3029,157.7
21,4,SemiSwipe,2,5,7479.3,2,0,0,0,2,0.3959,233.58
21,4,SemiSwipe,4,5,8121.9,5,1,0,0,4,0.3569,231.71
21,4,SemiSwipe,6,5,7127.3,9,3,0,0,6,0.3869,187.78
21,4,SemiSwipe,2,6,7592.3,2,0,0,0,2,0.3582,207.5
21,4,SemiSwipe,4,6,8241.5,4,0,0,0,4,0.8371,63.13
21,4,SemiSwipe,6,6,7524.7,6,0,0,0,6,0.1963,172.35
21,4,SemiSwipe,2,7,6749.9,2,0,0,0,2,0.3019,11.39
21,4,SemiSwipe,4,7,7077.2,5,1,0,0,4,0.4455,236.05
21,4,SemiSwipe,6,7,7251.7,6,0,0,1,7,0.0944,79.07
21,4,SemiSwipe,2,8,7900.3,2,0,0,0,2,0.5391,73.02
21,4,SemiSwipe,4,8,7651.3,4,0,1,0,3,0.1942,75.39
21,4,SemiSwipe,6,8,8435.7,6,0,0,0,6,0.0396,102.18
21,4,SemiSwipe,2,9,7167.1,3,1,0,0,2,0.8174,169.97
21,4,SemiSwipe,4,9,7562.0,5,1,0,0,4,0.5254,165.58
21,4,SemiSwipe,6,9,7262.0,6,0,0,1,7,0.062,152.25
21,4,SemiSwipe,2,10,7186.6,2,0,0,0,2,0.3451,154.07
21,4,SemiSwipe,4,10,8238.9,4,0,0,0,4,0.289,63.2
21,4,SemiSwipe,6,10,6825.8,6,0,1,0,5,0.2362,189.24
21,4,SemiSwipe,2,11,7964.1,2,0,0,1,3,0.31,153.65
21,4,SemiSwipe,4,11,7968.0,4,0,0,0,4,0.364,210.08
21,4,SemiSwipe,6,11,8828.1,6,0,0,0,6,0.3691,159.16
21,4,SemiSwipe,2,12,7604.1,2,0,0,1,3,0.2288,113.45
21,4,SemiSwipe,4,12,8211.0,4,0,0,1,5,0.3046,163.14
21,4,SemiSwipe,6,12,7545.2,6,0,0,0,6,0.3303,249.42
21,4,SemiSwipe,2,13,6940.9,2,0,0,0,2,0.3613,110.45
21,4,SemiSwipe,4,13,7860.3,4,0,0,1,5,0.6297,80.53
21,4,SemiSwipe,6,13,7380.4,6,0,0,0,6,0.2499,109.57
21,4,SemiSwipe,2,14,7362.2,3,1,0,1,3,0.4177,79.2
21,4,SemiSwipe,4,14,7086.7,5,1,0,1,5,0.2735,167.24
21,4,SemiSwipe,6,14,8298.6,6,0,1,0,5,0.2199,118.65
22,0,SemiDwell,2,0,4803.8,2,0,0,0,2,0.4333,109.48
22,0,SemiDwell,4,0,5076.5,4,0,1,0,3,0.5114,51.7
22,0,SemiDwell,6,0,5137.8,7,1,0,0,6,0.1025,134.88
22,0,SemiDwell,2,1,3932.1,2,0,0,1,3,0.1878,196.46
22,0,SemiDwell,4,1,3655.4,4,0,0,0,4,0.3815,244.4
22,0,SemiDwell,6,1,3763.7,6,0,0,0,6,0.4483,264.43
22,0,SemiDwell,2,2,4081.6,2,0,0,0,2,0.4869,216.02
22,0,SemiDwell,4,2,4203.8,4,0,0,0,4,0.4384,120.09
22,0,SemiDwell,6,2,3192.9,6,0,0,0,6,0.1926,140.09
22,0,SemiDwell,2,3,5187.3,3,1,0,0,2,0.4008,148.87
22,0,SemiDwell,4,3,4199.5,5,1,0,0,4,0.3635,163.93
22,0,SemiDwell,6,3,4756.6,6,0,0,0,6,0.3687,128.17
22,0,SemiDwell,2,4,4147.5,2,0,0,0,2,0.3204,26.48
22,0,SemiDwell,4,4,3946.8,4,0,0,0,4,0.2134,189.58
22,0,SemiDwell,6,4,4558.5,6,0,1,0,5,0.5362,124.5
22,0,SemiDwell,2,5,4075.1,2,0,0,0,2,0.2514,49.55
22,0,SemiDwell,4,5,4364.6,4,0,0,0,4,0.3597,111.89
22,0,SemiDwell,6,5,4836.6,6,0,0,0,6,0.4832,111.44
22,0,SemiDwell,2,6,4211.1,3,1,0,0,2,0.356,118.17
22,0,SemiDwell,4,6,4866.3,4,0,0,0,4,0.1565,175.99
22,0,SemiDwell,6,6,4605.9,6,0,0,0,6,0.1341,159.3
22,0,SemiDwell,2,7,3521.1,2,0,1,0,1,0.418,119.99
22,0,SemiDwell,4,7,4194.2,4,0,0,0,4,0.5082,149.19
22,0,SemiDwell,6,7,3878.4,6,0,1,0,5,0.3324,104.98
22,0,SemiDwell,2,8,4583.6,2,0,0,1,3,0.5546,119.09
22,0,SemiDwell,4,8,4054.5,4,0,0,0,4,0.417,116.41
22,0,SemiDwell,6,8,3724.7,7,1,0,0,6,0.4004,95.02
22,0,SemiDwell,2,9,4603.8,2,0,0,1,3,0.1579,187.37
22,0,SemiDwell,4,9,5601.0,4,0,0,0,4,0.4929,132.92
22,0,SemiDwell,6,9,4568.5,6,0,0,0,6,0.4065,180.77
22,0,SemiDwell,2,10,3240.5,2,0,1,0,1,0.4152,156.26
22,0,SemiDwell,4,10,3521.9,4,0,0,0,4,0.4911,119.28
22,0,SemiDwell,6,10,5894.7,6,0,0,0,6,0.402,153.81
22,0,SemiDwell,2,11,4196.6,2,0,0,0,2,0.5281,170.1
22,0,SemiDwell,4,11,3942.8,4,0,0,0,4,0.3873,61.14
22,0,SemiDwell,6,11,5171.8,6,0,0,1,7,0.5019,195.36
22,0,SemiDwell,2,12,3682.6,2,0,0,0,2,0.5338,78.82
22,0,SemiDwell,4,12,5243.8,4,0,0,1,5,0.5452,263.78
22,0,SemiDwell,6,12,3780.2,6,0,1,0,5,0.0374,131.47
22,0,SemiDwell,2,13,3701.4,2,0,0,0,2,0.4444,167.44
22,0,SemiDwell,4,13,5192.3,4,0,0,0,4,0.5949,215.03
22,0,SemiDwell,6,13,4699.5,7,1,0,0,6,0.5666,140.03
22,0,SemiDwell,2,14,3536.3,2,0,0,0,2,0.3487,123.65
22,0,SemiDwell,4,14,4548.0,4,0,0,0,4,0.3441,142.44
22,0,SemiDwell,6,14,3417.7,6,0,0,1,7,0.5136,121.08
22,1,SemiNDH,2,0,4238.0,2,0,0,0,2,0.1962,55.45
22,1,SemiNDH,4,0,3127.7,4,0,0,0,4,0.3316,268.25
22,1,SemiNDH,6,0,4983.6,6,0,0,0,6,0.2269,38.13
22,1,SemiNDH,2,1,4334.7,3,1,0,0,2,0.5044,166.69
22,1,SemiNDH,4,1,4510.2,4,0,0,0,4,0.6072,103.4
22,1,SemiNDH,6,1,4041.0,6,0,0,1,7,0.2908,182.53
22,1,SemiNDH,2,2,3741.0,2,0,0,0,2,0.4559,203.74
22,1,SemiNDH,4,2,4126.5,4,0,0,0,4,0.2004,140.94
22,1,SemiNDH,6,2,4701.4,6,0,0,0,6,0.4011,129.54
22,1,SemiNDH,2,3,4755.2,2,0,0,0,2,0.3424,145.4
22,1,SemiNDH,4,3,4276.9,4,0,0,0,4,0.508,149.13
22,1,SemiNDH,6,3,4229.0,7,1,0,0,6,0.4538,102.87
22,1,SemiNDH,2,4,4223.3,2,0,0,0,2,0.5213,145.28
22,1,SemiNDH,4,4,4189.9,6,2,0,0,4,0.4696,214.42
22,1,SemiNDH,6,4,3609.9,6,0,0,0,6,0.3061,102.4
22,1,SemiNDH,2,5,5232.4,2,0,0,0,2,0.3041,152.81
22,1,SemiNDH,4,5,3777.4,4,0,0,1,5,0.1909,82.24
22,1,SemiNDH,6,5,5000.8,6,0,0,0,6,0.4778,157.24
22,1,SemiNDH,2,6,4360.0,2,0,0,0,2,0.551,194.07
22,1,SemiNDH,4,6,4176.5,4,0,0,0,4,0.4752,231.17
22,1,SemiNDH,6,6,4561.4,7,1,0,1,7,0.3515,200.08
22,1,SemiNDH,2,7,4208.1,2,0,0,0,2,0.3311,207.72
22,1,SemiNDH,4,7,3637.0,4,0,0,0,4,0.513,203.02
22,1,SemiNDH,6,7,4992.6,6,0,0,1,7,0.2863,93.33
22,1,SemiNDH,2,8,5229.4,2,0,1,1,2,0.5742,88.18
22,1,SemiNDH,4,8,4995.0,4,0,0,0,4,0.6403,217.74
22,1,SemiNDH,6,8,4414.9,6,0,0,0,6,0.4008,146.22
22,1,SemiNDH,2,9,5103.1,2,0,0,0,2,0.1759,179.54
22,1,SemiNDH,4,9,4623.3,4,0,0,1,5,0.2559,117.08
22,1,SemiNDH,6,9,3682.8,8,2,0,0,6,0.4179,152.06
22,1,SemiNDH,2,10,4636.9,3,1,0,1,3,0.4589,104.15
22,1,SemiNDH,4,10,3520.3,5,1,0,1,5,0.3619,102.67
22,1,SemiNDH,6,10,4557.8,8,2,0,0,6,0.4779,116.35
22,1,SemiNDH,2,11,3855.1,2,0,0,0,2,0.4285,223.08
22,1,SemiNDH,4,11,3549.1,4,0,0,0,4,0.5986,90.2
22,1,SemiNDH,6,11,3061.9,7,1,0,0,6,0.1683,195.52
22,1,SemiNDH,2,12,4539.2,2,0,0,0,2,0.419,162.82
22,1,SemiNDH,4,12,4372.5,5,1,0,0,4,0.2559,95.87
22,1,SemiNDH,6,12,4474.6,7,1,1,0,5,0.378,101.76
22,1,SemiNDH,2,13,3955.5,2,0,0,0,2,0.3384,218.74
22,1,SemiNDH,4,13,2986.3,5,1,0,0,4,0.3874,142.22
22,1,SemiNDH,6,13,5371.2,7,1,0,0,6,0.4316,240.67
22,1,SemiNDH,2,14,3339.4,2,0,0,0,2,0.4211,191.41
22,1,SemiNDH,4,14,4670.6,4,0,0,0,4,0.4181,114.09
22,1,SemiNDH,6,14,4436.5,6,0,0,0,6,0.1002,54.43
22,2,SemiSwipe,2,0,4476.8,2,0,0,0,2,0.5693,180.93
22,2,SemiSwipe,4,0,3497.9,4,0,0,0,4,0.3554,204.49
22,2,SemiSwipe,6,0,3177.2,6,0,0,1,7,0.5003,131.89
22,2,SemiSwipe,2,1,4844.3,2,0,0,0,2,0.2364,202.18
22,2,SemiSwipe,4,1,4611.3,4,0,0,0,4,0.3367,74.47
22,2,SemiSwipe,6,1,4354.4,6,0,0,0,6,0.2539,158.04
22,2,SemiSwipe,2,2,4360.8,3,1,0,0,2,0.4125,73.94
22,2,SemiSwipe,4,2,4191.1,5,1,1,0,3,0.2215,211.35
22,2,SemiSwipe,6,2,4236.1,6,0,0,0,6,0.1011,137.7
22,2,SemiSwipe,2,3,4666.6,2,0,0,0,2,0.4656,85.77
22,2,SemiSwipe,4,3,6007.0,4,0,0,0,4,0.5432,223.36
22,2,SemiSwipe,6,3,3817.0,6,0,1,0,5,0.4009,201.84
22,2,SemiSwipe,2,4,4267.9,2,0,0,0,2,0.3532,167.89
22,2,SemiSwipe,4,4,5270.9,4,0,0,1,5,0.4843,181.88
22,2,SemiSwipe,6,4,4441.8,6,0,0,1,7,0.3466,155.74
22,2,SemiSwipe,2,5,2957.1,2,0,0,0,2,0.5289,78.23
22,2,SemiSwipe,4,5,4883.2,4,0,0,1,5,0.3586,154.36
22,2,SemiSwipe,6,5,4191.4,6,0,0,0,6,0.4289,104.22
22,2,SemiSwipe,2,6,4267.9,2,0,0,1,3,0.2481,226.26
22,2,SemiSwipe,4,6,4511.6,4,0,0,1,5,0.2056,211.4
22,2,SemiSwipe,6,6,3542.0,7,1,0,1,7,0.4897,111.3
22,2,SemiSwipe,2,7,4573.1,2,0,0,0,2,0.2882,143.52
22,2,SemiSwipe,4,7,4596.3,4,0,0,1,5,0.5828,62.0
22,2,SemiSwipe,6,7,4192.9,6,0,0,0,6,0.4318,100.05
22,2,SemiSwipe,2,8,4054.2,2,0,0,0,2,0.0011,219.79
22,2,SemiSwipe,4,8,4760.0,4,0,0,0,4,0.5153,149.23
22,2,SemiSwipe,6,8,5172.3,7,1,0,0,6,0.4818,80.83
22,2,SemiSwipe,2,9,3518.8,2,0,0,0,2,0.5608,95.33
22,2,SemiSwipe,4,9,3676.0,4,0,0,0,4,0.3379,85.07
22,2,SemiSwipe,6,9,5441.5,6,0,0,0,6,0.2392,196.62
22,2,SemiSwipe,2,10,4092.9,3,1,0,0,2,0.3491,170.68
22,2,SemiSwipe,4,10,4369.0,4,0,0,0,4,0.3539,173.32
22,2,SemiSwipe,6,10,3922.9,8,2,1,0,5,0.7494,195.46
22,2,SemiSwipe,2,11,3390.6,2,0,0,1,3,0.6537,158.38
22,2,SemiSwipe,4,11,5853.7,4,0,1,1,4,0.3586,153.41
22,2,SemiSwipe,6,11,3451.4,6,0,1,0,5,0.4185,158.96
22,2,SemiSwipe,2,12,4347.0,2,0,0,1,3,0.2129,141.13
22,2,SemiSwipe,4,12,4146.2,4,0,0,0,4,0.5158,175.11
22,2,SemiSwipe,6,12,3685.3,6,0,1,0,5,0.3452,202.56
22,2,SemiSwipe,2,13,5027.8,2,0,0,1,3,0.2335,105.61
22,2,SemiSwipe,4,13,4172.4,4,0,0,0,4,0.7215,222.28
22,2,SemiSwipe,6,13,4087.3,6,0,0,0,6,0.5291,90.03
22,2,SemiSwipe,2,14,3875.0,2,0,0,0,2,0.3728,143.35
22,2,SemiSwipe,4,14,3924.6,5,1,0,0,4,0.2014,100.58
22,2,SemiSwipe,6,14,4123.2,6,0,0,1,7,0.1195,127.64
22,3,FullDH,2,0,4109.8,2,0,0,1,3,0.3151,207.66
22,3,FullDH,4,0,3715.5,4,0,0,1,5,0.4019,137.78
22,3,FullDH,6,0,2819.3,6,0,0,0,6,0.1726,203.35
22,3,FullDH,2,1,5019.5,2,0,0,0,2,0.4689,123.89
22,3,FullDH,4,1,4685.8,4,0,0,0,4,0.4925,147.64
22,3,FullDH,6,1,4540.5,7,1,0,0,6,0.3116,182.34
22,3,FullDH,2,2,4092.6,2,0,0,0,2,0.3948,54.63
22,3,FullDH,4,2,3999.6,5,1,0,0,4,0.2658,218.39
22,3,FullDH,6,2,3911.8,7,1,0,1,7,0.5243,97.74
22,3,FullDH,2,3,4435.9,2,0,0,0,2,0.4353,188.95
22,3,FullDH,4,3,4565.2,4,0,0,0,4,0.3365,96.88
22,3,FullDH,6,3,3827.4,6,0,1,1,6,0.3665,130.28
22,3,FullDH,2,4,4082.0,2,0,0,0,2,0.3417,67.89
22,3,FullDH,4,4,4583.4,4,0,0,0,4,0.3977,142.79
22,3,FullDH,6,4,4127.7,6,0,0,0,6,0.4174,215.5
22,3,FullDH,2,5,3487.1,2,0,0,0,2,0.3196,184.85
22,3,FullDH,4,5,5030.1,4,0,0,0,4,0.4134,163.52
22,3,FullDH,6,5,3023.0,6,0,0,0,6,0.561,53.67
22,3,FullDH,2,6,5079.6,2,0,0,0,2,0.3883,175.03
22,3,FullDH,4,6,4486.8,4,0,0,0,4,0.5703,188.99
22,3,FullDH,6,6,5475.9,6,0,0,0,6,0.4762,153.78
22,3,FullDH,2,7,4538.4,2,0,0,0,2,0.3678,87.33
22,3,FullDH,4,7,4550.0,4,0,0,0,4,0.3124,173.87
22,3,FullDH,6,7,4262.8,7,1,0,0,6,0.423,240.83
22,3,FullDH,2,8,3704.5,2,0,0,0,2,0.4096,273.18
22,3,FullDH,4,8,4635.8,5,1,0,0,4,0.254,156.57
22,3,FullDH,6,8,5108.5,6,0,0,0,6,0.4168,138.09
22,3,FullDH,2,9,4154.5,2,0,0,0,2,0.4174,139.89
22,3,FullDH,4,9,3683.8,4,0,0,0,4,0.1884,77.45
22,3,FullDH,6,9,4617.4,6,0,1,0,5,0.4925,111.29
22,3,FullDH,2,10,3075.3,2,0,0,1,3,0.4347,223.61
22,3,FullDH,4,10,4441.7,4,0,0,0,4,0.6912,148.93
22,3,FullDH,6,10,4272.4,7,1,0,0,6,0.603,182.36
22,3,FullDH,2,11,3994.5,2,0,0,0,2,0.4722,190.69
22,3,FullDH,4,11,4671.0,4,0,0,1,5,0.657,88.27
22,3,FullDH,6,11,4738.4,6,0,0,0,6,0.2414,151.6
22,3,FullDH,2,12,5019.2,2,0,0,0,2,0.6103,121.27
22,3,FullDH,4,12,4451.2,4,0,0,0,4,0.1808,86.42
22,3,FullDH,6,12,4835.9,7,1,0,0,6,0.5083,186.72
22,3,FullDH,2,13,4007.0,2,0,0,1,3,0.2643,216.58
22,3,FullDH,4,13,4964.5,4,0,0,0,4,0.3803,96.65
22,3,FullDH,6,13,3998.1,7,1,0,1,7,0.4018,203.07
22,3,FullDH,2,14,3603.1,2,0,0,0,2,0.1529,177.31
22,3,FullDH,4,14,4387.0,4,0,0,0,4,0.3124,82.39
22,3,FullDH,6,14,4903.9,6,0,0,0,6,0.3196,167.24
22,4,SemiTilt,2,0,5963.2,2,0,0,0,2,0.3442,118.28
22,4,SemiTilt,4,0,4681.1,4,0,0,1,5,0.3917,168.06
22,4,SemiTilt,6,0,4279.9,6,0,0,0,6,0.6439,162.26
22,4,SemiTilt,2,1,4931.1,2,0,0,0,2,0.2871,228.0
22,4,SemiTilt,4,1,3885.0,5,1,0,1,5,0.4565,251.41
22,4,SemiTilt,6,1,5092.6,6,0,0,1,7,0.6407,187.54
22,4,SemiTilt,2,2,4300.0,2,0,0,0,2,0.4143,144.48
22,4,SemiTilt,4,2,4129.9,4,0,1,0,3,0.3715,93.02
22,4,SemiTilt,6,2,4308.1,7,1,0,1,7,0.4089,108.37
22,4,SemiTilt,2,3,5172.0,2,0,0,0,2,0.3241,207.63
22,4,SemiTilt,4,3,3791.5,4,0,0,0,4,0.5285,140.0
22,4,SemiTilt,6,3,3930.9,6,0,0,0,6,0.5161,227.72
22,4,SemiTilt,2,4,4382.9,2,0,0,0,2,0.6317,89.48
22,4,SemiTilt,4,4,4262.3,4,0,0,0,4,0.3468,147.17
22,4,SemiTilt,6,4,4972.8,6,0,0,0,6,0.4112,153.41
22,4,SemiTilt,2,5,3723.5,2,0,0,1,3,0.2447,221.57
22,4,SemiTilt,4,5,4842.0,4,0,0,0,4,0.4261,183.68
22,4,SemiTilt,6,5,3640.0,8,2,0,0,6,0.4168,58.8
22,4,SemiTilt,2,6,4963.5,2,0,0,1,3,0.2352,113.56
22,4,SemiTilt,4,6,5086.8,4,0,0,0,4,0.3281,93.76
22,4,SemiTilt,6,6,4664.5,7,1,1,0,5,0.3884,211.06
22,4,SemiTilt,2,7,4513.3,3,1,0,0,2,0.3712,176.9
22,4,SemiTilt,4,7,4114.7,4,0,1,0,3,0.5524,330.65
22,4,SemiTilt,6,7,4274.3,7,1,0,0,6,0.3081,192.86
22,4,SemiTilt,2,8,4775.9,2,0,0,1,3,0.5272,153.9
22,4,SemiTilt,4,8,4160.1,4,0,0,0,4,0.5083,167.57
22,4,SemiTilt,6,8,3911.9,6,0,0,0,6,0.2968,114.93
22,4,SemiTilt,2,9,3972.9,2,0,0,0,2,0.2299,123.75
22,4,SemiTilt,4,9,4115.5,5,1,0,0,4,0.5722,253.82
22,4,SemiTilt,6,9,3915.7,6,0,0,1,7,0.1282,33.19
22,4,SemiTilt,2,10,4376.0,2,0,0,1,3,0.6737,109.16
22,4,SemiTilt,4,10,4770.4,4,0,1,0,3,0.2164,208.3
22,4,SemiTilt,6,10,4735.1,6,0,0,0,6,0.3161,73.49
22,4,SemiTilt,2,11,4784.7,2,0,0,0,2,0.2877,166.68
22,4,SemiTilt,4,11,3168.4,4,0,0,0,4,0.4205,30.64
22,4,SemiTilt,6,11,3945.4,6,0,1,0,5,0.5814,123.93
22,4,SemiTilt,2,12,4026.7,2,0,0,0,2,0.1893,231.89
22,4,SemiTilt,4,12,4939.9,4,0,0,0,4,0.3833,258.14
22,4,SemiTilt,6,12,4455.3,7,1,0,0,6,0.222,154.17
22,4,SemiTilt,2,13,2978.5,2,0,0,0,2,0.3451,134.75
22,4,SemiTilt,4,13,3631.5,4,0,0,0,4,0.4788,27.67
22,4,SemiTilt,6,13,5121.4,6,0,1,0,5,0.6143,182.16
22,4,SemiTilt,2,14,4904.5,2,0,0,1,3,0.3543,94.16
22,4,SemiTilt,4,14,3438.9,4,0,0,1,5,0.5678,144.6
22,4,SemiTilt,6,14,3872.2,6,0,0,0,6,0.8063,200.31
23,0,SemiSwipe,2,0,4930.0,2,0,0,0,2,0.5146,181.28
23,0,SemiSwipe,4,0,5517.2,4,0,0,0,4,0.5124,108.12
23,0,SemiSwipe,6,0,4663.0,8,2,0,0,6,0.3125,162.15
23,0,SemiSwipe,2,1,4452.2,3,1,0,0,2,0.5152,11.32
23,0,SemiSwipe,4,1,4824.5,4,0,0,0,4,0.5812,170.45
23,0,SemiSwipe,6,1,5839.9,6,0,0,0,6,0.1692,277.45
23,0,SemiSwipe,2,2,5122.8,2,0,0,0,2,0.1809,113.77
23,0,SemiSwipe,4,2,5338.9,4,0,0,0,4,0.5613,186.87
23,0,SemiSwipe,6,2,4917.3,7,1,0,1,7,0.4542,11.25
23,0,SemiSwipe,2,3,3905.0,3,1,0,1,3,0.5438,145.83
23,0,SemiSwipe,4,3,3857.4,4,0,0,0,4,0.5719,169.03
23,0,SemiSwipe,6,3,4556.6,6,0,1,0,5,0.4551,205.95
23,0,SemiSwipe,2,4,4575.0,2,0,0,0,2,0.3063,208.18
23,0,SemiSwipe,4,4,5478.4,5,1,0,0,4,0.2942,134.78
23,0,SemiSwipe,6,4,4594.9,6,0,0,0,6,0.4474,153.16
23,0,SemiSwipe,2,5,5705.5,2,0,0,0,2,0.2653,171.64
23,0,SemiSwipe,4,5,4875.7,5,1,0,0,4,0.4049,121.66
23,0,SemiSwipe,6,5,4817.4,7,1,0,0,6,0.3568,186.3
23,0,SemiSwipe,2,6,4937.8,2,0,0,0,2,0.4069,107.8
23,0,SemiSwipe,4,6,4761.3,5,1,0,1,5,0.4548,161.36
23,0,SemiSwipe,6,6,5429.1,6,0,0,0,6,0.007,226.37
23,0,SemiSwipe,2,7,4688.8,2,0,0,0,2,0.4094,122.25
23,0,SemiSwipe,4,7,5323.7,4,0,0,0,4,0.6668,151.89
23,0,SemiSwipe,6,7,4932.3,7,1,2,0,4,0.1728,179.26
23,0,SemiSwipe,2,8,4808.0,2,0,0,1,3,0.48,208.72
23,0,SemiSwipe,4,8,5109.2,4,0,0,1,5,0.5054,227.86
23,0,SemiSwipe,6,8,5399.8,6,0,1,1,6,0.6431,73.23
23,0,SemiSwipe,2,9,4892.8,2,0,0,0,2,0.2852,8.74
23,0,SemiSwipe,4,9,4758.1,4,0,0,0,4,0.3881,64.15
23,0,SemiSwipe,6,9,5666.1,6,0,0,1,7,0.4043,222.89
23,0,SemiSwipe,2,10,3881.5,2,0,0,0,2,0.1747,162.32
23,0,SemiSwipe,4,10,5069.2,4,0,0,0,4,0.3793,250.25
23,0,SemiSwipe,6,10,5233.1,7,1,1,0,5,0.3144,221.6
23,0,SemiSwipe,2,11,3914.1,2,0,0,0,2,0.3335,158.05
23,0,SemiSwipe,4,11,4199.0,4,0,0,0,4,0.5203,174.83
23,0,SemiSwipe,6,11,5048.5,6,0,0,0,6,0.4773,229.77
23,0,SemiSwipe,2,12,4352.9,3,1,0,0,2,0.2355,190.77
23,0,SemiSwipe,4,12,4897.1,4,0,0,0,4,0.4619,85.44
23,0,SemiSwipe,6,12,5074.9,6,0,0,1,7,0.2234,63.46
23,0,SemiSwipe,2,13,5815.8,2,0,0,1,3,0.4631,188.28
23,0,SemiSwipe,4,13,4423.4,4,0,0,0,4,0.6703,128.15
23,0,SemiSwipe,6,13,3833.8,6,0,0,0,6,0.4631,189.52
23,0,SemiSwipe,2,14,5052.6,2,0,0,0,2,0.3789,261.53
23,0,SemiSwipe,4,14,5027.8,4,0,0,0,4,0.4967,129.65
23,0,SemiSwipe,6,14,6067.9,7,1,0,0,6,0.2966,93.62
23,1,SemiDwell,2,0,5564.3,2,0,0,0,2,0.6824,189.1
23,1,SemiDwell,4,0,6143.6,4,0,0,0,4,0.4054,145.54
23,1,SemiDwell,6,0,4987.5,6,0,0,0,6,0.5531,132.94
23,1,SemiDwell,2,1,5467.6,2,0,0,0,2,0.5756,185.4
23,1,SemiDwell,4,1,4764.0,4,0,0,0,4,0.2256,227.61
23,1,SemiDwell,6,1,3478.3,6,0,0,0,6,0.636,157.5
23,1,SemiDwell,2,2,5218.9,2,0,0,1,3,0.4857,203.47
23,1,SemiDwell,4,2,4004.3,4,0,0,0,4,0.354,151.75
23,1,SemiDwell,6,2,4788.1,6,0,0,0,6,0.2013,216.05
23,1,SemiDwell,2,3,4718.8,2,0,0,0,2,0.3759,107.88
23,1,SemiDwell,4,3,5805.1,4,0,0,1,5,0.5032,47.77
23,1,SemiDwell,6,3,4414.9,6,0,0,0,6,0.4346,77.26
23,1,SemiDwell,2,4,5302.7,2,0,0,0,2,0.3468,184.18
23,1,SemiDwell,4,4,5356.6,4,0,0,1,5,0.2779,146.71
23,1,SemiDwell,6,4,5048.7,6,0,0,0,6,0.3068,190.33
23,1,SemiDwell,2,5,4957.3,2,0,0,0,2,0.4438,61.39
23,1,SemiDwell,4,5,4952.8,4,0,0,0,4,0.2162,226.55
23,1,SemiDwell,6,5,4304.4,6,0,0,0,6,0.312,130.87
23,1,SemiDwell,2,6,3928.3,2,0,0,0,2,0.3522,202.92
23,1,SemiDwell,4,6,4660.6,4,0,0,1,5,0.4246,58.87
23,1,SemiDwell,6,6,5369.7,7,1,0,1,7,0.3294,180.27
23,1,SemiDwell,2,7,4817.6,2,0,0,0,2,0.326,176.38
23,1,SemiDwell,4,7,4856.5,4,0,0,0,4,0.2285,149.55
23,1,SemiDwell,6,7,4808.0,6,0,0,1,7,0.4448,112.81
23,1,SemiDwell,2,8,5573.3,2,0,0,0,2,0.3118,230.34
23,1,SemiDwell,4,8,4541.1,5,1,0,0,4,0.8133,111.02
23,1,SemiDwell,6,8,4230.7,6,0,0,1,7,0.3541,221.92
23,1,SemiDwell,2,9,4755.4,2,0,0,0,2,0.4927,160.08
23,1,SemiDwell,4,9,5505.5,4,0,0,1,5,0.5781,187.53
23,1,SemiDwell,6,9,4888.9,7,1,1,0,5,0.3633,79.75
23,1,SemiDwell,2,10,4605.1,2,0,1,0,1,0.3988,144.24
23,1,SemiDwell,4,10,5188.2,4,0,0,0,4,0.5197,174.87
23,1,SemiDwell,6,10,5466.0,6,0,0,1,7,0.4566,139.68
23,1,SemiDwell,2,11,5480.0,2,0,0,0,2,0.364,33.97
23,1,SemiDwell,4,11,4957.3,4,0,0,1,5,0.6471,151.56
23,1,SemiDwell,6,11,5553.3,6,0,1,0,5,0.3752,18.13
23,1,SemiDwell,2,12,5282.7,2,0,0,0,2,0.6485,96.2
23,1,SemiDwell,4,12,4632.7,4,0,0,1,5,0.5428,173.97
23,1,SemiDwell,6,12,5363.4,6,0,0,0,6,0.4169,225.78
23,1,SemiDwell,2,13,5386.3,2,0,0,0,2,0.6237,149.55
23,1,SemiDwell,4,13,4559.8,4,0,0,0,4,0.6238,129.74
23,1,SemiDwell,6,13,4716.0,6,0,0,0,6,0.2024,147.84
23,1,SemiDwell,2,14,5387.6,2,0,0,0,2,0.7345,41.39
23,1,SemiDwell,4,14,4362.4,4,0,0,1,5,0.4264,18.99
23,1,SemiDwell,6,14,5049.0,6,0,0,0,6,0.2173,131.12
23,2,SemiTilt,2,0,5842.8,2,0,0,0,2,0.405,181.04
23,2,SemiTilt,4,0,5307.7,4,0,0,0,4,0.3741,213.33
23,2,SemiTilt,6,0,4084.1,6,0,1,1,6,0.2211,132.68
23,2,SemiTilt,2,1,5093.7,2,0,0,0,2,0.3409,152.26
23,2,SemiTilt,4,1,4313.1,5,1,0,0,4,0.2609,161.51
23,2,SemiTilt,6,1,4814.3,6,0,1,1,6,0.2632,97.26
23,2,SemiTilt,2,2,5103.4,2,0,0,0,2,0.3371,79.7
23,2,SemiTilt,4,2,4444.2,4,0,0,0,4,0.6428,123.12
23,2,SemiTilt,6,2,4368.4,6,0,0,1,7,0.2328,44.46
23,2,SemiTilt,2,3,4648.5,2,0,0,0,2,0.2148,248.98
23,2,SemiTilt,4,3,4499.1,5,1,0,0,4,0.4851,186.85
23,2,SemiTilt,6,3,4390.6,7,1,0,0,6,0.3056,91.72
23,2,SemiTilt,2,4,5133.2,2,0,0,0,2,0.1358,82.29
23,2,SemiTilt,4,4,5588.5,4,0,0,0,4,0.4799,137.8
23,2,SemiTilt,6,4,5584.1,6,0,0,0,6,0.5489,118.92
23,2,SemiTilt,2,5,4254.2,2,0,0,0,2,0.4458,94.22
23,2,SemiTilt,4,5,5645.9,4,0,0,0,4,0.4924,81.96
23,2,SemiTilt,6,5,5036.4,7,1,0,1,7,0.1016,156.72
23,2,SemiTilt,2,6,5137.7,2,0,0,1,3,0.0309,197.61
23,2,SemiTilt,4,6,5623.4,5,1,0,0,4,0.2602,186.66
23,2,SemiTilt,6,6,5998.9,7,1,0,0,6,0.4447,134.34
23,2,SemiTilt,2,7,6347.7,2,0,0,0,2,0.1954,154.36
23,2,SemiTilt,4,7,4947.3,5,1,0,1,5,0.5261,252.98
23,2,SemiTilt,6,7,4507.3,6,0,1,0,5,0.2632,134.38
23,2,SemiTilt,2,8,5429.2,2,0,0,0,2,0.4764,186.74
23,2,SemiTilt,4,8,5446.6,4,0,0,0,4,0.377,194.44
23,2,SemiTilt,6,8,5475.2,6,0,0,1,7,0.1444,109.26
23,2,SemiTilt,2,9,4887.4,2,0,0,0,2,0.3751,96.0
23,2,SemiTilt,4,9,4508.8,4,0,0,0,4,0.0539,122.18
23,2,SemiTilt,6,9,4036.0,6,0,0,1,7,0.3296,233.38
23,2,SemiTilt,2,10,4381.0,2,0,0,0,2,0.3269,70.87
23,2,SemiTilt,4,10,5308.0,5,1,0,0,4,0.4287,81.19
23,2,SemiTilt,6,10,4616.8,6,0,0,0,6,0.5061,142.15
23,2,SemiTilt,2,11,4425.6,2,0,0,0,2,0.2884,189.24
23,2,SemiTilt,4,11,4933.5,4,0,0,1,5,0.5439,137.76
23,2,SemiTilt,6,11,5291.3,6,0,0,0,6,0.4206,180.34
23,2,SemiTilt,2,12,5542.0,2,0,0,1,3,0.6144,180.08
23,2,SemiTilt,4,12,5047.2,4,0,0,0,4,0.2288,86.89
23,2,SemiTilt,6,12,4305.4,6,0,0,0,6,0.5562,50.34
23,2,SemiTilt,2,13,3995.9,2,0,0,0,2,0.4319,143.8
23,2,SemiTilt,4,13,5143.0,4,0,0,1,5,0.2881,206.91
23,2,SemiTilt,6,13,5786.8,6,0,0,0,6,0.4087,202.62
23,2,SemiTilt,2,14,4989.9,2,0,0,0,2,0.8687,251.61
23,2,SemiTilt,4,14,5809.8,4,0,0,1,5,0.2429,243.42
23,2,SemiTilt,6,14,5943.8,6,0,0,0,6,0.2064,217.61
23,3,SemiNDH,2,0,4714.8,2,0,0,0,2,0.3543,94.79
23,3,SemiNDH,4,0,4527.2,4,0,0,1,5,0.5041,159.42
23,3,SemiNDH,6,0,4437.1,7,1,0,0,6,0.3572,294.76
23,3,SemiNDH,2,1,5484.8,3,1,0,0,2,0.2395,60.22
23,3,SemiNDH,4,1,6642.5,4,0,0,1,5,0.1704,123.1
23,3,SemiNDH,6,1,5459.6,6,0,0,0,6,0.5214,153.77
23,3,SemiNDH,2,2,3698.1,2,0,0,0,2,0.3836,83.34
23,3,SemiNDH,4,2,3721.5,5,1,0,0,4,0.3825,138.35
23,3,SemiNDH,6,2,5715.1,6,0,0,0,6,0.0379,149.13
23,3,SemiNDH,2,3,3716.5,2,0,0,1,3,0.116,119.23
23,3,SemiNDH,4,3,4510.8,4,0,0,0,4,0.4833,91.38
23,3,SemiNDH,6,3,4402.0,6,0,1,0,5,0.2525,162.5
23,3,SemiNDH,2,4,5343.1,3,1,0,0,2,0.3505,188.58
23,3,SemiNDH,4,4,4608.0,4,0,0,0,4,0.5317,181.24
23,3,SemiNDH,6,4,4825.1,7,1,2,0,4,0.2098,32.07
23,3,SemiNDH,2,5,4010.1,2,0,0,1,3,0.3739,100.2
23,3,SemiNDH,4,5,5501.6,4,0,0,1,5,0.3705,221.73
23,3,SemiNDH,6,5,6323.9,6,0,0,1,7,0.556,107.0
23,3,SemiNDH,2,6,5419.5,2,0,0,0,2,0.4004,230.11
23,3,SemiNDH,4,6,4843.9,4,0,0,0,4,0.4992,145.65
23,3,SemiNDH,6,6,4481.8,7,1,0,0,6,0.6098,124.88
23,3,SemiNDH,2,7,5072.2,2,0,0,0,2,0.6601,224.38
23,3,SemiNDH,4,7,4219.1,4,0,1,0,3,0.4367,142.77
23,3,SemiNDH,6,7,4362.5,6,0,0,0,6,0.5108,209.79
23,3,SemiNDH,2,8,5167.2,2,0,0,0,2,0.2994,158.06
23,3,SemiNDH,4,8,5291.3,4,0,0,0,4,0.3684,173.29
23,3,SemiNDH,6,8,5112.1,6,0,0,0,6,0.6205,50.98
23,3,SemiNDH,2,9,4860.3,2,0,0,1,3,0.435,116.55
23,3,SemiNDH,4,9,4112.8,4,0,1,1,4,0.553,235.13
23,3,SemiNDH,6,9,5154.1,6,0,1,0,5,0.0027,120.53
23,3,SemiNDH,2,10,6685.9,2,0,0,0,2,0.5399,238.48
23,3,SemiNDH,4,10,4552.7,4,0,0,1,5,0.5373,92.91
23,3,SemiNDH,6,10,4241.5,7,1,0,0,6,0.388,156.53
23,3,SemiNDH,2,11,4475.7,3,1,0,0,2,0.5913,122.01
23,3,SemiNDH,4,11,5433.0,4,0,0,0,4,0.5811,169.16
23,3,SemiNDH,6,11,4696.2,6,0,0,1,7,0.2676,147.07
23,3,SemiNDH,2,12,4063.4,2,0,0,0,2,0.623,179.05
23,3,SemiNDH,4,12,4192.5,4,0,0,1,5,0.3257,132.84
23,3,SemiNDH,6,12,6379.3,6,0,0,0,6,0.2274,168.63
23,3,SemiNDH,2,13,5396.6,2,0,0,0,2,0.2749,238.39
23,3,SemiNDH,4,13,4736.9,5,1,0,0,4,0.2705,179.93
23,3,SemiNDH,6,13,4226.2,7,1,0,0,6,0.6502,118.33
23,3,SemiNDH,2,14,6355.1,2,0,0,0,2,0.4178,175.25
23,3,SemiNDH,4,14,5218.1,4,0,0,0,4,0.4938,250.03
23,3,SemiNDH,6,14,4639.1,7,1,1,0,5,0.3544,119.35
23,4,FullDH,2,0,5097.8,2,0,0,1,3,0.402,171.72
23,4,FullDH,4,0,5782.7,4,0,0,0,4,0.457,8.99
23,4,FullDH,6,0,4057.6,6,0,0,0,6,0.162,44.59
23,4,FullDH,2,1,5421.3,2,0,0,0,2,0.6637,157.81
23,4,FullDH,4,1,6023.4,4,0,0,0,4,0.3901,102.24
23,4,FullDH,6,1,4316.8,6,0,0,0,6,0.3366,150.98
23,4,FullDH,2,2,4987.1,2,0,0,1,3,0.4394,162.76
23,4,FullDH,4,2,5470.1,5,1,0,0,4,0.5064,198.38
23,4,FullDH,6,2,5742.6,6,0,0,0,6,0.1169,98.96
23,4,FullDH,2,3,4625.4,2,0,0,0,2,0.3591,184.76
23,4,FullDH,4,3,5579.7,5,1,0,0,4,0.3791,65.88
23,4,FullDH,6,3,5294.9,6,0,0,0,6,0.3839,178.38
23,4,FullDH,2,4,5570.2,2,0,0,0,2,0.6127,49.48
23,4,FullDH,4,4,5831.0,4,0,0,0,4,0.326,169.87
23,4,FullDH,6,4,5141.0,7,1,0,0,6,0.1838,63.02
23,4,FullDH,2,5,4852.3,2,0,0,0,2,0.424,164.04
23,4,FullDH,4,5,4329.1,4,0,0,1,5,0.4973,316.2
23,4,FullDH,6,5,6659.5,6,0,0,0,6,0.3995,90.93
23,4,FullDH,2,6,3688.1,2,0,0,0,2,0.2152,195.31
23,4,FullDH,4,6,5822.3,5,1,0,1,5,0.2113,108.35
23,4,FullDH,6,6,4390.2,6,0,0,0,6,0.6765,205.91
23,4,FullDH,2,7,5782.9,2,0,0,0,2,0.3695,113.37
23,4,FullDH,4,7,4877.7,4,0,0,0,4,0.7126,127.17
23,4,FullDH,6,7,5673.5,6,0,0,0,6,0.0729,135.93
23,4,FullDH,2,8,5341.3,2,0,0,0,2,0.3154,259.19
23,4,FullDH,4,8,4524.5,4,0,0,0,4,0.337,100.89
23,4,FullDH,6,8,4789.6,6,0,0,0,6,0.562,159.22
23,4,FullDH,2,9,5026.4,2,0,0,0,2,0.3153,116.47
23,4,FullDH,4,9,4461.3,5,1,1,0,3,0.5008,20.59
23,4,FullDH,6,9,4088.1,6,0,0,1,7,0.3169,143.76
23,4,FullDH,2,10,4611.5,2,0,0,0,2,0.1943,208.55
23,4,FullDH,4,10,5199.4,4,0,1,0,3,0.2494,222.37
23,4,FullDH,6,10,4224.8,6,0,0,0,6,0.183,170.98
23,4,FullDH,2,11,4730.9,2,0,0,1,3,0.1139,125.61
23,4,FullDH,4,11,5369.7,5,1,0,1,5,0.3954,213.49
23,4,FullDH,6,11,4371.4,6,0,0,1,7,0.2249,178.92
23,4,FullDH,2,12,4729.9,2,0,0,0,2,0.3686,211.66
23,4,FullDH,4,12,4389.4,4,0,0,1,5,0.4601,181.92
23,4,FullDH,6,12,5743.6,6,0,0,0,6,0.3439,160.09
23,4,FullDH,2,13,6258.5,3,1,1,0,1,0.0571,76.34
23,4,FullDH,4,13,6301.7,4,0,0,0,4,0.525,121.07
23,4,FullDH,6,13,5359.0,6,0,0,0,6,0.209,171.7
23,4,FullDH,2,14,5377.7,2,0,1,1,2,0.0447,158.37
23,4,FullDH,4,14,5009.0,4,0,0,0,4,0.4985,146.45
23,4,FullDH,6,14,5709.6,7,1,0,0,6,0.3316,245.9
24,0,SemiTilt,2,0,3952.6,2,0,0,0,2,0.6521,185.1
24,0,SemiTilt,4,0,3462.9,4,0,0,0,4,0.3852,231.29
24,0,SemiTilt,6,0,4000.0,6,0,0,0,6,0.5395,150.0
24,0,SemiTilt,2,1,3901.0,3,1,0,0,2,0.5957,45.87
24,0,SemiTilt,4,1,2627.2,4,0,0,1,5,0.4063,214.66
24,0,SemiTilt,6,1,3645.1,6,0,1,0,5,0.3116,162.91
24,0,SemiTilt,2,2,4284.0,2,0,0,0,2,0.4197,172.31
24,0,SemiTilt,4,2,3395.9,4,0,0,0,4,0.1,90.2
24,0,SemiTilt,6,2,3601.4,6,0,0,0,6,0.5777,247.58
24,0,SemiTilt,2,3,3384.4,3,1,0,0,2,0.4681,238.93
24,0,SemiTilt,4,3,3806.6,5,1,0,0,4,0.541,127.44
24,0,SemiTilt,6,3,4216.2,6,0,0,0,6,0.4776,107.55
24,0,SemiTilt,2,4,4200.7,2,0,0,0,2,0.384,185.96
24,0,SemiTilt,4,4,4876.7,4,0,0,0,4,0.013,204.75
24,0,SemiTilt,6,4,3589.2,6,0,1,0,5,0.2489,158.61
24,0,SemiTilt,2,5,3275.2,2,0,0,0,2,0.4179,116.46
24,0,SemiTilt,4,5,2434.1,4,0,0,0,4,0.5295,136.75
24,0,SemiTilt,6,5,3646.9,6,0,0,1,7,0.5197,243.4
24,0,SemiTilt,2,6,4388.8,3,1,0,0,2,0.4387,169.5
24,0,SemiTilt,4,6,4386.7,4,0,0,0,4,0.4937,172.27
24,0,SemiTilt,6,6,4388.6,6,0,0,1,7,0.2453,180.55
24,0,SemiTilt,2,7,3945.0,2,0,0,0,2,0.3186,62.45
24,0,SemiTilt,4,7,4574.5,5,1,0,0,4,0.4514,130.21
24,0,SemiTilt,6,7,4459.9,7,1,0,0,6,0.3959,102.29
24,0,SemiTilt,2,8,3995.1,2,0,0,0,2,0.2622,208.46
24,0,SemiTilt,4,8,3060.7,4,0,0,0,4,0.3699,78.66
24,0,SemiTilt,6,8,3178.8,6,0,0,0,6,0.3623,43.69
24,0,SemiTilt,2,9,3390.8,2,0,0,1,3,0.3396,179.99
24,0,SemiTilt,4,9,4220.4,5,1,1,0,3,0.4821,139.18
24,0,SemiTilt,6,9,3845.5,6,0,1,0,5,0.307,242.62
24,0,SemiTilt,2,10,4586.3,2,0,0,0,2,0.66,101.36
24,0,SemiTilt,4,10,2981.5,5,1,0,1,5,0.4424,158.68
24,0,SemiTilt,6,10,2752.9,6,0,0,0,6,0.7329,87.78
24,0,SemiTilt,2,11,4807.4,2,0,0,0,2,0.1994,117.66
24,0,SemiTilt,4,11,3816.9,4,0,0,0,4,0.6678,101.63
24,0,SemiTilt,6,11,4785.3,6,0,1,0,5,0.4321,170.15
24,0,SemiTilt,2,12,4236.6,2,0,0,0,2,0.1678,231.49
24,0,SemiTilt,4,12,4409.9,4,0,0,0,4,0.3382,142.74
24,0,SemiTilt,6,12,3069.7,6,0,0,1,7,0.4612,128.04
24,0,SemiTilt,2,13,3873.8,2,0,0,0,2,0.3371,156.59
24,0,SemiTilt,4,13,5044.8,5,1,0,0,4,0.3888,92.16
24,0,SemiTilt,6,13,4831.5,6,0,0,0,6,0.375,167.43
24,0,SemiTilt,2,14,3112.2,2,0,0,0,2,0.4147,216.66
24,0,SemiTilt,4,14,4798.4,4,0,0,0,4,0.3146,218.64
24,0,SemiTilt,6,14,4208.7,6,0,1,0,5,0.4582,33.5
24,1,SemiSwipe,2,0,3760.8,2,0,0,0,2,0.5641,161.17
24,1,SemiSwipe,4,0,3928.6,4,0,0,0,4,0.4742,190.66
24,1,SemiSwipe,6,0,4573.4,6,0,0,0,6,0.2249,194.54
24,1,SemiSwipe,2,1,5448.9,2,0,0,0,2,0.4375,266.9
24,1,SemiSwipe,4,1,4456.6,4,0,0,0,4,0.2322,220.23
24,1,SemiSwipe,6,1,2970.7,6,0,1,1,6,0.5766,41.66
24,1,SemiSwipe,2,2,3483.2,2,0,0,0,2,0.657,153.99
24,1,SemiSwipe,4,2,3654.8,4,0,0,0,4,0.7179,172.87
24,1,SemiSwipe,6,2,4074.6,7,1,0,0,6,0.4459,222.8
24,1,SemiSwipe,2,3,3715.5,2,0,0,0,2,0.2646,164.82
24,1,SemiSwipe,4,3,3512.0,4,0,0,0,4,0.4854,16.04
24,1,SemiSwipe,6,3,5051.8,7,1,0,1,7,0.0705,308.93
24,1,SemiSwipe,2,4,3659.2,3,1,0,0,2,0.5448,195.97
24,1,SemiSwipe,4,4,4722.0,4,0,0,0,4,0.4444,186.95
24,1,SemiSwipe,6,4,4069.9,6,0,1,0,5,0.5022,150.04
24,1,SemiSwipe,2,5,4998.4,2,0,0,0,2,0.4327,236.32
24,1,SemiSwipe,4,5,4032.3,5,1,0,1,5,0.3022,201.09
24,1,SemiSwipe,6,5,3191.0,6,0,0,0,6,0.4818,148.28
24,1,SemiSwipe,2,6,3400.3,2,0,0,0,2,0.0744,259.46
24,1,SemiSwipe,4,6,3279.2,4,0,0,0,4,0.3279,191.95
24,1,SemiSwipe,6,6,3552.1,7,1,1,0,5,0.5157,105.63
24,1,SemiSwipe,2,7,4030.1,2,0,0,0,2,0.4061,95.06
24,1,SemiSwipe,4,7,3537.8,4,0,1,0,3,0.5128,128.68
24,1,SemiSwipe,6,7,4730.7,6,0,1,1,6,0.4294,124.03
24,1,SemiSwipe,2,8,3483.0,4,2,0,0,2,0.3382,148.52
24,1,SemiSwipe,4,8,4163.6,4,0,0,0,4,0.666,183.27
24,1,SemiSwipe,6,8,5150.1,7,1,0,1,7,0.1921,63.65
24,1,SemiSwipe,2,9,3262.5,2,0,0,0,2,0.1817,155.36
24,1,SemiSwipe,4,9,2291.7,5,1,0,0,4,0.2399,74.82
24,1,SemiSwipe,6,9,5089.4,6,0,0,0,6,0.5884,158.09
24,1,SemiSwipe,2,10,4689.2,2,0,0,0,2,0.3647,197.24
24,1,SemiSwipe,4,10,2963.8,4,0,0,0,4,0.4564,152.94
24,1,SemiSwipe,6,10,3265.4,6,0,0,0,6,0.3794,80.09
24,1,SemiSwipe,2,11,4032.6,2,0,0,0,2,0.5672,163.42
24,1,SemiSwipe,4,11,2473.6,4,0,0,1,5,0.396,180.63
24,1,SemiSwipe,6,11,4127.5,6,0,0,0,6,0.5273,179.79
24,1,SemiSwipe,2,12,3832.4,2,0,0,0,2,0.4703,77.02
24,1,SemiSwipe,4,12,4330.3,4,0,0,0,4,0.7122,82.75
24,1,SemiSwipe,6,12,3978.3,7,1,0,0,6,0.259,105.22
24,1,SemiSwipe,2,13,4729.8,2,0,0,0,2,0.1984,148.33
24,1,SemiSwipe,4,13,4014.7,4,0,0,0,4,0.6092,153.28
24,1,SemiSwipe,6,13,4609.2,7,1,0,0,6,0.5532,182.47
24,1,SemiSwipe,2,14,4595.6,2,0,0,0,2,0.3896,126.38
24,1,SemiSwipe,4,14,4748.8,4,0,0,0,4,0.1698,101.15
24,1,SemiSwipe,6,14,2840.2,7,1,0,1,7,0.3865,86.11
24,2,FullDH,2,0,4459.2,2,0,1,0,1,0.4427,164.3
24,2,FullDH,4,0,3679.8,5,1,0,0,4,0.2523,226.22
24,2,FullDH,6,0,4279.2,6,0,0,0,6,0.2197,190.2
24,2,FullDH,2,1,3754.8,2,0,0,0,2,0.2367,177.61
24,2,FullDH,4,1,3292.5,4,0,0,0,4,0.4798,199.14
24,2,FullDH,6,1,4741.4,6,0,0,1,7,0.4985,143.82
24,2,FullDH,2,2,4192.8,2,0,0,0,2,0.2829,32.44
24,2,FullDH,4,2,3998.8,4,0,0,1,5,0.1346,38.39
24,2,FullDH,6,2,3231.1,6,0,0,0,6,0.5471,105.85
24,2,FullDH,2,3,4135.3,2,0,0,0,2,0.5138,107.79
24,2,FullDH,4,3,3525.7,5,1,0,0,4,0.3634,201.24
24,2,FullDH,6,3,4837.1,6,0,1,0,5,0.5183,108.96
24,2,FullDH,2,4,2901.4,2,0,0,0,2,0.1783,129.11
24,2,FullDH,4,4,3666.7,4,0,0,1,5,0.3352,221.67
24,2,FullDH,6,4,3849.4,6,0,0,0,6,0.4304,96.87
24,2,FullDH,2,5,4747.0,2,0,0,0,2,0.6624,166.14
24,2,FullDH,4,5,3892.6,4,0,0,1,5,0.4886,190.89
24,2,FullDH,6,5,3883.8,6,0,0,0,6,0.4045,84.21
24,2,FullDH,2,6,3904.3,2,0,1,1,2,0.2824,276.5
24,2,FullDH,4,6,4024.2,4,0,0,0,4,0.3284,278.06
24,2,FullDH,6,6,3382.2,7,1,0,1,7,0.3462,160.97
24,2,FullDH,2,7,4251.9,2,0,0,0,2,0.5517,57.3
24,2,FullDH,4,7,3829.3,4,0,0,0,4,0.4007,132.91
24,2,FullDH,6,7,3187.5,7,1,1,1,6,0.1609,154.18
24,2,FullDH,2,8,3370.2,2,0,0,0,2,0.5227,105.39
24,2,FullDH,4,8,4721.3,4,0,0,0,4,0.065,38.85
24,2,FullDH,6,8,4322.8,7,1,0,0,6,0.3998,125.01
24,2,FullDH,2,9,3459.6,2,0,0,1,3,0.16,119.03
24,2,FullDH,4,9,3682.9,4,0,1,1,4,0.3775,125.22
24,2,FullDH,6,9,3633.5,6,0,0,0,6,0.6154,124.25
24,2,FullDH,2,10,2545.1,2,0,0,0,2,0.3834,116.21
24,2,FullDH,4,10,4204.6,4,0,0,0,4,0.3944,81.9
24,2,FullDH,6,10,3810.3,7,1,0,1,7,0.4011,53.63
24,2,FullDH,2,11,3641.8,2,0,0,0,2,0.3456,102.51
24,2,FullDH,4,11,3799.1,5,1,0,0,4,0.4081,146.05
24,2,FullDH,6,11,5205.0,6,0,1,0,5,0.0856,176.16
24,2,FullDH,2,12,3109.7,3,1,0,0,2,0.456,161.57
24,2,FullDH,4,12,3386.3,6,2,1,0,3,0.3341,192.5
24,2,FullDH,6,12,3107.7,6,0,0,1,7,0.6154,85.05
24,2,FullDH,2,13,3684.3,2,0,0,0,2,0.4963,218.48
24,2,FullDH,4,13,2864.8,4,0,0,0,4,0.4335,124.68
24,2,FullDH,6,13,4212.6,6,0,0,0,6,0.2793,148.92
24,2,FullDH,2,14,3629.1,2,0,0,1,3,0.38,193.76
24,2,FullDH,4,14,3717.0,5,1,0,0,4,0.6491,135.99
24,2,FullDH,6,14,2816.1,7,1,0,0,6,0.391,282.04
24,3,SemiDwell,2,0,4130.9,2,0,0,1,3,0.2332,166.73
24,3,SemiDwell,4,0,3321.2,4,0,1,1,4,0.4847,140.76
24,3,SemiDwell,6,0,3999.5,6,0,0,1,7,0.1104,213.66
24,3,SemiDwell,2,1,3872.2,2,0,0,1,3,0.3902,15.96
24,3,SemiDwell,4,1,2832.6,4,0,0,0,4,0.5479,213.09
24,3,SemiDwell,6,1,4671.9,6,0,0,0,6,0.3442,131.24
24,3,SemiDwell,2,2,2867.9,3,1,0,0,2,0.2792,114.46
24,3,SemiDwell,4,2,4241.9,4,0,0,0,4,0.2892,97.66
24,3,SemiDwell,6,2,3719.1,6,0,0,0,6,0.3788,170.34
24,3,SemiDwell,2,3,4134.1,2,0,0,0,2,0.359,102.14
24,3,SemiDwell,4,3,3885.6,4,0,0,0,4,0.1834,94.34
24,3,SemiDwell,6,3,4490.9,7,1,0,0,6,0.3406,189.16
24,3,SemiDwell,2,4,4538.0,2,0,0,0,2,0.6008,255.06
24,3,SemiDwell,4,4,4020.0,4,0,0,1,5,0.3558,150.82
24,3,SemiDwell,6,4,3393.9,6,0,0,0,6,0.2292,38.6
24,3,SemiDwell,2,5,4551.7,2,0,0,0,2,0.5721,147.12
24,3,SemiDwell,4,5,4619.0,4,0,0,0,4,0.4878,208.47
24,3,SemiDwell,6,5,3438.4,6,0,0,0,6,0.3041,232.66
24,3,SemiDwell,2,6,4479.2,2,0,0,0,2,0.2808,200.66
24,3,SemiDwell,4,6,3182.9,4,0,0,0,4,0.2828,156.74
24,3,SemiDwell,6,6,4223.5,8,2,1,1,6,0.3233,153.14
24,3,SemiDwell,2,7,4737.5,2,0,0,0,2,0.3422,244.28
24,3,SemiDwell,4,7,3530.4,4,0,0,0,4,0.2025,190.97
24,3,SemiDwell,6,7,3677.6,7,1,0,1,7,0.352,156.98
24,3,SemiDwell,2,8,2920.6,2,0,0,0,2,0.3877,184.16
24,3,SemiDwell,4,8,4112.3,4,0,0,0,4,0.5508,204.3
24,3,SemiDwell,6,8,3292.8,6,0,0,1,7,0.4894,66.78
24,3,SemiDwell,2,9,3379.8,2,0,0,0,2,0.677,153.52
24,3,SemiDwell,4,9,4574.1,4,0,0,1,5,0.2304,109.33
24,3,SemiDwell,6,9,4460.9,6,0,0,0,6,0.3051,177.31
24,3,SemiDwell,2,10,3878.6,2,0,0,0,2,0.4067,181.19
24,3,SemiDwell,4,10,3576.4,4,0,0,0,4,0.3875,81.64
24,3,SemiDwell,6,10,3762.1,7,1,0,1,7,0.1707,107.6
24,3,SemiDwell,2,11,4574.1,2,0,0,0,2,0.5464,117.08
24,3,SemiDwell,4,11,4054.2,4,0,0,0,4,0.3269,89.0
24,3,SemiDwell,6,11,3986.4,7,1,1,0,5,0.2011,46.05
24,3,SemiDwell,2,12,5111.7,2,0,1,0,1,0.4221,134.14
24,3,SemiDwell,4,12,3985.2,4,0,0,0,4,0.6674,221.18
24,3,SemiDwell,6,12,4284.9,6,0,0,0,6,0.4294,241.86
24,3,SemiDwell,2,13,3814.2,2,0,0,1,3,0.374,101.95
24,3,SemiDwell,4,13,4274.7,5,1,0,1,5,0.4044,109.47
24,3,SemiDwell,6,13,3886.9,6,0,0,1,7,0.4384,87.38
24,3,SemiDwell,2,14,3116.5,2,0,0,0,2,0.5787,142.93
24,3,SemiDwell,4,14,3194.4,4,0,0,1,5,0.1925,122.44
24,3,SemiDwell,6,14,2776.7,7,1,0,0,6,0.3527,71.27
24,4,SemiNDH,2,0,3855.1,2,0,0,0,2,0.3202,110.21
24,4,SemiNDH,4,0,4423.2,4,0,1,1,4,0.6304,232.01
24,4,SemiNDH,6,0,3486.4,6,0,0,0,6,0.2949,157.74
24,4,SemiNDH,2,1,4242.0,2,0,0,0,2,0.625,2.35
24,4,SemiNDH,4,1,5086.0,4,0,0,0,4,0.4304,104.31
24,4,SemiNDH,6,1,4529.4,6,0,0,0,6,0.2095,200.81
24,4,SemiNDH,2,2,2995.1,2,0,0,0,2,0.3419,162.79
24,4,SemiNDH,4,2,4385.3,4,0,0,0,4,0.3961,115.05
24,4,SemiNDH,6,2,4329.7,6,0,0,0,6,0.3501,44.87
24,4,SemiNDH,2,3,2937.3,2,0,0,0,2,0.4232,163.2
24,4,SemiNDH,4,3,4610.4,4,0,0,0,4,0.3281,158.76
24,4,SemiNDH,6,3,4142.3,6,0,0,1,7,0.4212,70.81
24,4,SemiNDH,2,4,3518.5,2,0,0,0,2,0.312,157.66
24,4,SemiNDH,4,4,4030.6,4,0,0,1,5,0.4809,94.91
24,4,SemiNDH,6,4,3288.8,7,1,0,0,6,0.6565,200.57
24,4,SemiNDH,2,5,3647.9,2,0,0,0,2,0.3142,97.37
24,4,SemiNDH,4,5,4645.1,4,0,1,1,4,0.1484,112.78
24,4,SemiNDH,6,5,4446.3,6,0,1,0,5,0.4458,97.23
24,4,SemiNDH,2,6,4197.8,2,0,0,0,2,0.3688,171.38
24,4,SemiNDH,4,6,3713.7,5,1,1,0,3,0.6514,48.25
24,4,SemiNDH,6,6,3881.0,6,0,0,0,6,0.517,174.0
24,4,SemiNDH,2,7,3465.2,2,0,0,0,2,0.1806,196.23
24,4,SemiNDH,4,7,3801.2,4,0,0,0,4,0.0758,148.31
24,4,SemiNDH,6,7,2769.5,6,0,0,0,6,0.5797,103.04
24,4,SemiNDH,2,8,3642.7,2,0,0,0,2,0.8873,246.97
24,4,SemiNDH,4,8,4089.0,4,0,0,1,5,0.4069,156.33
24,4,SemiNDH,6,8,4437.2,6,0,1,0,5,0.4042,138.19
24,4,SemiNDH,2,9,4591.8,2,0,0,0,2,0.7837,96.61
24,4,SemiNDH,4,9,4552.7,5,1,0,1,5,0.3778,187.81
24,4,SemiNDH,6,9,4252.2,7,1,0,0,6,0.2589,250.91
24,4,SemiNDH,2,10,4253.1,3,1,0,0,2,0.2369,168.87
24,4,SemiNDH,4,10,3456.9,4,0,0,0,4,0.6,54.12
24,4,SemiNDH,6,10,4133.9,6,0,0,1,7,0.5052,179.55
24,4,SemiNDH,2,11,3890.3,3,1,0,0,2,0.2328,172.88
24,4,SemiNDH,4,11,4153.8,4,0,0,0,4,0.4701,102.36
24,4,SemiNDH,6,11,3981.6,6,0,0,0,6,0.5557,151.21
24,4,SemiNDH,2,12,4374.3,2,0,0,0,2,0.3755,117.43
24,4,SemiNDH,4,12,3757.4,5,1,0,0,4,0.3607,18.25
24,4,SemiNDH,6,12,5184.0,7,1,0,0,6,0.4788,122.44
24,4,SemiNDH,2,13,4017.4,2,0,1,0,1,0.3896,43.99
24,4,SemiNDH,4,13,3663.1,4,0,0,1,5,0.306,154.49
24,4,SemiNDH,6,13,4279.0,7,1,0,0,6,0.0027,94.16
24,4,SemiNDH,2,14,4597.1,3,1,1,0,1,0.6017,153.14
24,4,SemiNDH,4,14,2937.0,4,0,0,0,4,0.5084,37.69
24,4,SemiNDH,6,14,2966.2,6,0,0,0,6,0.38,162.03
25,0,SemiDwell,2,0,5141.0,2,0,1,0,1,0.5985,303.04
25,0,SemiDwell,4,0,5183.7,4,0,0,1,5,0.096,134.99
25,0,SemiDwell,6,0,5173.7,6,0,0,0,6,0.2382,146.17
25,0,SemiDwell,2,1,5499.6,2,0,0,0,2,0.4391,206.84
25,0,SemiDwell,4,1,4298.7,4,0,0,0,4,0.1044,208.28
25,0,SemiDwell,6,1,4389.1,8,2,0,1,7,0.521,157.96
25,0,SemiDwell,2,2,5621.9,2,0,0,0,2,0.5557,223.76
25,0,SemiDwell,4,2,5416.9,4,0,0,0,4,0.3042,153.77
25,0,SemiDwell,6,2,4784.5,6,0,0,0,6,0.3604,209.64
25,0,SemiDwell,2,3,4170.5,2,0,0,0,2,0.3607,53.53
25,0,SemiDwell,4,3,4471.2,4,0,0,0,4,0.3899,134.34
25,0,SemiDwell,6,3,4546.2,6,0,1,0,5,0.3546,232.61
25,0,SemiDwell,2,4,6189.3,2,0,0,0,2,0.6484,134.84
25,0,SemiDwell,4,4,5632.5,4,0,0,0,4,0.2689,95.22
25,0,SemiDwell,6,4,5179.3,6,0,0,0,6,0.4939,40.17
25,0,SemiDwell,2,5,5068.9,2,0,0,0,2,0.3701,52.42
25,0,SemiDwell,4,5,5322.9,4,0,0,0,4,0.5938,46.13
25,0,SemiDwell,6,5,4428.8,6,0,0,1,7,0.4629,122.02
25,0,SemiDwell,2,6,5204.2,2,0,0,0,2,0.253,130.58
25,0,SemiDwell,4,6,4358.9,4,0,0,0,4,0.3237,100.14
25,0,SemiDwell,6,6,5706.3,6,0,0,0,6,0.0173,122.2
25,0,SemiDwell,2,7,5768.3,3,1,0,1,3,0.6001,58.57
25,0,SemiDwell,4,7,4248.2,4,0,0,0,4,0.4648,247.95
25,0,SemiDwell,6,7,5092.0,6,0,0,0,6,0.7161,163.08
25,0,SemiDwell,2,8,4506.0,3,1,0,0,2,0.5251,174.59
25,0,SemiDwell,4,8,5405.5,4,0,0,0,4,0.5411,196.54
25,0,SemiDwell,6,8,4818.4,6,0,0,0,6,0.3928,108.86
25,0,SemiDwell,2,9,5458.9,2,0,0,0,2,0.2739,145.0
25,0,SemiDwell,4,9,4409.3,4,0,0,1,5,0.5799,121.59
25,0,SemiDwell,6,9,4139.4,7,1,1,0,5,0.5211,40.11
25,0,SemiDwell,2,10,5290.8,2,0,0,0,2,0.3573,148.34
25,0,SemiDwell,4,10,4739.5,5,1,0,0,4,0.4252,73.66
25,0,SemiDwell,6,10,5435.9,6,0,1,0,5,0.1292,153.25
25,0,SemiDwell,2,11,4413.3,3,1,0,0,2,0.494,26.73
25,0,SemiDwell,4,11,5112.4,4,0,0,0,4,0.5861,206.99
25,0,SemiDwell,6,11,4386.9,6,0,1,0,5,0.473,197.06
25,0,SemiDwell,2,12,5210.0,2,0,0,0,2,0.2263,149.41
25,0,SemiDwell,4,12,4440.5,4,0,0,1,5,0.4971,134.2
25,0,SemiDwell,6,12,6045.1,6,0,1,0,5,0.0254,198.95
25,0,SemiDwell,2,13,5521.1,2,0,0,0,2,0.6998,123.6
25,0,SemiDwell,4,13,5051.0,5,1,0,0,4,0.3608,136.03
25,0,SemiDwell,6,13,5408.1,6,0,0,1,7,0.5293,68.07
25,0,SemiDwell,2,14,4375.3,2,0,0,0,2,0.4142,225.89
25,0,SemiDwell,4,14,4867.8,4,0,0,0,4,0.6181,167.78
25,0,SemiDwell,6,14,5071.6,6,0,1,1,6,0.298,224.15
25,1,SemiSwipe,2,0,5306.3,2,0,0,0,2,0.5014,241.62
25,1,SemiSwipe,4,0,5679.0,4,0,0,1,5,0.5427,120.25
25,1,SemiSwipe,6,0,5693.4,7,1,0,0,6,0.4883,182.15
25,1,SemiSwipe,2,1,4912.0,3,1,0,0,2,0.1324,159.07
25,1,SemiSwipe,4,1,4580.4,4,0,0,0,4,0.1904,185.42
25,1,SemiSwipe,6,1,4155.8,6,0,0,0,6,0.4465,154.12
25,1,SemiSwipe,2,2,5487.5,2,0,0,0,2,0.3093,145.99
25,1,SemiSwipe,4,2,4397.1,5,1,0,1,5,0.7422,149.98
25,1,SemiSwipe,6,2,5393.0,6,0,0,1,7,0.3883,134.67
25,1,SemiSwipe,2,3,5921.1,2,0,0,0,2,0.3617,194.86
25,1,SemiSwipe,4,3,5019.0,4,0,0,1,5,0.5351,119.89
25,1,SemiSwipe,6,3,4583.8,6,0,0,0,6,0.4936,249.4
25,1,SemiSwipe,2,4,3959.5,2,0,0,1,3,0.6523,240.21
25,1,SemiSwipe,4,4,5028.1,5,1,0,0,4,0.4236,153.58
25,1,SemiSwipe,6,4,5166.1,6,0,0,1,7,0.354,254.21
25,1,SemiSwipe,2,5,4759.4,2,0,0,0,2,0.392,195.6
25,1,SemiSwipe,4,5,4648.9,4,0,0,1,5,0.3712,127.27
25,1,SemiSwipe,6,5,5076.1,7,1,0,0,6,0.6134,207.41
25,1,SemiSwipe,2,6,4974.8,2,0,0,0,2,0.3067,47.05
25,1,SemiSwipe,4,6,5259.4,4,0,0,0,4,0.4535,96.2
25,1,SemiSwipe,6,6,6602.5,6,0,0,0,6,0.5605,164.58
25,1,SemiSwipe,2,7,4928.0,2,0,0,0,2,0.1171,148.94
25,1,SemiSwipe,4,7,4452.9,4,0,0,1,5,0.2778,133.07
25,1,SemiSwipe,6,7,5272.2,6,0,1,0,5,0.7622,179.88
25,1,SemiSwipe,2,8,4966.9,2,0,0,1,3,0.4249,149.02
25,1,SemiSwipe,4,8,4864.6,4,0,0,0,4,0.7434,126.25
25,1,SemiSwipe,6,8,5007.6,6,0,0,0,6,0.3555,167.96
25,1,SemiSwipe,2,9,5228.2,2,0,0,0,2,0.2302,67.43
25,1,SemiSwipe,4,9,5787.2,4,0,0,0,4,0.364,98.25
25,1,SemiSwipe,6,9,5125.4,6,0,1,0,5,0.2799,198.23
25,1,SemiSwipe,2,10,5413.5,2,0,0,0,2,0.3761,217.9
25,1,SemiSwipe,4,10,4373.2,4,0,0,1,5,0.3801,145.28
25,1,SemiSwipe,6,10,5080.5,6,0,0,0,6,0.5592,191.95
25,1,SemiSwipe,2,11,4792.3,2,0,0,1,3,0.538,185.36
25,1,SemiSwipe,4,11,5458.2,4,0,0,0,4,0.1082,140.74
25,1,SemiSwipe,6,11,4355.3,6,0,0,0,6,0.3484,185.56
25,1,SemiSwipe,2,12,4653.3,3,1,0,0,2,0.4674,136.82
25,1,SemiSwipe,4,12,4858.0,5,1,1,0,3,0.4112,119.51
25,1,SemiSwipe,6,12,4891.9,6,0,0,0,6,0.3691,82.29
25,1,SemiSwipe,2,13,5387.6,2,0,0,1,3,0.3989,193.35
25,1,SemiSwipe,4,13,5298.2,4,0,0,0,4,0.6024,79.6
25,1,SemiSwipe,6,13,4654.0,6,0,0,0,6,0.1741,136.36
25,1,SemiSwipe,2,14,5513.7,2,0,0,0,2,0.4482,105.97
25,1,SemiSwipe,4,14,5385.8,4,0,0,1,5,0.6923,66.74
25,1,SemiSwipe,6,14,5126.5,6,0,0,1,7,0.3791,215.22
25,2,SemiNDH,2,0,4996.1,3,1,0,0,2,0.5792,51.1
25,2,SemiNDH,4,0,4319.9,4,0,0,0,4,0.3325,89.81
25,2,SemiNDH,6,0,5275.2,7,1,0,0,6,0.1351,129.58
25,2,SemiNDH,2,1,3790.3,2,0,0,0,2,0.5578,165.02
25,2,SemiNDH,4,1,5480.3,4,0,0,0,4,0.2842,222.01
25,2,SemiNDH,6,1,5470.3,6,0,1,0,5,0.3477,210.12
25,2,SemiNDH,2,2,5368.4,2,0,1,0,1,0.7847,222.99
25,2,SemiNDH,4,2,4656.8,4,0,0,0,4,0.2206,180.94
25,2,SemiNDH,6,2,4606.9,6,0,0,0,6,0.4578,145.88
25,2,SemiNDH,2,3,5860.3,2,0,0,0,2,0.1553,236.03
25,2,SemiNDH,4,3,5820.7,4,0,0,0,4,0.6135,254.69
25,2,SemiNDH,6,3,4898.1,6,0,1,0,5,0.365,67.66
25,2,SemiNDH,2,4,5269.5,3,1,0,0,2,0.3903,261.02
25,2,SemiNDH,4,4,4518.2,4,0,0,1,5,0.4134,163.71
25,2,SemiNDH,6,4,5793.7,7,1,0,0,6,0.3739,81.8
25,2,SemiNDH,2,5,5620.7,2,0,0,0,2,0.4824,77.16
25,2,SemiNDH,4,5,4417.5,4,0,0,1,5,0.0017,108.29
25,2,SemiNDH,6,5,6343.7,6,0,0,0,6,0.4959,240.62
25,2,SemiNDH,2,6,6203.0,2,0,0,0,2,0.5203,148.0
25,2,SemiNDH,4,6,5858.7,5,1,1,0,3,0.4544,203.66
25,2,SemiNDH,6,6,6189.5,6,0,0,0,6,0.2327,47.25
25,2,SemiNDH,2,7,5141.3,2,0,0,0,2,0.534,115.64
25,2,SemiNDH,4,7,4686.9,4,0,0,0,4,0.4445,80.85
25,2,SemiNDH,6,7,5344.8,6,0,1,1,6,0.2684,171.59
25,2,SemiNDH,2,8,5363.1,2,0,0,0,2,0.4344,63.46
25,2,SemiNDH,4,8,4672.8,4,0,0,1,5,0.654,165.34
25,2,SemiNDH,6,8,4641.6,6,0,1,0,5,0.4057,168.05
25,2,SemiNDH,2,9,4365.9,2,0,0,0,2,0.3306,161.6
25,2,SemiNDH,4,9,5062.7,4,0,1,1,4,0.3131,153.51
25,2,SemiNDH,6,9,4663.9,6,0,0,1,7,0.2942,139.47
25,2,SemiNDH,2,10,5369.0,2,0,0,1,3,0.5392,186.93
25,2,SemiNDH,4,10,4706.5,4,0,0,1,5,0.3822,254.42
25,2,SemiNDH,6,10,5290.7,6,0,2,0,4,0.0736,167.73
25,2,SemiNDH,2,11,5108.9,2,0,0,1,3,0.1372,9.68
25,2,SemiNDH,4,11,5452.8,4,0,0,1,5,0.4263,26.39
25,2,SemiNDH,6,11,5518.2,6,0,1,1,6,0.1496,166.78
25,2,SemiNDH,2,12,6054.6,2,0,0,0,2,0.3919,256.35
25,2,SemiNDH,4,12,5007.9,4,0,0,0,4,0.3845,35.02
25,2,SemiNDH,6,12,5457.4,6,0,0,0,6,0.4195,131.1
25,2,SemiNDH,2,13,5335.4,2,0,0,0,2,0.3389,169.5
25,2,SemiNDH,4,13,6109.6,4,0,1,0,3,0.4986,185.67
25,2,SemiNDH,6,13,5986.5,6,0,0,1,7,0.4232,109.08
25,2,SemiNDH,2,14,5194.9,2,0,0,0,2,0.4499,239.96
25,2,SemiNDH,4,14,6003.1,4,0,0,0,4,0.4577,72.57
25,2,SemiNDH,6,14,5608.0,7,1,0,0,6,0.5272,150.11
25,3,SemiTilt,2,0,5465.8,2,0,0,1,3,0.2006,135.67
25,3,SemiTilt,4,0,4780.4,4,0,1,0,3,0.1478,219.65
25,3,SemiTilt,6,0,5039.3,6,0,0,0,6,0.429,166.19
25,3,SemiTilt,2,1,6377.4,2,0,0,0,2,0.5847,186.35
25,3,SemiTilt,4,1,4762.3,4,0,0,0,4,0.2094,138.24
25,3,SemiTilt,6,1,5620.6,8,2,0,0,6,0.1614,309.15
25,3,SemiTilt,2,2,6180.7,2,0,0,0,2,0.5314,209.81
25,3,SemiTilt,4,2,5395.0,4,0,0,0,4,0.4713,66.38
25,3,SemiTilt,6,2,5347.5,8,2,0,0,6,0.3201,55.54
25,3,SemiTilt,2,3,4216.7,2,0,0,0,2,0.4403,173.73
25,3,SemiTilt,4,3,5687.4,4,0,0,1,5,0.2599,192.25
25,3,SemiTilt,6,3,5715.5,6,0,0,0,6,0.2146,185.09
25,3,SemiTilt,2,4,4710.2,3,1,0,1,3,0.4519,133.83
25,3,SemiTilt,4,4,5379.4,4,0,0,0,4,0.6287,247.43
25,3,SemiTilt,6,4,4723.7,6,0,0,0,6,0.1817,61.19
25,3,SemiTilt,2,5,5278.2,2,0,0,0,2,0.2597,82.43
25,3,SemiTilt,4,5,4945.6,4,0,1,1,4,0.5261,150.74
25,3,SemiTilt,6,5,5851.9,6,0,0,1,7,0.57,81.22
25,3,SemiTilt,2,6,5208.9,2,0,0,1,3,0.6311,89.51
25,3,SemiTilt,4,6,4408.7,5,1,0,0,4,0.0665,125.16
25,3,SemiTilt,6,6,4590.9,6,0,1,0,5,0.3569,154.14
25,3,SemiTilt,2,7,4397.7,2,0,0,1,3,0.2713,259.78
25,3,SemiTilt,4,7,4693.0,4,0,0,0,4,0.379,65.14
25,3,SemiTilt,6,7,5377.4,7,1,0,0,6,0.2103,120.21
25,3,SemiTilt,2,8,4474.6,2,0,0,0,2,0.4019,98.01
25,3,SemiTilt,4,8,5014.1,6,2,0,0,4,0.3213,209.25
25,3,SemiTilt,6,8,4793.5,6,0,0,0,6,0.1624,92.09
25,3,SemiTilt,2,9,4482.5,2,0,0,0,2,0.2812,115.68
25,3,SemiTilt,4,9,5565.6,4,0,0,0,4,0.3652,113.28
25,3,SemiTilt,6,9,5059.4,7,1,0,0,6,0.4953,175.07
25,3,SemiTilt,2,10,4655.5,2,0,0,0,2,0.4459,92.99
25,3,SemiTilt,4,10,4819.6,4,0,0,0,4,0.3903,280.6
25,3,SemiTilt,6,10,4801.1,6,0,0,0,6,0.3261,89.73
25,3,SemiTilt,2,11,5368.6,2,0,0,0,2,0.6583,83.82
25,3,SemiTilt,4,11,4948.6,5,1,0,0,4,0.4482,48.43
25,3,SemiTilt,6,11,4531.1,6,0,0,0,6,0.2082,73.11
25,3,SemiTilt,2,12,5570.9,2,0,0,1,3,0.4769,67.05
25,3,SemiTilt,4,12,5389.7,4,0,0,0,4,0.5826,276.3
25,3,SemiTilt,6,12,4769.3,7,1,0,0,6,0.4949,138.24
25,3,SemiTilt,2,13,4546.2,2,0,0,0,2,0.3423,102.83
25,3,SemiTilt,4,13,5027.9,4,0,0,0,4,0.1829,139.03
25,3,SemiTilt,6,13,5765.8,6,0,0,0,6,0.4497,20.7
25,3,SemiTilt,2,14,4987.5,2,0,0,0,2,0.5896,200.67
25,3,SemiTilt,4,14,3462.1,4,0,0,0,4,0.4742,133.84
25,3,SemiTilt,6,14,5075.8,7,1,0,0,6,0.6577,186.54
25,4,FullDH,2,0,4911.3,2,0,0,0,2,0.2945,244.34
25,4,FullDH,4,0,4452.9,5,1,0,1,5,0.6212,223.01
25,4,FullDH,6,0,5636.4,6,0,0,1,7,0.6943,207.87
25,4,FullDH,2,1,4750.9,2,0,0,0,2,0.3939,215.45
25,4,FullDH,4,1,5275.9,4,0,0,0,4,0.2166,185.15
25,4,FullDH,6,1,5147.6,6,0,0,1,7,0.2161,196.82
25,4,FullDH,2,2,4851.6,2,0,0,0,2,0.6359,45.87
25,4,FullDH,4,2,4579.0,4,0,0,0,4,0.2564,124.42
25,4,FullDH,6,2,5108.7,6,0,0,1,7,0.3408,107.68
25,4,FullDH,2,3,5579.5,2,0,0,1,3,0.2514,66.37
25,4,FullDH,4,3,5011.3,4,0,0,1,5,0.5337,24.43
25,4,FullDH,6,3,6105.5,6,0,0,0,6,0.3277,184.27
25,4,FullDH,2,4,5269.2,2,0,0,0,2,0.32,90.03
25,4,FullDH,4,4,3949.4,5,1,0,0,4,0.5227,146.16
25,4,FullDH,6,4,5420.7,6,0,0,0,6,0.1887,146.12
25,4,FullDH,2,5,5196.8,2,0,0,0,2,0.3133,93.86
25,4,FullDH,4,5,4906.6,4,0,0,0,4,0.4155,111.38
25,4,FullDH,6,5,5199.0,6,0,0,1,7,0.2972,205.96
25,4,FullDH,2,6,5863.3,3,1,0,0,2,0.7238,202.71
25,4,FullDH,4,6,6228.2,4,0,0,0,4,0.5299,134.34
25,4,FullDH,6,6,4486.9,6,0,0,1,7,0.4492,13.6
25,4,FullDH,2,7,5301.4,2,0,0,0,2,0.2725,189.8
25,4,FullDH,4,7,5061.1,4,0,0,1,5,0.0917,125.73
25,4,FullDH,6,7,5039.7,7,1,0,1,7,0.5155,218.99
25,4,FullDH,2,8,4762.1,2,0,0,0,2,0.3275,229.34
25,4,FullDH,4,8,5645.1,4,0,0,0,4,0.4317,206.82
25,4,FullDH,6,8,4658.6,6,0,0,1,7,0.483,175.71
25,4,FullDH,2,9,4803.4,2,0,0,0,2,0.458,89.31
25,4,FullDH,4,9,4712.1,4,0,0,0,4,0.373,125.71
25,4,FullDH,6,9,5634.8,7,1,0,0,6,0.5604,308.9
25,4,FullDH,2,10,4558.8,2,0,0,0,2,0.2802,147.29
25,4,FullDH,4,10,5385.9,5,1,1,1,4,0.222,240.08
25,4,FullDH,6,10,3942.9,6,0,0,1,7,0.153,211.28
25,4,FullDH,2,11,4990.8,2,0,0,0,2,0.2415,223.43
25,4,FullDH,4,11,5907.8,4,0,0,0,4,0.5035,110.14
25,4,FullDH,6,11,3495.8,6,0,1,0,5,0.3947,129.36
25,4,FullDH,2,12,5007.5,2,0,0,0,2,0.569,227.67
25,4,FullDH,4,12,5165.0,4,0,0,0,4,0.2438,223.44
25,4,FullDH,6,12,5334.7,6,0,0,0,6,0.3153,107.4
25,4,FullDH,2,13,5532.1,2,0,0,1,3,0.5697,164.2
25,4,FullDH,4,13,5674.1,4,0,0,1,5,0.3269,78.0
25,4,FullDH,6,13,4650.3,6,0,0,1,7,0.3908,173.88
25,4,FullDH,2,14,4993.9,2,0,0,1,3,0.5169,120.66
25,4,FullDH,4,14,5619.9,4,0,0,0,4,0.5521,164.5
25,4,FullDH,6,14,4535.0,6,0,0,1,7,0.2005,203.44
26,0,SemiSwipe,2,0,4556.2,2,0,0,0,2,0.428,11.97
26,0,SemiSwipe,4,0,5053.8,5,1,0,0,4,0.5386,189.53
26,0,SemiSwipe,6,0,4483.5,7,1,0,0,6,0.2427,106.93
26,0,SemiSwipe,2,1,5241.8,2,0,0,0,2,0.4975,83.43
26,0,SemiSwipe,4,1,4127.2,4,0,0,1,5,0.6023,158.32
26,0,SemiSwipe,6,1,4379.0,6,0,0,0,6,0.2774,220.03
26,0,SemiSwipe,2,2,3602.4,2,0,0,0,2,0.3575,77.95
26,0,SemiSwipe,4,2,3534.3,4,0,0,0,4,0.6866,218.95
26,0,SemiSwipe,6,2,5111.8,6,0,0,0,6,0.3577,88.8
26,0,SemiSwipe,2,3,5496.7,2,0,0,0,2,0.4931,130.67
26,0,SemiSwipe,4,3,4483.3,4,0,1,0,3,0.4229,165.73
26,0,SemiSwipe,6,3,4110.2,6,0,0,0,6,0.3707,112.98
26,0,SemiSwipe,2,4,4717.6,2,0,0,0,2,0.3451,160.73
26,0,SemiSwipe,4,4,4293.0,4,0,0,0,4,0.1898,90.71
26,0,SemiSwipe,6,4,5189.0,6,0,0,0,6,0.3618,170.09
26,0,SemiSwipe,2,5,4164.1,2,0,0,1,3,0.3033,120.73
26,0,SemiSwipe,4,5,5266.6,4,0,0,0,4,0.6184,211.62
26,0,SemiSwipe,6,5,4871.7,8,2,0,1,7,0.5953,116.13
26,0,SemiSwipe,2,6,5418.6,3,1,0,0,2,0.4241,117.92
26,0,SemiSwipe,4,6,4301.8,5,1,1,1,4,0.8461,73.71
26,0,SemiSwipe,6,6,4744.6,6,0,0,0,6,0.7215,86.27
26,0,SemiSwipe,2,7,4019.8,2,0,0,1,3,0.5184,113.83
26,0,SemiSwipe,4,7,5146.7,4,0,0,0,4,0.4489,258.69
26,0,SemiSwipe,6,7,5428.1,6,0,1,1,6,0.3249,80.33
26,0,SemiSwipe,2,8,4111.9,2,0,0,1,3,0.3353,235.19
26,0,SemiSwipe,4,8,4314.4,5,1,0,0,4,0.5196,233.58
26,0,SemiSwipe,6,8,5458.0,6,0,0,0,6,0.5002,96.9
26,0,SemiSwipe,2,9,4759.5,3,1,0,0,2,0.2043,134.36
26,0,SemiSwipe,4,9,4214.6,4,0,0,0,4,0.6419,183.59
26,0,SemiSwipe,6,9,4568.0,6,0,0,1,7,0.3695,98.91
26,0,SemiSwipe,2,10,3483.1,2,0,0,0,2,0.3578,194.44
26,0,SemiSwipe,4,10,4519.4,4,0,0,0,4,0.4233,172.5
26,0,SemiSwipe,6,10,3382.7,6,0,0,0,6,0.3581,233.25
26,0,SemiSwipe,2,11,4660.1,2,0,0,0,2,0.4091,128.97
26,0,SemiSwipe,4,11,4255.7,4,0,0,0,4,0.3309,141.14
26,0,SemiSwipe,6,11,4618.3,6,0,0,0,6,0.2336,175.06
26,0,SemiSwipe,2,12,3851.7,2,0,0,1,3,0.3649,145.22
26,0,SemiSwipe,4,12,4657.4,4,0,0,0,4,0.4781,232.75
26,0,SemiSwipe,6,12,5078.3,6,0,0,0,6,0.3947,49.77
26,0,SemiSwipe,2,13,4630.3,2,0,0,0,2,0.3847,175.15
26,0,SemiSwipe,4,13,5191.8,4,0,0,0,4,0.3456,111.79
26,0,SemiSwipe,6,13,4197.6,6,0,0,0,6,0.4837,95.47
26,0,SemiSwipe,2,14,4961.6,2,0,0,0,2,0.3944,110.47
26,0,SemiSwipe,4,14,3838.7,4,0,0,0,4,0.4873,161.4
26,0,SemiSwipe,6,14,4124.7,6,0,0,0,6,0.5761,216.5
26,1,SemiTilt,2,0,5286.2,2,0,0,0,2,0.6209,81.53
26,1,SemiTilt,4,0,4796.6,4,0,0,0,4,0.5296,162.55
26,1,SemiTilt,6,0,4863.3,6,0,1,0,5,0.7041,190.13
26,1,SemiTilt,2,1,4210.4,2,0,0,0,2,0.4106,171.06
26,1,SemiTilt,4,1,4852.1,4,0,0,0,4,0.5769,162.25
26,1,SemiTilt,6,1,4740.5,6,0,0,1,7,0.483,162.41
26,1,SemiTilt,2,2,4405.0,2,0,1,1,2,0.2114,115.71
26,1,SemiTilt,4,2,3384.0,5,1,0,0,4,0.3098,239.83
26,1,SemiTilt,6,2,3576.2,6,0,0,1,7,0.0975,186.76
26,1,SemiTilt,2,3,4970.7,2,0,0,0,2,0.5694,150.37
26,1,SemiTilt,4,3,3946.2,4,0,0,0,4,0.5634,60.37
26,1,SemiTilt,6,3,4381.9,7,1,1,0,5,0.3315,132.79
26,1,SemiTilt,2,4,4536.5,2,0,0,1,3,0.5545,198.1
26,1,SemiTilt,4,4,3663.6,4,0,0,0,4,0.5455,129.74
26,1,SemiTilt,6,4,4872.3,7,1,0,0,6,0.1293,161.1
26,1,SemiTilt,2,5,5081.0,3,1,0,0,2,0.2631,208.64
26,1,SemiTilt,4,5,5170.4,4,0,0,0,4,0.1079,207.42
26,1,SemiTilt,6,5,4297.0,6,0,0,0,6,0.5772,242.69
26,1,SemiTilt,2,6,4299.5,2,0,0,0,2,0.2627,121.74
26,1,SemiTilt,4,6,4372.0,4,0,0,1,5,0.403,218.65
26,1,SemiTilt,6,6,4364.5,7,1,0,1,7,0.3078,136.79
26,1,SemiTilt,2,7,4153.1,2,0,0,0,2,0.4393,228.48
26,1,SemiTilt,4,7,4331.0,4,0,0,0,4,0.3711,197.89
26,1,SemiTilt,6,7,4471.0,6,0,0,0,6,0.3522,153.01
26,1,SemiTilt,2,8,4562.9,2,0,0,1,3,0.4482,116.67
26,1,SemiTilt,4,8,4824.6,4,0,0,1,5,0.2959,127.62
26,1,SemiTilt,6,8,4681.8,6,0,0,0,6,0.3022,340.95
26,1,SemiTilt,2,9,4839.8,2,0,0,0,2,0.4562,60.11
26,1,SemiTilt,4,9,5606.1,4,0,0,0,4,0.1271,207.2
26,1,SemiTilt,6,9,3381.8,6,0,0,1,7,0.3275,202.41
26,1,SemiTilt,2,10,5005.9,2,0,0,0,2,0.4622,165.22
26,1,SemiTilt,4,10,4876.8,4,0,0,0,4,0.3561,135.14
26,1,SemiTilt,6,10,4601.8,6,0,0,0,6,0.6832,193.5
26,1,SemiTilt,2,11,5278.1,2,0,0,0,2,0.4008,310.17
26,1,SemiTilt,4,11,4173.7,4,0,0,0,4,0.325,125.13
26,1,SemiTilt,6,11,4829.3,6,0,0,1,7,0.4888,161.68
26,1,SemiTilt,2,12,4484.0,2,0,0,1,3,0.2727,211.94
26,1,SemiTilt,4,12,4816.7,4,0,1,0,3,0.4459,101.83
26,1,SemiTilt,6,12,5236.2,7,1,1,0,5,0.4657,197.94
26,1,SemiTilt,2,13,3868.8,2,0,0,0,2,0.5771,100.61
26,1,SemiTilt,4,13,4367.7,4,0,0,0,4,0.2296,240.45
26,1,SemiTilt,6,13,4182.6,6,0,0,0,6,0.5325,256.74
26,1,SemiTilt,2,14,4355.2,2,0,0,0,2,0.2516,284.76
26,1,SemiTilt,4,14,5476.4,4,0,0,1,5,0.2159,115.17
26,1,SemiTilt,6,14,3716.6,6,0,0,1,7,0.5088,111.04
26,2,SemiDwell,2,0,4164.2,2,0,0,0,2,0.5497,125.49
26,2,SemiDwell,4,0,4038.8,4,0,0,1,5,0.0761,171.22
26,2,SemiDwell,6,0,4286.1,6,0,0,0,6,0.3128,143.04
26,2,SemiDwell,2,1,3452.7,2,0,0,0,2,0.4562,207.88
26,2,SemiDwell,4,1,4731.9,4,0,0,0,4,0.4822,176.78
26,2,SemiDwell,6,1,4947.8,6,0,0,1,7,0.6593,78.49
26,2,SemiDwell,2,2,4713.9,2,0,0,1,3,0.537,144.39
26,2,SemiDwell,4,2,4648.7,5,1,0,0,4,0.3159,137.75
26,2,SemiDwell,6,2,3891.7,6,0,0,1,7,0.3206,183.75
26,2,SemiDwell,2,3,4027.5,2,0,0,0,2,0.2883,131.73
26,2,SemiDwell,4,3,4683.0,4,0,0,0,4,0.4879,94.91
26,2,SemiDwell,6,3,3961.6,6,0,0,1,7,0.464,139.17
26,2,SemiDwell,2,4,4803.3,3,1,0,0,2,0.4275,273.45
26,2,SemiDwell,4,4,4738.9,4,0,1,0,3,0.3754,228.63
26,2,SemiDwell,6,4,3857.1,6,0,0,1,7,0.4024,89.28
26,2,SemiDwell,2,5,3967.9,2,0,1,0,1,0.237,186.75
26,2,SemiDwell,4,5,4579.4,4,0,0,1,5,0.4696,107.11
26,2,SemiDwell,6,5,5080.5,6,0,0,1,7,0.455,68.39
26,2,SemiDwell,2,6,4467.4,2,0,0,0,2,0.2878,116.16
26,2,SemiDwell,4,6,4361.8,4,0,0,0,4,0.361,168.41
26,2,SemiDwell,6,6,3708.0,6,0,0,1,7,0.3581,131.37
26,2,SemiDwell,2,7,3833.7,2,0,0,1,3,0.3853,178.54
26,2,SemiDwell,4,7,4228.5,4,0,0,0,4,0.3384,102.44
26,2,SemiDwell,6,7,4543.3,8,2,0,1,7,0.292,155.53
26,2,SemiDwell,2,8,4247.2,2,0,0,0,2,0.5296,168.75
26,2,SemiDwell,4,8,4804.4,4,0,0,1,5,0.3258,69.39
26,2,SemiDwell,6,8,4435.0,6,0,0,0,6,0.1842,67.96
26,2,SemiDwell,2,9,4542.4,2,0,0,1,3,0.2565,199.74
26,2,SemiDwell,4,9,4966.6,4,0,0,0,4,0.4462,232.68
26,2,SemiDwell,6,9,3911.0,6,0,0,1,7,0.365,142.78
26,2,SemiDwell,2,10,4335.1,2,0,0,1,3,0.4978,278.84
26,2,SemiDwell,4,10,4795.8,5,1,0,1,5,0.4354,113.98
26,2,SemiDwell,6,10,3325.4,7,1,0,1,7,0.5657,168.48
26,2,SemiDwell,2,11,4003.8,2,0,0,0,2,0.3976,177.82
26,2,SemiDwell,4,11,4134.0,4,0,0,1,5,0.0215,201.69
26,2,SemiDwell,6,11,4011.0,6,0,0,0,6,0.451,191.79
26,2,SemiDwell,2,12,4347.1,2,0,0,1,3,0.4297,159.69
26,2,SemiDwell,4,12,4926.4,4,0,0,0,4,0.518,169.04
26,2,SemiDwell,6,12,4623.4,7,1,1,0,5,0.2391,138.59
26,2,SemiDwell,2,13,4732.0,3,1,0,0,2,0.5342,152.26
26,2,SemiDwell,4,13,5250.7,4,0,0,0,4,0.4643,122.7
26,2,SemiDwell,6,13,5038.1,6,0,0,0,6,0.5133,190.75
26,2,SemiDwell,2,14,4301.0,2,0,0,0,2,0.4183,201.37
26,2,SemiDwell,4,14,3991.2,4,0,0,0,4,0.4504,97.84
26,2,SemiDwell,6,14,4275.4,6,0,0,0,6,0.4034,136.21
26,3,FullDH,2,0,4082.6,2,0,0,0,2,0.2309,175.04
26,3,FullDH,4,0,4640.5,4,0,0,0,4,0.2302,116.67
26,3,FullDH,6,0,4318.1,6,0,0,0,6,0.4281,61.72
26,3,FullDH,2,1,4320.1,2,0,0,0,2,0.5866,173.81
26,3,FullDH,4,1,4542.9,4,0,0,1,5,0.4231,196.77
26,3,FullDH,6,1,4093.2,7,1,0,0,6,0.5795,106.83
26,3,FullDH,2,2,4122.5,4,2,0,0,2,0.2056,152.17
26,3,FullDH,4,2,4148.1,4,0,0,0,4,0.5147,143.5
26,3,FullDH,6,2,4921.7,6,0,0,0,6,0.0552,186.04
26,3,FullDH,2,3,3661.2,2,0,0,0,2,0.3876,97.88
26,3,FullDH,4,3,3926.2,4,0,0,1,5,0.2058,122.18
26,3,FullDH,6,3,4440.1,6,0,0,0,6,0.1699,244.67
26,3,FullDH,2,4,4735.0,2,0,0,0,2,0.4518,165.63
26,3,FullDH,4,4,5101.6,4,0,0,0,4,0.5793,139.93
26,3,FullDH,6,4,4270.9,7,1,1,0,5,0.3052,216.02
26,3,FullDH,2,5,4326.1,2,0,1,1,2,0.223,0.69
26,3,FullDH,4,5,4073.1,4,0,0,1,5,0.5402,281.61
26,3,FullDH,6,5,4626.7,6,0,1,0,5,0.4289,136.89
26,3,FullDH,2,6,4877.3,2,0,0,0,2,0.6728,85.66
26,3,FullDH,4,6,3558.1,4,0,0,0,4,0.4144,221.18
26,3,FullDH,6,6,5231.0,6,0,1,1,6,0.6763,153.54
26,3,FullDH,2,7,4739.8,2,0,0,0,2,0.3837,99.1
26,3,FullDH,4,7,2811.2,4,0,0,1,5,0.1573,122.9
26,3,FullDH,6,7,3760.9,6,0,0,0,6,0.0294,126.56
26,3,FullDH,2,8,4603.9,2,0,0,0,2,0.4153,159.89
26,3,FullDH,4,8,3841.0,4,0,1,0,3,0.1224,100.65
26,3,FullDH,6,8,4034.9,6,0,0,0,6,0.7399,98.19
26,3,FullDH,2,9,3321.2,3,1,0,0,2,0.3554,148.77
26,3,FullDH,4,9,3800.4,4,0,0,0,4,0.5832,189.67
26,3,FullDH,6,9,4650.0,6,0,0,0,6,0.4985,147.39
26,3,FullDH,2,10,4226.4,2,0,1,0,1,0.4078,109.86
26,3,FullDH,4,10,3462.4,5,1,0,1,5,0.4686,87.41
26,3,FullDH,6,10,4069.6,6,0,0,0,6,0.6145,187.98
26,3,FullDH,2,11,3865.2,2,0,0,0,2,0.7469,92.55
26,3,FullDH,4,11,4095.0,4,0,0,0,4,0.5392,128.81
26,3,FullDH,6,11,4047.0,6,0,0,1,7,0.1281,165.25
26,3,FullDH,2,12,4501.4,3,1,0,0,2,0.4681,106.6
26,3,FullDH,4,12,4265.4,4,0,0,0,4,0.2437,192.42
26,3,FullDH,6,12,4470.8,6,0,1,0,5,0.6056,191.27
26,3,FullDH,2,13,4409.1,2,0,1,0,1,0.2639,124.75
26,3,FullDH,4,13,4494.5,4,0,0,0,4,0.3801,279.76
26,3,FullDH,6,13,4635.3,6,0,1,0,5,0.5442,77.94
26,3,FullDH,2,14,4134.2,2,0,0,1,3,0.222,177.07
26,3,FullDH,4,14,4890.7,4,0,0,0,4,0.4975,117.33
26,3,FullDH,6,14,5091.2,7,1,0,0,6,0.5466,273.78
26,4,SemiNDH,2,0,3622.4,2,0,0,0,2,0.1968,178.95
26,4,SemiNDH,4,0,4360.7,4,0,0,0,4,0.5594,134.09
26,4,SemiNDH,6,0,4564.0,6,0,0,0,6,0.396,144.13
26,4,SemiNDH,2,1,3910.3,2,0,0,0,2,0.4486,178.46
26,4,SemiNDH,4,1,4912.6,4,0,0,0,4,0.1879,252.91
26,4,SemiNDH,6,1,4717.3,6,0,0,0,6,0.1611,267.76
26,4,SemiNDH,2,2,4616.4,2,0,0,0,2,0.395,173.85
26,4,SemiNDH,4,2,3407.1,4,0,0,1,5,0.6332,25.67
26,4,SemiNDH,6,2,4263.8,6,0,1,1,6,0.5509,160.1
26,4,SemiNDH,2,3,3888.5,3,1,0,1,3,0.3557,207.76
26,4,SemiNDH,4,3,5124.3,4,0,0,0,4,0.4445,164.47
26,4,SemiNDH,6,3,3318.4,6,0,0,1,7,0.2507,161.13
26,4,SemiNDH,2,4,4451.1,2,0,0,0,2,0.5325,57.91
26,4,SemiNDH,4,4,5053.8,4,0,0,0,4,0.3166,50.91
26,4,SemiNDH,6,4,4396.2,6,0,0,0,6,0.2979,133.86
26,4,SemiNDH,2,5,4607.1,2,0,0,1,3,0.5455,164.02
26,4,SemiNDH,4,5,3657.6,5,1,0,0,4,0.477,241.22
26,4,SemiNDH,6,5,4240.8,6,0,0,0,6,0.1667,200.67
26,4,SemiNDH,2,6,4405.4,2,0,0,0,2,0.4736,133.75
26,4,SemiNDH,4,6,4475.2,4,0,0,1,5,0.4171,217.29
26,4,SemiNDH,6,6,3488.7,6,0,0,1,7,0.1467,188.98
26,4,SemiNDH,2,7,4083.6,2,0,0,1,3,0.333,66.75
26,4,SemiNDH,4,7,4023.6,4,0,0,1,5,0.5404,183.76
26,4,SemiNDH,6,7,4376.1,6,0,0,0,6,0.2118,192.64
26,4,SemiNDH,2,8,4516.5,2,0,1,0,1,0.3161,146.98
26,4,SemiNDH,4,8,5206.7,4,0,0,0,4,0.3813,180.91
26,4,SemiNDH,6,8,5005.8,6,0,0,1,7,0.2917,142.98
26,4,SemiNDH,2,9,4676.4,2,0,0,0,2,0.3367,124.58
26,4,SemiNDH,4,9,4445.1,4,0,0,0,4,0.3026,123.82
26,4,SemiNDH,6,9,4048.0,6,0,0,0,6,0.1463,86.85
26,4,SemiNDH,2,10,5183.3,2,0,0,0,2,0.178,144.04
26,4,SemiNDH,4,10,3610.6,4,0,0,0,4,0.0756,173.09
26,4,SemiNDH,6,10,4258.7,6,0,0,0,6,0.3907,134.4
26,4,SemiNDH,2,11,6386.8,2,0,0,0,2,0.3308,183.18
26,4,SemiNDH,4,11,4096.4,4,0,2,0,2,0.5055,186.08
26,4,SemiNDH,6,11,4115.9,6,0,0,0,6,0.5093,172.26
26,4,SemiNDH,2,12,4457.2,2,0,0,1,3,0.5075,265.84
26,4,SemiNDH,4,12,3594.0,4,0,0,0,4,0.4672,174.18
26,4,SemiNDH,6,12,3967.3,7,1,0,1,7,0.4998,105.95
26,4,SemiNDH,2,13,4881.3,2,0,0,0,2,0.3884,139.18
26,4,SemiNDH,4,13,4451.6,4,0,0,1,5,0.3938,210.71
26,4,SemiNDH,6,13,5287.5,6,0,1,1,6,0.5571,138.2
26,4,SemiNDH,2,14,3739.8,2,0,0,0,2,0.3851,180.93
26,4,SemiNDH,4,14,4097.4,5,1,0,0,4,0.7579,113.86
26,4,SemiNDH,6,14,4645.0,6,0,0,0,6,0.3609,236.73
27,0,SemiTilt,2,0,4571.2,2,0,0,0,2,0.6536,87.51
27,0,SemiTilt,4,0,4539.3,4,0,0,0,4,0.2118,150.15
27,0,SemiTilt,6,0,4224.7,6,0,0,1,7,0.4157,120.58
27,0,SemiTilt,2,1,5747.8,2,0,0,0,2,0.4186,170.64
27,0,SemiTilt,4,1,5305.6,4,0,0,0,4,0.3451,128.92
27,0,SemiTilt,6,1,4855.0,6,0,1,1,6,0.2918,174.33
27,0,SemiTilt,2,2,5380.2,2,0,0,0,2,0.2873,41.32
27,0,SemiTilt,4,2,5198.1,4,0,0,0,4,0.3318,101.41
27,0,SemiTilt,6,2,4496.0,6,0,0,0,6,0.6207,138.85
27,0,SemiTilt,2,3,5433.7,3,1,0,0,2,0.2474,129.18
27,0,SemiTilt,4,3,4767.3,4,0,0,0,4,0.3238,192.1
27,0,SemiTilt,6,3,4370.9,7,1,0,0,6,0.3762,180.41
27,0,SemiTilt,2,4,5354.1,2,0,0,0,2,0.604,91.99
27,0,SemiTilt,4,4,5462.0,4,0,0,1,5,0.5469,232.35
27,0,SemiTilt,6,4,5510.4,6,0,0,0,6,0.3935,211.22
27,0,SemiTilt,2,5,4336.6,2,0,0,0,2,0.561,186.16
27,0,SemiTilt,4,5,5223.0,4,0,0,0,4,0.0924,90.48
27,0,SemiTilt,6,5,4714.6,6,0,0,0,6,0.4318,236.47
27,0,SemiTilt,2,6,4903.6,2,0,0,0,2,0.3446,140.31
27,0,SemiTilt,4,6,4493.2,4,0,0,0,4,0.2939,205.37
27,0,SemiTilt,6,6,5649.7,7,1,0,0,6,0.236,134.39
27,0,SemiTilt,2,7,3684.2,3,1,0,0,2,0.3527,65.56
27,0,SemiTilt,4,7,5033.5,4,0,0,0,4,0.6557,113.12
27,0,SemiTilt,6,7,5211.1,6,0,1,0,5,0.5662,216.33
27,0,SemiTilt,2,8,5519.7,2,0,0,0,2,0.2148,142.81
27,0,SemiTilt,4,8,4929.4,4,0,1,0,3,0.5655,148.33
27,0,SemiTilt,6,8,6489.4,6,0,0,0,6,0.4958,160.44
27,0,SemiTilt,2,9,5828.3,2,0,0,1,3,0.4029,91.58
27,0,SemiTilt,4,9,4873.1,4,0,0,1,5,0.5532,183.15
27,0,SemiTilt,6,9,5112.9,7,1,0,1,7,0.3954,148.67
27,0,SemiTilt,2,10,4673.7,2,0,0,0,2,0.5975,170.91
27,0,SemiTilt,4,10,5026.2,4,0,0,0,4,0.3634,150.69
27,0,SemiTilt,6,10,5250.9,6,0,0,0,6,0.1546,157.6
27,0,SemiTilt,2,11,5643.0,2,0,0,0,2,0.5866,182.03
27,0,SemiTilt,4,11,5032.0,4,0,0,1,5,0.1867,53.52
27,0,SemiTilt,6,11,4327.7,7,1,0,0,6,0.235,230.94
27,0,SemiTilt,2,12,5687.1,2,0,0,0,2,0.519,183.1
27,0,SemiTilt,4,12,5081.4,5,1,0,0,4,0.4652,229.23
27,0,SemiTilt,6,12,5883.1,6,0,1,0,5,0.2199,69.71
27,0,SemiTilt,2,13,4600.0,2,0,0,1,3,0.4949,26.09
27,0,SemiTilt,4,13,4557.2,4,0,0,1,5,0.0882,139.27
27,0,SemiTilt,6,13,5130.2,6,0,0,1,7,0.16,189.72
27,0,SemiTilt,2,14,4852.9,3,1,0,1,3,0.5403,146.28
27,0,SemiTilt,4,14,4777.1,4,0,0,1,5,0.3397,135.58
27,0,SemiTilt,6,14,4887.7,6,0,0,0,6,0.5554,174.56
27,1,FullDH,2,0,4788.0,2,0,0,0,2,0.5095,143.9
27,1,FullDH,4,0,5718.0,4,0,0,0,4,0.4087,37.5
27,1,FullDH,6,0,5386.8,6,0,0,0,6,0.2033,167.32
27,1,FullDH,2,1,4969.6,3,1,0,0,2,0.2953,158.64
27,1,FullDH,4,1,5143.4,4,0,0,0,4,0.4911,77.13
27,1,FullDH,6,1,4943.0,7,1,0,0,6,0.4028,74.24
27,1,FullDH,2,2,6119.0,2,0,0,0,2,0.5214,70.4
27,1,FullDH,4,2,5632.7,4,0,0,0,4,0.2243,168.97
27,1,FullDH,6,2,5091.8,6,0,0,0,6,0.5457,200.57
27,1,FullDH,2,3,4372.6,2,0,0,0,2,0.3636,168.83
27,1,FullDH,4,3,5274.2,5,1,0,1,5,0.4853,51.96
27,1,FullDH,6,3,5043.1,7,1,1,1,6,0.6486,125.01
27,1,FullDH,2,4,4449.1,2,0,0,0,2,0.1607,50.25
27,1,FullDH,4,4,3686.3,4,0,1,0,3,0.2785,156.14
27,1,FullDH,6,4,4854.4,6,0,0,0,6,0.5851,91.12
27,1,FullDH,2,5,4515.6,3,1,0,0,2,0.1965,207.04
27,1,FullDH,4,5,4367.6,4,0,0,0,4,0.3807,196.7
27,1,FullDH,6,5,5805.8,6,0,0,0,6,0.473,143.06
27,1,FullDH,2,6,5025.0,2,0,0,0,2,0.648,123.04
27,1,FullDH,4,6,5761.8,4,0,0,0,4,0.3454,223.74
27,1,FullDH,6,6,6570.3,8,2,1,1,6,0.193,190.11
27,1,FullDH,2,7,5479.8,2,0,0,1,3,0.4098,66.88
27,1,FullDH,4,7,4826.3,4,0,1,0,3,0.4073,166.1
27,1,FullDH,6,7,4849.5,6,0,0,1,7,0.3433,87.11
27,1,FullDH,2,8,5306.5,2,0,0,0,2,0.4082,153.03
27,1,FullDH,4,8,5848.0,4,0,0,1,5,0.3405,87.44
27,1,FullDH,6,8,4433.8,6,0,0,0,6,0.4932,60.55
27,1,FullDH,2,9,4244.0,2,0,0,1,3,0.295,180.43
27,1,FullDH,4,9,4544.8,4,0,0,0,4,0.2809,60.2
27,1,FullDH,6,9,4715.7,6,0,0,1,7,0.7448,131.98
27,1,FullDH,2,10,5438.3,3,1,0,1,3,0.3485,325.39
27,1,FullDH,4,10,4627.8,4,0,0,1,5,0.5627,199.2
27,1,FullDH,6,10,5421.3,7,1,0,0,6,0.5794,166.66
27,1,FullDH,2,11,4625.1,2,0,0,0,2,0.3084,162.66
27,1,FullDH,4,11,4520.1,4,0,0,0,4,0.6805,152.74
27,1,FullDH,6,11,4479.5,6,0,0,1,7,0.3814,162.43
27,1,FullDH,2,12,4392.0,2,0,0,0,2,0.4396,130.66
27,1,FullDH,4,12,6028.6,4,0,0,0,4,0.3835,171.34
27,1,FullDH,6,12,5418.9,6,0,0,0,6,0.6648,180.66
27,1,FullDH,2,13,4765.6,2,0,0,0,2,0.3208,203.64
27,1,FullDH,4,13,5515.1,4,0,1,0,3,0.7217,201.61
27,1,FullDH,6,13,4332.0,6,0,0,0,6,0.3594,142.91
27,1,FullDH,2,14,5302.8,2,0,0,0,2,0.4772,71.8
27,1,FullDH,4,14,5883.8,4,0,0,0,4,0.5047,116.19
27,1,FullDH,6,14,4500.5,6,0,0,1,7,0.6182,152.37
27,2,SemiSwipe,2,0,5049.2,2,0,0,0,2,0.1647,243.82
27,2,SemiSwipe,4,0,3918.0,5,1,0,0,4,0.3617,87.3
27,2,SemiSwipe,6,0,4560.4,7,1,1,0,5,0.1034,202.49
27,2,SemiSwipe,2,1,4309.3,2,0,0,0,2,0.1745,64.08
27,2,SemiSwipe,4,1,6041.6,4,0,0,1,5,0.6105,119.49
27,2,SemiSwipe,6,1,5403.5,6,0,1,0,5,0.536,91.73
27,2,SemiSwipe,2,2,5617.5,2,0,1,0,1,0.5241,193.42
27,2,SemiSwipe,4,2,5249.7,4,0,0,1,5,0.4696,231.66
27,2,SemiSwipe,6,2,5269.2,6,0,0,1,7,0.5517,175.33
27,2,SemiSwipe,2,3,5164.6,2,0,1,1,2,0.4904,170.24
27,2,SemiSwipe,4,3,5776.2,4,0,0,0,4,0.5136,184.21
27,2,SemiSwipe,6,3,5504.5,7,1,0,0,6,0.3293,221.7
27,2,SemiSwipe,2,4,3441.8,2,0,0,0,2,0.2621,193.99
27,2,SemiSwipe,4,4,4584.3,5,1,0,0,4,0.4578,243.82
27,2,SemiSwipe,6,4,5877.2,6,0,0,0,6,0.4689,115.0
27,2,SemiSwipe,2,5,4987.9,2,0,1,0,1,0.469,176.38
27,2,SemiSwipe,4,5,4465.2,4,0,0,0,4,0.526,146.36
27,2,SemiSwipe,6,5,5135.9,6,0,0,1,7,0.3309,37.38
27,2,SemiSwipe,2,6,5398.6,4,2,0,0,2,0.3865,277.96
27,2,SemiSwipe,4,6,5550.3,4,0,1,0,3,0.136,107.08
27,2,SemiSwipe,6,6,4248.1,6,0,0,0,6,0.5206,135.37
27,2,SemiSwipe,2,7,5527.0,2,0,0,1,3,0.6869,225.43
27,2,SemiSwipe,4,7,5982.2,4,0,0,1,5,0.6512,68.72
27,2,SemiSwipe,6,7,4529.5,6,0,0,0,6,0.606,145.46
27,2,SemiSwipe,2,8,5065.8,2,0,0,0,2,0.4774,43.15
27,2,SemiSwipe,4,8,5455.6,4,0,0,1,5,0.3526,103.59
27,2,SemiSwipe,6,8,5492.2,6,0,0,0,6,0.1924,97.69
27,2,SemiSwipe,2,9,6018.5,2,0,1,1,2,0.4955,140.25
27,2,SemiSwipe,4,9,4906.2,4,0,0,0,4,0.4896,75.31
27,2,SemiSwipe,6,9,3073.0,7,1,0,1,7,0.5217,116.4
27,2,SemiSwipe,2,10,5464.0,2,0,0,0,2,0.2395,215.92
27,2,SemiSwipe,4,10,5188.7,5,1,0,1,5,0.302,165.56
27,2,SemiSwipe,6,10,5267.7,7,1,0,0,6,0.4456,191.12
27,2,SemiSwipe,2,11,5703.6,2,0,0,0,2,0.3024,116.9
27,2,SemiSwipe,4,11,4573.4,4,0,0,0,4,0.6063,149.42
27,2,SemiSwipe,6,11,4485.2,6,0,0,0,6,0.1716,67.51
27,2,SemiSwipe,2,12,5374.9,2,0,0,0,2,0.4298,75.93
27,2,SemiSwipe,4,12,5488.9,4,0,0,0,4,0.4941,71.89
27,2,SemiSwipe,6,12,4747.9,6,0,0,0,6,0.2821,185.53
27,2,SemiSwipe,2,13,6095.4,2,0,0,0,2,0.6591,291.42
27,2,SemiSwipe,4,13,4422.2,6,2,1,0,3,0.3749,82.71
27,2,SemiSwipe,6,13,5094.4,6,0,0,0,6,0.3439,178.39
27,2,SemiSwipe,2,14,4497.8,2,0,0,0,2,0.454,146.2
27,2,SemiSwipe,4,14,5755.6,4,0,0,1,5,0.2998,177.81
27,2,SemiSwipe,6,14,4008.2,6,0,0,0,6,0.2106,174.44
27,3,SemiNDH,2,0,4595.5,2,0,0,1,3,0.2181,202.71
27,3,SemiNDH,4,0,5117.8,5,1,0,1,5,0.4251,185.52
27,3,SemiNDH,6,0,4528.3,6,0,1,1,6,0.3214,69.64
27,3,SemiNDH,2,1,5592.0,2,0,0,0,2,0.3162,105.07
27,3,SemiNDH,4,1,5091.3,4,0,1,0,3,0.3315,111.55
27,3,SemiNDH,6,1,5351.2,6,0,0,0,6,0.245,231.64
27,3,SemiNDH,2,2,5464.4,2,0,0,0,2,0.3098,189.27
27,3,SemiNDH,4,2,5548.4,4,0,0,0,4,0.5505,322.88
27,3,SemiNDH,6,2,4932.6,6,0,0,0,6,0.4004,244.45
27,3,SemiNDH,2,3,4636.9,2,0,0,1,3,0.2398,157.25
27,3,SemiNDH,4,3,4788.8,4,0,1,1,4,0.4811,193.49
27,3,SemiNDH,6,3,5920.0,6,0,0,0,6,0.5251,290.17
27,3,SemiNDH,2,4,5167.3,2,0,0,0,2,0.3869,163.44
27,3,SemiNDH,4,4,4717.6,4,0,0,1,5,0.299,147.87
27,3,SemiNDH,6,4,5071.0,6,0,0,0,6,0.4645,103.08
27,3,SemiNDH,2,5,3644.0,2,0,0,0,2,0.4666,39.91
27,3,SemiNDH,4,5,4935.5,4,0,0,1,5,0.3612,144.72
27,3,SemiNDH,6,5,4163.3,6,0,0,0,6,0.6711,72.73
27,3,SemiNDH,2,6,5161.6,2,0,0,0,2,0.5198,167.36
27,3,SemiNDH,4,6,4122.0,4,0,0,1,5,0.5132,170.09
27,3,SemiNDH,6,6,4555.7,6,0,0,0,6,0.254,92.66
27,3,SemiNDH,2,7,6020.0,3,1,0,0,2,0.5205,228.65
27,3,SemiNDH,4,7,5165.3,4,0,0,0,4,0.0194,42.16
27,3,SemiNDH,6,7,5692.4,6,0,1,0,5,0.3705,150.14
27,3,SemiNDH,2,8,4871.3,2,0,0,0,2,0.4788,155.07
27,3,SemiNDH,4,8,5085.6,4,0,0,0,4,0.6784,287.14
27,3,SemiNDH,6,8,5484.0,6,0,1,0,5,0.5854,134.31
27,3,SemiNDH,2,9,4033.2,2,0,0,0,2,0.3722,175.27
27,3,SemiNDH,4,9,4755.8,4,0,0,1,5,0.1088,100.86
27,3,SemiNDH,6,9,3785.1,6,0,0,0,6,0.4658,127.05
27,3,SemiNDH,2,10,4112.2,2,0,0,0,2,0.149,87.37
27,3,SemiNDH,4,10,5005.4,4,0,0,0,4,0.2417,186.0
27,3,SemiNDH,6,10,4725.9,6,0,0,1,7,0.5975,255.63
27,3,SemiNDH,2,11,5488.8,2,0,0,0,2,0.349,54.73
27,3,SemiNDH,4,11,4190.1,4,0,0,0,4,0.5043,170.89
27,3,SemiNDH,6,11,4258.6,7,1,0,0,6,0.391,93.39
27,3,SemiNDH,2,12,5196.7,2,0,0,0,2,0.2694,156.87
27,3,SemiNDH,4,12,4751.1,4,0,0,0,4,0.4428,114.88
27,3,SemiNDH,6,12,5816.4,6,0,1,0,5,0.6531,240.09
27,3,SemiNDH,2,13,4760.7,2,0,0,1,3,0.4467,153.19
27,3,SemiNDH,4,13,5536.8,5,1,0,0,4,0.1642,160.67
27,3,SemiNDH,6,13,4611.0,6,0,0,0,6,0.4671,203.71
27,3,SemiNDH,2,14,5097.7,2,0,0,0,2,0.4012,147.98
27,3,SemiNDH,4,14,4897.4,4,0,0,0,4,0.2097,201.36
27,3,SemiNDH,6,14,4474.5,6,0,0,0,6,0.6419,166.43
27,4,SemiDwell,2,0,5619.4,2,0,0,0,2,0.474,112.32
27,4,SemiDwell,4,0,4846.4,4,0,0,1,5,0.1855,212.64
27,4,SemiDwell,6,0,5763.4,6,0,0,1,7,0.5151,138.53
27,4,SemiDwell,2,1,4137.2,2,0,1,0,1,0.6463,205.51
27,4,SemiDwell,4,1,5777.9,4,0,0,0,4,0.2559,66.85
27,4,SemiDwell,6,1,5168.2,7,1,0,0,6,0.5554,152.18
27,4,SemiDwell,2,2,5695.7,2,0,0,0,2,0.409,135.17
27,4,SemiDwell,4,2,4597.3,5,1,0,0,4,0.1573,193.41
27,4,SemiDwell,6,2,5479.4,7,1,0,0,6,0.7228,253.43
27,4,SemiDwell,2,3,5884.4,2,0,0,0,2,0.4234,206.83
27,4,SemiDwell,4,3,4553.8,5,1,0,0,4,0.4375,115.81
27,4,SemiDwell,6,3,4952.6,6,0,0,1,7,0.4625,151.11
27,4,SemiDwell,2,4,4692.1,3,1,0,0,2,0.3294,155.49
27,4,SemiDwell,4,4,3659.6,4,0,0,0,4,0.2164,111.56
27,4,SemiDwell,6,4,4108.8,6,0,0,1,7,0.4426,114.14
27,4,SemiDwell,2,5,4354.4,2,0,0,0,2,0.4834,253.74
27,4,SemiDwell,4,5,5395.4,4,0,0,1,5,0.3204,118.42
27,4,SemiDwell,6,5,4285.2,6,0,0,0,6,0.2764,170.27
27,4,SemiDwell,2,6,4282.2,2,0,0,0,2,0.4245,143.87
27,4,SemiDwell,4,6,4892.4,4,0,0,0,4,0.402,243.83
27,4,SemiDwell,6,6,4426.0,7,1,0,0,6,0.3698,87.89
27,4,SemiDwell,2,7,5008.3,2,0,0,0,2,0.5007,175.41
27,4,SemiDwell,4,7,4940.8,5,1,0,0,4,0.206,33.05
27,4,SemiDwell,6,7,4631.7,6,0,0,1,7,0.218,135.12
27,4,SemiDwell,2,8,5389.8,3,1,0,0,2,0.3379,159.02
27,4,SemiDwell,4,8,5347.9,4,0,0,0,4,0.4493,219.53
27,4,SemiDwell,6,8,4634.5,6,0,0,0,6,0.2477,198.36
27,4,SemiDwell,2,9,5845.7,2,0,0,0,2,0.4406,240.42
27,4,SemiDwell,4,9,5444.1,4,0,0,1,5,0.3909,130.69
27,4,SemiDwell,6,9,5402.4,6,0,1,1,6,0.3986,62.73
27,4,SemiDwell,2,10,4736.4,2,0,0,0,2,0.2652,178.84
27,4,SemiDwell,4,10,4596.8,4,0,0,0,4,0.239,132.3
27,4,SemiDwell,6,10,4988.9,7,1,0,1,7,0.3579,168.31
27,4,SemiDwell,2,11,4840.7,3,1,0,1,3,0.1174,195.59
27,4,SemiDwell,4,11,4394.7,5,1,0,0,4,0.5126,197.76
27,4,SemiDwell,6,11,4337.3,6,0,1,0,5,0.5136,100.39
27,4,SemiDwell,2,12,5097.6,2,0,0,1,3,0.3206,181.64
27,4,SemiDwell,4,12,4887.1,4,0,0,0,4,0.3466,173.51
27,4,SemiDwell,6,12,4662.3,6,0,0,0,6,0.4057,103.24
27,4,SemiDwell,2,13,4570.0,2,0,1,1,2,0.6192,25.2
27,4,SemiDwell,4,13,5234.3,4,0,0,0,4,0.4027,105.15
27,4,SemiDwell,6,13,4602.7,6,0,0,0,6,0.2504,198.53
27,4,SemiDwell,2,14,5194.6,2,0,0,0,2,0.3621,161.82
27,4,SemiDwell,4,14,4457.2,5,1,0,0,4,0.5336,108.27
27,4,SemiDwell,6,14,5944.6,6,0,0,0,6,0.4255,105.73
28,0,FullDH,2,0,3833.2,2,0,0,0,2,0.3359,13.3
28,0,FullDH,4,0,3550.3,4,0,0,0,4,0.3105,230.72
28,0,FullDH,6,0,2473.9,6,0,0,0,6,0.6957,11.83
28,0,FullDH,2,1,3655.2,2,0,0,0,2,0.3246,159.54
28,0,FullDH,4,1,2443.7,4,0,0,1,5,0.5149,77.05
28,0,FullDH,6,1,3296.3,6,0,0,1,7,0.3612,60.65
28,0,FullDH,2,2,3859.4,2,0,0,0,2,0.3697,172.93
28,0,FullDH,4,2,3600.6,4,0,0,0,4,0.5753,200.09
28,0,FullDH,6,2,4993.9,6,0,0,0,6,0.734,128.64
28,0,FullDH,2,3,3595.2,2,0,0,0,2,0.3854,90.05
28,0,FullDH,4,3,4230.3,4,0,0,1,5,0.3465,178.47
28,0,FullDH,6,3,3489.1,6,0,0,0,6,0.5,130.96
28,0,FullDH,2,4,3427.8,2,0,0,1,3,0.5732,152.54
28,0,FullDH,4,4,3378.0,4,0,0,0,4,0.4918,193.01
28,0,FullDH,6,4,3348.5,6,0,0,0,6,0.3144,228.31
28,0,FullDH,2,5,3868.7,2,0,0,0,2,0.5373,166.2
28,0,FullDH,4,5,2575.2,4,0,0,0,4,0.2571,113.65
28,0,FullDH,6,5,3680.5,6,0,0,0,6,0.7689,123.67
28,0,FullDH,2,6,4592.4,2,0,0,1,3,0.409,92.28
28,0,FullDH,4,6,3670.0,4,0,0,0,4,0.257,155.72
28,0,FullDH,6,6,3726.7,6,0,0,0,6,0.5114,90.72
28,0,FullDH,2,7,4380.5,2,0,0,0,2,0.4493,92.55
28,0,FullDH,4,7,4733.2,5,1,0,0,4,0.2897,203.5
28,0,FullDH,6,7,4119.1,6,0,0,1,7,0.0921,228.99
28,0,FullDH,2,8,4014.1,4,2,0,0,2,0.4845,138.6
28,0,FullDH,4,8,3898.1,4,0,0,0,4,0.4723,73.41
28,0,FullDH,6,8,5049.0,6,0,1,0,5,0.5774,164.08
28,0,FullDH,2,9,3286.0,2,0,1,0,1,0.4337,121.45
28,0,FullDH,4,9,4954.1,5,1,0,0,4,0.3473,70.29
28,0,FullDH,6,9,4167.2,7,1,1,1,6,0.4435,133.7
28,0,FullDH,2,10,4675.8,5,3,0,0,2,0.3821,86.67
28,0,FullDH,4,10,4406.9,4,0,0,0,4,0.4103,203.92
28,0,FullDH,6,10,2938.3,6,0,0,0,6,0.4698,113.78
28,0,FullDH,2,11,3995.5,2,0,0,0,2,0.3344,272.57
28,0,FullDH,4,11,4775.2,5,1,0,0,4,0.1293,118.12
28,0,FullDH,6,11,3659.3,7,1,0,0,6,0.34,209.43
28,0,FullDH,2,12,3388.7,2,0,0,0,2,0.355,176.11
28,0,FullDH,4,12,3822.0,4,0,0,1,5,0.554,63.53
28,0,FullDH,6,12,4261.1,7,1,0,1,7,0.3233,137.8
28,0,FullDH,2,13,3981.5,2,0,0,1,3,0.2129,160.7
28,0,FullDH,4,13,4290.3,4,0,0,0,4,0.4737,147.02
28,0,FullDH,6,13,5406.2,7,1,0,0,6,0.371,17.86
28,0,FullDH,2,14,3460.9,2,0,0,0,2,0.5709,236.97
28,0,FullDH,4,14,3575.7,4,0,0,0,4,0.3077,127.93
28,0,FullDH,6,14,4294.2,6,0,0,1,7,0.2127,117.51
28,1,SemiNDH,2,0,4318.5,2,0,0,1,3,0.4404,79.67
28,1,SemiNDH,4,0,3087.5,4,0,0,1,5,0.4512,172.6
28,1,SemiNDH,6,0,4450.7,7,1,0,0,6,0.3701,40.87
28,1,SemiNDH,2,1,3021.7,2,0,0,0,2,0.2004,244.05
28,1,SemiNDH,4,1,3573.6,4,0,0,0,4,0.5466,199.47
28,1,SemiNDH,6,1,4326.6,6,0,0,0,6,0.7423,124.45
28,1,SemiNDH,2,2,4291.2,3,1,0,0,2,0.528,207.14
28,1,SemiNDH,4,2,4021.5,4,0,0,0,4,0.1615,141.44
28,1,SemiNDH,6,2,4300.7,7,1,0,0,6,0.3242,65.12
28,1,SemiNDH,2,3,3476.0,2,0,0,0,2,0.4295,83.08
28,1,SemiNDH,4,3,4337.6,5,1,0,1,5,0.4679,155.96
28,1,SemiNDH,6,3,4008.0,7,1,1,0,5,0.3989,165.25
28,1,SemiNDH,2,4,3708.0,2,0,0,0,2,0.423,131.54
28,1,SemiNDH,4,4,3794.6,4,0,0,0,4,0.271,235.21
28,1,SemiNDH,6,4,5291.7,6,0,0,0,6,0.523,75.03
28,1,SemiNDH,2,5,2962.7,2,0,0,0,2,0.0461,47.24
28,1,SemiNDH,4,5,3330.6,5,1,0,0,4,0.4431,162.31
28,1,SemiNDH,6,5,4156.0,6,0,0,0,6,0.505,170.39
28,1,SemiNDH,2,6,3892.5,3,1,0,1,3,0.4542,93.93
28,1,SemiNDH,4,6,3405.4,4,0,0,0,4,0.5954,69.27
28,1,SemiNDH,6,6,4948.5,6,0,0,1,7,0.347,187.02
28,1,SemiNDH,2,7,3016.6,2,0,0,0,2,0.5305,115.17
28,1,SemiNDH,4,7,3735.1,4,0,0,0,4,0.3976,102.35
28,1,SemiNDH,6,7,4365.0,6,0,0,1,7,0.3903,100.07
28,1,SemiNDH,2,8,3551.7,2,0,1,0,1,0.1673,137.21
28,1,SemiNDH,4,8,3874.2,5,1,0,0,4,0.5795,187.53
28,1,SemiNDH,6,8,4133.7,6,0,0,0,6,0.5818,263.07
28,1,SemiNDH,2,9,3797.1,2,0,0,0,2,0.6114,168.52
28,1,SemiNDH,4,9,4201.1,4,0,0,1,5,0.5826,94.8
28,1,SemiNDH,6,9,2610.6,7,1,0,1,7,0.446,23.56
28,1,SemiNDH,2,10,4090.4,2,0,0,0,2,0.2431,178.85
28,1,SemiNDH,4,10,3590.5,4,0,0,1,5,0.3057,54.12
28,1,SemiNDH,6,10,3355.4,6,0,0,1,7,0.0812,201.22
28,1,SemiNDH,2,11,4369.1,2,0,0,0,2,0.3598,152.74
28,1,SemiNDH,4,11,3460.9,5,1,1,1,4,0.5713,18.26
28,1,SemiNDH,6,11,4413.6,7,1,1,0,5,0.2742,78.14
28,1,SemiNDH,2,12,3922.6,2,0,0,0,2,0.326,232.32
28,1,SemiNDH,4,12,3830.7,4,0,0,0,4,0.6163,124.38
28,1,SemiNDH,6,12,4540.9,6,0,0,0,6,0.7172,157.58
28,1,SemiNDH,2,13,3367.1,2,0,1,1,2,0.2403,247.72
28,1,SemiNDH,4,13,1960.6,5,1,1,0,3,0.4938,109.46
28,1,SemiNDH,6,13,4718.0,6,0,0,0,6,0.7432,172.41
28,1,SemiNDH,2,14,4543.5,2,0,0,0,2,0.467,206.16
28,1,SemiNDH,4,14,3810.6,5,1,0,1,5,0.1358,177.37
28,1,SemiNDH,6,14,3342.0,6,0,0,0,6,0.6454,111.66
28,2,SemiTilt,2,0,4582.8,2,0,0,1,3,0.0759,175.56
28,2,SemiTilt,4,0,3282.6,4,0,1,1,4,0.44,274.65
28,2,SemiTilt,6,0,3985.7,6,0,1,0,5,0.6319,116.04
28,2,SemiTilt,2,1,4339.6,3,1,0,0,2,0.2535,130.1
28,2,SemiTilt,4,1,5314.9,4,0,0,1,5,0.5116,140.85
28,2,SemiTilt,6,1,4396.0,7,1,0,0,6,0.5731,171.72
28,2,SemiTilt,2,2,4460.3,2,0,0,1,3,0.2869,127.73
28,2,SemiTilt,4,2,3429.5,4,0,2,0,2,0.1725,104.29
28,2,SemiTilt,6,2,3419.7,6,0,0,0,6,0.3066,127.54
28,2,SemiTilt,2,3,4200.9,2,0,0,1,3,0.3595,177.75
28,2,SemiTilt,4,3,5206.4,4,0,0,0,4,0.4096,110.54
28,2,SemiTilt,6,3,3367.5,9,3,1,1,6,0.3016,238.78
28,2,SemiTilt,2,4,4352.8,3,1,0,0,2,0.3107,126.34
28,2,SemiTilt,4,4,3656.3,4,0,0,0,4,0.3796,153.84
28,2,SemiTilt,6,4,5082.1,8,2,0,0,6,0.3122,129.62
28,2,SemiTilt,2,5,2216.3,2,0,0,0,2,0.7611,87.09
28,2,SemiTilt,4,5,3543.4,4,0,0,0,4,0.4314,93.11
28,2,SemiTilt,6,5,4311.8,6,0,0,0,6,0.4706,235.0
28,2,SemiTilt,2,6,3901.1,2,0,0,0,2,0.4488,209.32
28,2,SemiTilt,4,6,4254.6,4,0,0,0,4,0.0417,113.69
28,2,SemiTilt,6,6,4457.2,6,0,1,1,6,0.2819,123.47
28,2,SemiTilt,2,7,4249.5,2,0,0,0,2,0.1627,119.91
28,2,SemiTilt,4,7,4653.8,4,0,0,0,4,0.1997,89.6
28,2,SemiTilt,6,7,4104.4,6,0,1,0,5,0.3163,144.49
28,2,SemiTilt,2,8,4490.6,2,0,0,0,2,0.258,156.21
28,2,SemiTilt,4,8,4335.0,4,0,0,0,4,0.4651,132.39
28,2,SemiTilt,6,8,3097.3,6,0,0,0,6,0.3753,80.12
28,2,SemiTilt,2,9,3299.1,2,0,1,1,2,0.4051,78.61
28,2,SemiTilt,4,9,4601.6,4,0,0,0,4,0.5442,198.49
28,2,SemiTilt,6,9,3753.8,6,0,0,1,7,0.45,218.72
28,2,SemiTilt,2,10,3802.8,2,0,0,1,3,0.3749,51.35
28,2,SemiTilt,4,10,2959.7,4,0,0,0,4,0.2095,217.62
28,2,SemiTilt,6,10,4496.4,7,1,0,0,6,0.5899,146.45
28,2,SemiTilt,2,11,4246.9,2,0,1,1,2,0.4931,149.68
28,2,SemiTilt,4,11,3714.3,4,0,0,0,4,0.3766,256.25
28,2,SemiTilt,6,11,2942.4,6,0,0,0,6,0.2668,202.19
28,2,SemiTilt,2,12,4344.2,2,0,0,1,3,0.2867,100.51
28,2,SemiTilt,4,12,4344.3,4,0,1,0,3,0.5838,105.36
28,2,SemiTilt,6,12,4464.2,6,0,0,0,6,0.4974,196.38
28,2,SemiTilt,2,13,4591.0,2,0,0,0,2,0.4021,167.85
28,2,SemiTilt,4,13,3068.3,5,1,0,1,5,0.5152,232.75
28,2,SemiTilt,6,13,3437.3,6,0,0,1,7,0.6301,87.3
28,2,SemiTilt,2,14,3378.8,2,0,0,1,3,0.5159,75.23
28,2,SemiTilt,4,14,4085.2,4,0,0,0,4,0.4159,203.73
28,2,SemiTilt,6,14,4075.8,6,0,0,1,7,0.2888,108.57
28,3,SemiDwell,2,0,4152.4,2,0,0,1,3,0.4213,109.6
28,3,SemiDwell,4,0,4457.3,4,0,0,0,4,0.1081,192.2
28,3,SemiDwell,6,0,4147.5,6,0,0,0,6,0.369,186.78
28,3,SemiDwell,2,1,3558.5,2,0,0,0,2,0.0867,149.35
28,3,SemiDwell,4,1,3729.1,4,0,0,0,4,0.3142,110.7
28,3,SemiDwell,6,1,4095.5,7,1,1,0,5,0.4222,175.86
28,3,SemiDwell,2,2,3702.2,2,0,1,1,2,0.2826,204.12
28,3,SemiDwell,4,2,3569.3,4,0,0,0,4,0.7526,87.25
28,3,SemiDwell,6,2,3927.4,6,0,0,0,6,0.2726,123.24
28,3,SemiDwell,2,3,4339.7,2,0,0,0,2,0.4143,73.42
28,3,SemiDwell,4,3,3069.8,4,0,1,0,3,0.4291,247.47
28,3,SemiDwell,6,3,4701.5,6,0,0,0,6,0.5247,201.56
28,3,SemiDwell,2,4,2798.7,2,0,0,0,2,0.4456,216.71
28,3,SemiDwell,4,4,3523.8,4,0,0,0,4,0.3902,166.88
28,3,SemiDwell,6,4,3963.2,7,1,0,0,6,0.8468,217.16
28,3,SemiDwell,2,5,3580.4,2,0,0,1,3,0.2264,120.15
28,3,SemiDwell,4,5,4269.5,4,0,0,1,5,0.4462,47.44
28,3,SemiDwell,6,5,3618.6,6,0,0,0,6,0.153,122.89
28,3,SemiDwell,2,6,3528.8,2,0,0,0,2,0.2677,163.96
28,3,SemiDwell,4,6,4104.5,4,0,0,1,5,0.2364,132.06
28,3,SemiDwell,6,6,3482.5,6,0,0,0,6,0.5863,24.12
28,3,SemiDwell,2,7,3772.5,2,0,0,0,2,0.438,160.06
28,3,SemiDwell,4,7,3926.1,4,0,0,1,5,0.2667,253.01
28,3,SemiDwell,6,7,3990.5,6,0,0,1,7,0.1234,103.88
28,3,SemiDwell,2,8,4724.7,2,0,0,0,2,0.1318,25.56
28,3,SemiDwell,4,8,3760.0,4,0,0,0,4,0.184,162.14
28,3,SemiDwell,6,8,4454.9,6,0,0,0,6,0.4519,176.8
28,3,SemiDwell,2,9,3982.7,2,0,0,0,2,0.3139,158.75
28,3,SemiDwell,4,9,4010.8,4,0,0,0,4,0.5462,190.36
28,3,SemiDwell,6,9,3859.1,6,0,0,0,6,0.6204,151.01
28,3,SemiDwell,2,10,3606.6,3,1,0,0,2,0.3477,86.89
28,3,SemiDwell,4,10,4968.0,4,0,0,0,4,0.3967,118.59
28,3,SemiDwell,6,10,3783.7,7,1,0,0,6,0.2275,61.39
28,3,SemiDwell,2,11,4103.6,3,1,0,0,2,0.651,58.56
28,3,SemiDwell,4,11,5093.4,4,0,0,1,5,0.6156,321.54
28,3,SemiDwell,6,11,4225.1,7,1,0,0,6,0.4959,77.09
28,3,SemiDwell,2,12,3814.9,2,0,0,0,2,0.4342,209.84
28,3,SemiDwell,4,12,4129.4,4,0,0,1,5,0.4695,193.99
28,3,SemiDwell,6,12,3238.3,8,2,0,1,7,0.3972,180.35
28,3,SemiDwell,2,13,3865.3,2,0,0,1,3,0.6735,96.73
28,3,SemiDwell,4,13,5000.3,4,0,0,0,4,0.569,210.86
28,3,SemiDwell,6,13,3802.5,6,0,0,0,6,0.4377,156.09
28,3,SemiDwell,2,14,3692.8,2,0,0,0,2,0.4773,154.17
28,3,SemiDwell,4,14,3460.0,4,0,1,0,3,0.6451,123.17
28,3,SemiDwell,6,14,3115.0,6,0,0,1,7,0.5333,78.32
28,4,SemiSwipe,2,0,4921.4,2,0,0,0,2,0.1254,195.79
28,4,SemiSwipe,4,0,3790.5,4,0,0,0,4,0.4873,204.46
28,4,SemiSwipe,6,0,4930.5,6,0,0,1,7,0.2655,125.14
28,4,SemiSwipe,2,1,3346.3,3,1,0,1,3,0.5157,96.03
28,4,SemiSwipe,4,1,3839.8,5,1,0,0,4,0.1949,184.59
28,4,SemiSwipe,6,1,3581.6,7,1,0,0,6,0.4411,15.26
28,4,SemiSwipe,2,2,4036.4,2,0,0,0,2,0.4041,116.52
28,4,SemiSwipe,4,2,4437.4,4,0,1,0,3,0.3648,187.83
28,4,SemiSwipe,6,2,3674.6,7,1,0,0,6,0.3647,91.68
28,4,SemiSwipe,2,3,4100.2,2,0,0,0,2,0.3202,183.47
28,4,SemiSwipe,4,3,3776.1,4,0,0,0,4,0.1392,262.44
28,4,SemiSwipe,6,3,3213.2,6,0,0,0,6,0.4697,174.75
28,4,SemiSwipe,2,4,4238.2,2,0,0,1,3,0.4812,104.53
28,4,SemiSwipe,4,4,2972.8,4,0,0,1,5,0.6022,209.39
28,4,SemiSwipe,6,4,3498.9,7,1,0,1,7,0.1827,183.87
28,4,SemiSwipe,2,5,3045.0,2,0,0,0,2,0.3231,157.53
28,4,SemiSwipe,4,5,2105.2,4,0,0,0,4,0.3021,123.94
28,4,SemiSwipe,6,5,5059.4,7,1,0,0,6,0.2465,187.07
28,4,SemiSwipe,2,6,4977.8,2,0,0,0,2,0.5422,164.88
28,4,SemiSwipe,4,6,3459.6,5,1,0,1,5,0.4668,121.84
28,4,SemiSwipe,6,6,4451.5,6,0,1,0,5,0.4285,83.31
28,4,SemiSwipe,2,7,3955.1,2,0,0,0,2,0.44,134.87
28,4,SemiSwipe,4,7,4175.1,5,1,0,0,4,0.724,122.51
28,4,SemiSwipe,6,7,3864.8,6,0,0,0,6,0.6217,62.34
28,4,SemiSwipe,2,8,2970.5,2,0,1,0,1,0.2357,196.31
28,4,SemiSwipe,4,8,4875.0,4,0,0,0,4,0.4898,205.42
28,4,SemiSwipe,6,8,4506.6,6,0,0,0,6,0.4751,198.06
28,4,SemiSwipe,2,9,4317.9,2,0,1,0,1,0.5438,101.16
28,4,SemiSwipe,4,9,3724.6,4,0,0,0,4,0.6262,187.52
28,4,SemiSwipe,6,9,3779.7,6,0,0,0,6,0.2943,115.26
28,4,SemiSwipe,2,10,4173.6,2,0,1,1,2,0.1111,159.59
28,4,SemiSwipe,4,10,3746.4,4,0,0,0,4,0.5554,212.34
28,4,SemiSwipe,6,10,4071.5,8,2,0,1,7,0.3381,5.16
28,4,SemiSwipe,2,11,3990.5,2,0,0,0,2,0.5956,57.71
28,4,SemiSwipe,4,11,4417.4,5,1,0,0,4,0.6028,84.62
28,4,SemiSwipe,6,11,2964.5,6,0,0,0,6,0.2255,129.91
28,4,SemiSwipe,2,12,2201.6,3,1,0,1,3,0.4181,207.7
28,4,SemiSwipe,4,12,3779.9,6,2,0,0,4,0.2891,67.89
28,4,SemiSwipe,6,12,3329.0,6,0,0,0,6,0.3158,83.28
28,4,SemiSwipe,2,13,4709.0,2,0,0,0,2,0.278,180.94
28,4,SemiSwipe,4,13,4588.0,5,1,0,0,4,0.409,246.72
28,4,SemiSwipe,6,13,4193.2,7,1,0,0,6,0.5249,101.62
28,4,SemiSwipe,2,14,3845.6,2,0,0,1,3,0.3605,257.04
28,4,SemiSwipe,4,14,5014.2,4,0,0,1,5,0.3504,236.42
28,4,SemiSwipe,6,14,2783.9,6,0,0,0,6,0.5316,161.68
29,0,SemiNDH,2,0,4927.2,2,0,1,1,2,0.0323,119.47
29,0,SemiNDH,4,0,4400.7,4,0,0,0,4,0.6386,103.12
29,0,SemiNDH,6,0,3468.8,7,1,0,0,6,0.5611,217.23
29,0,SemiNDH,2,1,4371.0,2,0,0,1,3,0.4008,225.56
29,0,SemiNDH,4,1,4940.0,5,1,0,0,4,0.4359,246.94
29,0,SemiNDH,6,1,3566.1,6,0,0,0,6,0.4146,126.72
29,0,SemiNDH,2,2,5382.7,2,0,1,0,1,0.1512,130.18
29,0,SemiNDH,4,2,4512.6,4,0,0,0,4,0.1992,85.65
29,0,SemiNDH,6,2,4287.5,7,1,0,0,6,0.4968,219.24
29,0,SemiNDH,2,3,4973.0,2,0,0,0,2,0.345,211.04
29,0,SemiNDH,4,3,5784.3,5,1,0,0,4,0.3103,305.25
29,0,SemiNDH,6,3,4998.7,11,5,0,3,9,0.3419,38.96
29,0,SemiNDH,2,4,4017.9,2,0,0,1,3,0.258,158.87
29,0,SemiNDH,4,4,5513.0,4,0,1,0,3,0.1814,149.07
29,0,SemiNDH,6,4,3493.9,6,0,0,0,6,0.1983,148.44
29,0,SemiNDH,2,5,5167.5,2,0,0,1,3,0.5007,108.43
29,0,SemiNDH,4,5,3567.1,4,0,1,0,3,0.4487,209.92
29,0,SemiNDH,6,5,4376.4,7,1,0,0,6,0.3172,163.89
29,0,SemiNDH,2,6,3930.1,2,0,0,0,2,0.3281,101.46
29,0,SemiNDH,4,6,4875.9,4,0,0,0,4,0.6343,198.26
29,0,SemiNDH,6,6,6242.0,6,0,0,1,7,0.3559,109.68
29,0,SemiNDH,2,7,4113.6,2,0,1,1,2,0.4474,144.33
29,0,SemiNDH,4,7,5089.3,6,2,0,0,4,0.3194,192.63
29,0,SemiNDH,6,7,4977.2,6,0,0,1,7,0.4977,157.6
29,0,SemiNDH,2,8,3795.3,2,0,0,0,2,0.464,139.06
29,0,SemiNDH,4,8,3906.2,5,1,0,1,5,0.4344,132.36
29,0,SemiNDH,6,8,5394.1,6,0,1,0,5,0.3801,93.22
29,0,SemiNDH,2,9,4768.3,2,0,0,1,3,0.3169,128.5
29,0,SemiNDH,4,9,5437.0,4,0,0,1,5,0.3365,61.59
29,0,SemiNDH,6,9,4819.2,6,0,0,0,6,0.4259,182.71
29,0,SemiNDH,2,10,5179.8,2,0,0,0,2,0.3919,126.71
29,0,SemiNDH,4,10,4899.4,6,2,0,0,4,0.0135,202.91
29,0,SemiNDH,6,10,5682.3,6,0,1,0,5,0.2956,192.44
29,0,SemiNDH,2,11,4563.5,3,1,0,0,2,0.3526,227.29
29,0,SemiNDH,4,11,4968.2,4,0,0,0,4,0.5367,156.08
29,0,SemiNDH,6,11,4843.5,7,1,0,0,6,0.1618,82.42
29,0,SemiNDH,2,12,6133.0,2,0,0,1,3,0.3214,167.24
29,0,SemiNDH,4,12,4912.4,4,0,0,0,4,0.4547,97.92
29,0,SemiNDH,6,12,4967.5,6,0,1,0,5,0.2838,119.28
29,0,SemiNDH,2,13,5512.0,3,1,0,0,2,0.3786,182.93
29,0,SemiNDH,4,13,4213.9,5,1,0,0,4,0.373,130.41
29,0,SemiNDH,6,13,5063.0,6,0,0,0,6,0.6074,77.74
29,0,SemiNDH,2,14,4827.2,2,0,0,0,2,0.2957,59.76
29,0,SemiNDH,4,14,5195.6,4,0,0,0,4,0.449,262.12
29,0,SemiNDH,6,14,3892.2,6,0,0,0,6,0.4731,125.46
29,1,SemiDwell,2,0,4163.2,3,1,0,0,2,0.3755,35.36
29,1,SemiDwell,4,0,5086.9,4,0,0,0,4,0.2609,139.77
29,1,SemiDwell,6,0,4755.8,7,1,2,0,4,0.3349,245.1
29,1,SemiDwell,2,1,3992.4,2,0,0,0,2,0.2857,112.53
29,1,SemiDwell,4,1,5084.0,4,0,0,0,4,0.7589,217.13
29,1,SemiDwell,6,1,4902.4,6,0,0,0,6,0.2373,142.05
29,1,SemiDwell,2,2,4890.3,2,0,0,0,2,0.33,168.3
29,1,SemiDwell,4,2,4370.6,4,0,0,0,4,0.0977,186.22
29,1,SemiDwell,6,2,5537.8,6,0,0,0,6,0.1756,155.8
29,1,SemiDwell,2,3,4274.3,2,0,0,1,3,0.5183,140.45
29,1,SemiDwell,4,3,4806.3,4,0,0,0,4,0.3815,153.61
29,1,SemiDwell,6,3,3856.4,9,3,0,0,6,0.2704,182.04
29,1,SemiDwell,2,4,4636.0,2,0,0,0,2,0.5487,160.74
29,1,SemiDwell,4,4,5126.4,4,0,0,0,4,0.3598,101.69
29,1,SemiDwell,6,4,4218.7,6,0,0,0,6,0.354,68.15
29,1,SemiDwell,2,5,4627.0,2,0,0,0,2,0.2036,65.38
29,1,SemiDwell,4,5,5072.7,4,0,0,0,4,0.4027,119.91
29,1,SemiDwell,6,5,4113.4,6,0,0,1,7,0.1236,174.58
29,1,SemiDwell,2,6,4436.9,2,0,0,0,2,0.5115,157.76
29,1,SemiDwell,4,6,4042.8,4,0,0,1,5,0.7796,53.8
29,1,SemiDwell,6,6,5795.7,6,0,0,1,7,0.608,59.63
29,1,SemiDwell,2,7,5081.3,3,1,0,0,2,0.3347,121.54
29,1,SemiDwell,4,7,4604.9,4,0,0,0,4,0.3276,98.39
29,1,SemiDwell,6,7,4878.3,6,0,0,0,6,0.5312,278.13
29,1,SemiDwell,2,8,4914.5,2,0,0,0,2,0.1801,64.31
29,1,SemiDwell,4,8,4933.8,4,0,0,0,4,0.4476,155.4
29,1,SemiDwell,6,8,4108.2,7,1,0,0,6,0.5363,173.55
29,1,SemiDwell,2,9,4396.4,2,0,0,0,2,0.1131,127.94
29,1,SemiDwell,4,9,3602.2,4,0,0,0,4,0.3177,184.28
29,1,SemiDwell,6,9,5351.2,6,0,1,0,5,0.4058,172.55
29,1,SemiDwell,2,10,4765.0,2,0,0,0,2,0.4611,79.06
29,1,SemiDwell,4,10,5228.1,5,1,0,0,4,0.9464,85.54
29,1,SemiDwell,6,10,5033.5,6,0,0,0,6,0.4706,62.01
29,1,SemiDwell,2,11,4268.0,2,0,0,0,2,0.299,269.58
29,1,SemiDwell,4,11,5102.3,5,1,0,0,4,0.2324,149.89
29,1,SemiDwell,6,11,5059.8,6,0,0,1,7,0.4649,169.03
29,1,SemiDwell,2,12,4351.0,2,0,0,0,2,0.2983,204.78
29,1,SemiDwell,4,12,4697.2,4,0,0,1,5,0.4165,163.99
29,1,SemiDwell,6,12,5362.5,6,0,0,0,6,0.5491,214.41
29,1,SemiDwell,2,13,4590.6,2,0,0,0,2,0.4925,188.08
29,1,SemiDwell,4,13,4170.1,5,1,0,0,4,0.3045,112.77
29,1,SemiDwell,6,13,5403.7,6,0,0,0,6,0.3818,84.87
29,1,SemiDwell,2,14,4339.6,2,0,0,0,2,0.2461,123.96
29,1,SemiDwell,4,14,5178.2,4,0,0,0,4,0.2512,144.37
29,1,SemiDwell,6,14,4075.2,7,1,0,1,7,0.333,219.1
29,2,FullDH,2,0,5218.9,2,0,0,0,2,0.2174,211.19
29,2,FullDH,4,0,4066.5,4,0,0,0,4,0.3539,172.36
29,2,FullDH,6,0,4896.9,6,0,0,1,7,0.3817,244.14
29,2,FullDH,2,1,4635.9,2,0,0,0,2,0.3451,189.63
29,2,FullDH,4,1,4889.7,6,2,0,0,4,0.2875,186.25
29,2,FullDH,6,1,3741.4,6,0,0,0,6,0.6399,149.36
29,2,FullDH,2,2,5218.2,3,1,0,0,2,0.3572,44.29
29,2,FullDH,4,2,4306.7,4,0,1,0,3,0.3586,234.06
29,2,FullDH,6,2,4445.8,6,0,0,0,6,0.4877,156.88
29,2,FullDH,2,3,3934.4,2,0,0,0,2,0.5011,97.22
29,2,FullDH,4,3,5279.3,4,0,0,1,5,0.6354,127.77
29,2,FullDH,6,3,5636.7,7,1,0,0,6,0.5315,45.17
29,2,FullDH,2,4,5758.8,2,0,1,0,1,0.5125,113.7
29,2,FullDH,4,4,5374.9,6,2,0,0,4,0.6609,130.03
29,2,FullDH,6,4,4580.3,7,1,0,0,6,0.3199,79.89
29,2,FullDH,2,5,4370.0,2,0,1,0,1,0.2634,130.63
29,2,FullDH,4,5,4812.2,5,1,0,0,4,0.6578,173.37
29,2,FullDH,6,5,6358.5,6,0,1,0,5,0.3654,106.9
29,2,FullDH,2,6,4598.3,2,0,0,0,2,0.387,60.12
29,2,FullDH,4,6,4377.7,5,1,0,0,4,0.6056,103.7
29,2,FullDH,6,6,5479.5,6,0,0,0,6,0.5348,125.01
29,2,FullDH,2,7,3735.9,2,0,0,1,3,0.4933,175.47
29,2,FullDH,4,7,4351.1,4,0,0,0,4,0.2983,84.6
29,2,FullDH,6,7,4427.6,6,0,0,0,6,0.2466,211.25
29,2,FullDH,2,8,4604.5,2,0,0,0,2,0.6244,127.04
29,2,FullDH,4,8,4594.7,4,0,0,0,4,0.5005,209.29
29,2,FullDH,6,8,4674.2,6,0,1,0,5,0.1435,66.06
29,2,FullDH,2,9,3705.0,5,3,0,1,3,0.512,181.48
29,2,FullDH,4,9,5246.8,4,0,1,0,3,0.261,153.26
29,2,FullDH,6,9,6778.4,6,0,0,0,6,0.5015,156.64
29,2,FullDH,2,10,4459.7,2,0,0,0,2,0.4962,124.77
29,2,FullDH,4,10,5131.0,4,0,0,1,5,0.4604,242.59
29,2,FullDH,6,10,5440.7,6,0,0,0,6,0.1739,49.77
29,2,FullDH,2,11,4925.0,2,0,0,0,2,0.3462,128.23
29,2,FullDH,4,11,4093.8,5,1,0,0,4,0.527,130.48
29,2,FullDH,6,11,4286.5,6,0,0,0,6,0.4961,215.73
29,2,FullDH,2,12,4605.8,2,0,1,0,1,0.3012,111.39
29,2,FullDH,4,12,5565.4,4,0,0,1,5,0.3101,105.08
29,2,FullDH,6,12,4749.5,6,0,0,0,6,0.4547,241.83
29,2,FullDH,2,13,3582.3,2,0,0,0,2,0.3354,210.58
29,2,FullDH,4,13,4653.6,4,0,0,0,4,0.2928,132.16
29,2,FullDH,6,13,4790.3,7,1,0,0,6,0.3365,163.32
29,2,FullDH,2,14,5003.5,2,0,0,1,3,0.3962,88.79
29,2,FullDH,4,14,4259.5,4,0,0,0,4,0.4918,109.81
29,2,FullDH,6,14,5161.8,6,0,1,0,5,0.6558,36.24
29,3,SemiSwipe,2,0,5273.6,3,1,0,0,2,0.2642,175.14
29,3,SemiSwipe,4,0,4430.3,4,0,0,1,5,0.4028,232.77
29,3,SemiSwipe,6,0,4672.0,6,0,0,0,6,0.1204,101.43
29,3,SemiSwipe,2,1,5368.2,2,0,0,1,3,0.4153,212.49
29,3,SemiSwipe,4,1,4269.3,5,1,0,1,5,0.5323,133.67
29,3,SemiSwipe,6,1,5028.8,6,0,0,0,6,0.2,84.53
29,3,SemiSwipe,2,2,4113.2,2,0,0,0,2,0.2542,135.87
29,3,SemiSwipe,4,2,4840.1,4,0,0,0,4,0.7158,187.29
29,3,SemiSwipe,6,2,4382.3,6,0,0,0,6,0.4617,104.16
29,3,SemiSwipe,2,3,4992.3,2,0,0,1,3,0.2702,149.34
29,3,SemiSwipe,4,3,3846.2,5,1,0,0,4,0.457,105.58
29,3,SemiSwipe,6,3,3184.0,7,1,1,1,6,0.3584,15.57
29,3,SemiSwipe,2,4,4290.8,2,0,0,0,2,0.262,153.9
29,3,SemiSwipe,4,4,5456.4,4,0,1,0,3,0.4979,114.26
29,3,SemiSwipe,6,4,4147.5,7,1,0,0,6,0.1245,145.48
29,3,SemiSwipe,2,5,4638.3,2,0,0,0,2,0.3243,93.04
29,3,SemiSwipe,4,5,3545.7,4,0,0,0,4,0.4484,65.23
29,3,SemiSwipe,6,5,3673.5,6,0,2,0,4,0.5122,206.94
29,3,SemiSwipe,2,6,5333.6,2,0,0,0,2,0.1877,39.66
29,3,SemiSwipe,4,6,5820.7,5,1,0,1,5,0.3022,250.7
29,3,SemiSwipe,6,6,4899.4,6,0,0,1,7,0.4338,168.77
29,3,SemiSwipe,2,7,4760.2,4,2,0,1,3,0.3657,42.1
29,3,SemiSwipe,4,7,4516.7,6,2,0,1,5,0.8735,139.55
29,3,SemiSwipe,6,7,4206.6,7,1,0,1,7,0.5762,152.27
29,3,SemiSwipe,2,8,3829.9,2,0,0,0,2,0.3504,179.07
29,3,SemiSwipe,4,8,4776.2,4,0,0,0,4,0.3527,144.53
29,3,SemiSwipe,6,8,4593.4,6,0,0,0,6,0.5571,63.22
29,3,SemiSwipe,2,9,4557.7,2,0,0,0,2,0.3048,15.45
29,3,SemiSwipe,4,9,5349.3,5,1,0,0,4,0.0903,194.49
29,3,SemiSwipe,6,9,5526.0,6,0,0,0,6,0.221,173.16
29,3,SemiSwipe,2,10,4590.0,2,0,0,0,2,0.2626,75.93
29,3,SemiSwipe,4,10,4947.8,5,1,0,0,4,0.3774,73.96
29,3,SemiSwipe,6,10,4095.6,7,1,0,0,6,0.3942,60.48
29,3,SemiSwipe,2,11,5429.4,2,0,0,0,2,0.375,183.34
29,3,SemiSwipe,4,11,4837.2,5,1,0,0,4,0.3019,194.27
29,3,SemiSwipe,6,11,3538.5,7,1,0,0,6,0.3241,235.32
29,3,SemiSwipe,2,12,4766.8,2,0,0,0,2,0.2879,71.38
29,3,SemiSwipe,4,12,4247.4,5,1,0,0,4,0.4389,147.24
29,3,SemiSwipe,6,12,4987.9,6,0,1,0,5,0.7338,230.42
29,3,SemiSwipe,2,13,5001.1,2,0,0,0,2,0.7148,145.54
29,3,SemiSwipe,4,13,4228.8,4,0,0,0,4,0.131,233.32
29,3,SemiSwipe,6,13,5409.9,6,0,0,0,6,0.3558,221.7
29,3,SemiSwipe,2,14,4683.7,2,0,0,1,3,0.4865,61.54
29,3,SemiSwipe,4,14,3272.6,4,0,0,0,4,0.4039,257.84
29,3,SemiSwipe,6,14,4141.4,6,0,0,0,6,0.6029,198.0
29,4,SemiTilt,2,0,5290.8,2,0,0,1,3,0.1127,190.54
29,4,SemiTilt,4,0,4246.7,4,0,0,1,5,0.6518,142.35
29,4,SemiTilt,6,0,4863.8,7,1,1,1,6,0.4702,87.75
29,4,SemiTilt,2,1,4810.0,2,0,0,0,2,0.5095,176.8
29,4,SemiTilt,4,1,5290.1,5,1,1,0,3,0.6928,163.53
29,4,SemiTilt,6,1,4248.0,6,0,0,0,6,0.3641,48.7
29,4,SemiTilt,2,2,4804.5,2,0,0,0,2,0.3161,52.67
29,4,SemiTilt,4,2,4014.7,5,1,0,0,4,0.4573,179.42
29,4,SemiTilt,6,2,6003.6,6,0,0,1,7,0.2905,78.38
29,4,SemiTilt,2,3,5630.5,2,0,0,0,2,0.5503,194.36
29,4,SemiTilt,4,3,4727.8,4,0,0,0,4,0.4084,149.82
29,4,SemiTilt,6,3,5176.4,7,1,1,0,5,0.1286,214.7
29,4,SemiTilt,2,4,5259.8,2,0,0,0,2,0.5845,76.33
29,4,SemiTilt,4,4,4607.7,4,0,0,0,4,0.3196,176.29
29,4,SemiTilt,6,4,5097.9,7,1,0,0,6,0.5474,87.61
29,4,SemiTilt,2,5,4502.1,2,0,0,1,3,0.3816,123.43
29,4,SemiTilt,4,5,4742.7,4,0,1,0,3,0.193,151.1
29,4,SemiTilt,6,5,5598.6,6,0,0,0,6,0.1489,110.17
29,4,SemiTilt,2,6,5060.4,2,0,0,1,3,0.7279,67.88
29,4,SemiTilt,4,6,4229.3,4,0,0,0,4,0.6277,12.11
29,4,SemiTilt,6,6,5524.0,6,0,0,1,7,0.3891,129.16
29,4,SemiTilt,2,7,4464.8,2,0,0,0,2,0.3331,208.0
29,4,SemiTilt,4,7,5093.6,4,0,1,0,3,0.5002,151.12
29,4,SemiTilt,6,7,4794.8,6,0,0,1,7,0.1386,68.82
29,4,SemiTilt,2,8,4554.2,2,0,0,0,2,0.2751,75.71
29,4,SemiTilt,4,8,4805.4,4,0,0,0,4,0.3067,88.09
29,4,SemiTilt,6,8,3856.5,7,1,0,0,6,0.3752,148.52
29,4,SemiTilt,2,9,4989.9,2,0,1,0,1,0.4235,140.55
29,4,SemiTilt,4,9,4677.0,4,0,0,1,5,0.3194,173.51
29,4,SemiTilt,6,9,5422.1,6,0,0,1,7,0.4355,150.86
29,4,SemiTilt,2,10,4233.3,2,0,0,0,2,0.2286,298.51
29,4,SemiTilt,4,10,5215.4,4,0,0,0,4,0.321,308.6
29,4,SemiTilt,6,10,5087.3,6,0,1,0,5,0.6277,256.15
29,4,SemiTilt,2,11,5754.9,2,0,0,0,2,0.2144,162.1
29,4,SemiTilt,4,11,4752.8,4,0,0,0,4,0.6649,165.56
29,4,SemiTilt,6,11,4792.2,6,0,0,0,6,0.3607,232.41
29,4,SemiTilt,2,12,4876.9,3,1,0,0,2,0.2315,150.65
29,4,SemiTilt,4,12,6056.9,4,0,0,0,4,0.1747,160.51
29,4,SemiTilt,6,12,5383.6,7,1,0,0,6,0.2957,110.87
29,4,SemiTilt,2,13,4451.6,3,1,0,0,2,0.4347,147.08
29,4,SemiTilt,4,13,5144.6,4,0,1,0,3,0.1837,58.75
29,4,SemiTilt,6,13,4799.0,7,1,0,1,7,0.4065,41.72
29,4,SemiTilt,2,14,3956.5,2,0,0,1,3,0.0166,41.27
29,4,SemiTilt,4,14,3430.1,6,2,0,2,6,0.2142,158.22
29,4,SemiTilt,6,14,4510.9,6,0,1,0,5,0.4396,111.92
